half,band,n,wr,gross_exp,net_exp,pf
FULL,<20,6462,0.3635,0.0905,0.0177,1.0259
FULL,20-29.9,17469,0.3661,0.0984,0.0251,1.0368
FULL,30-39.9,14562,0.3407,0.0222,-0.0481,0.9319
FULL,40-49.9,3790,0.352,0.0559,-0.0128,0.9815
FULL,50-59.9,349,0.3782,0.1347,0.0643,1.0966
FULL,60+,18,0.2778,-0.1667,-0.2329,0.6974
H1,<20,3425,0.3839,0.1518,0.0807,1.1221
H1,20-29.9,9053,0.3741,0.1224,0.0491,1.073
H1,30-39.9,7422,0.3426,0.0279,-0.0422,0.94
H1,40-49.9,1965,0.3262,-0.0214,-0.0898,0.8753
H1,50-59.9,164,0.378,0.1341,0.0627,1.0941
H1,60+,9,0.1111,-0.6667,-0.7367,0.2264
H2,<20,3037,0.3405,0.0214,-0.0533,0.9249
H2,20-29.9,8416,0.3575,0.0726,-0.0007,0.999
H2,30-39.9,7140,0.3388,0.0164,-0.0542,0.9235
H2,40-49.9,1825,0.3797,0.1392,0.0701,1.1057
H2,50-59.9,185,0.3784,0.1351,0.0657,1.0989
H2,60+,9,0.4444,0.3333,0.2708,1.4611
