factor,n_present,n_absent,mean_runtime_weight,exp_present,exp_absent,wr_present,wr_absent,pf_present,pf_absent,delta_exp,delta_wr_pp,weight_sign,observed_sign,match,classification
Market Structure,32179,10471,1.7843,-0.0504,0.1379,0.34,0.4047,0.9287,1.2146,-0.1883,-6.47,+,-,False,INVERTED
Order Block,2881,39769,2.0,-0.1213,0.0043,0.3166,0.3587,0.8343,1.0063,-0.1256,-4.21,+,-,False,INVERTED
Fair Value Gap,782,41868,1.9246,-0.2389,0.0002,0.2724,0.3574,0.6892,1.0003,-0.2391,-8.5,+,-,False,INVERTED
Premium/Discount & Fib,10619,32031,2.0,0.0179,-0.0115,0.3636,0.3533,1.0261,0.9834,0.0294,1.03,+,+,True,ALIGNED
Session Quality,34432,8218,1.5,-0.0035,-0.007,0.3562,0.3547,0.9949,0.9899,0.0035,0.15,+,+,True,NEUTRAL
Judas Swing,7223,35427,0.5866,0.0756,-0.0205,0.3827,0.3504,1.1141,0.9706,0.0961,3.23,+,+,True,ALIGNED
PD/PW Levels,41983,667,1.5,-0.0062,0.1218,0.3552,0.3973,0.9911,1.1879,-0.128,-4.21,+,-,False,INVERTED
Reversal Candle,8327,34323,0.1328,0.0129,-0.0083,0.3605,0.3547,1.0188,0.988,0.0212,0.58,+,+,True,ALIGNED
Liquidity Sweep,25012,17638,1.5,-0.0023,-0.0069,0.3565,0.355,0.9967,0.9901,0.0046,0.15,+,+,True,NEUTRAL
Displacement,6692,35958,-0.1672,0.0075,-0.0064,0.36,0.3551,1.011,0.9908,0.0139,0.49,-,+,False,NEUTRAL
Breaker Block,14780,27870,0.9614,0.0073,-0.0103,0.3593,0.3541,1.0106,0.9852,0.0176,0.52,+,+,True,NEUTRAL
Unicorn Model,570,42080,1.5,-0.0891,-0.003,0.3281,0.3563,0.8767,0.9956,-0.0861,-2.82,+,-,False,INVERTED
SMT Divergence,0,42650,,,,,,,,,,,,,INSUFFICIENT_SAMPLE
Volume Profile,31127,11523,0.75,-0.0099,0.0113,0.3545,0.3596,0.9857,1.0165,-0.0212,-0.51,+,-,False,INVERTED
AMD Phase,15630,27020,0.2612,0.0302,-0.0241,0.3673,0.3493,1.0446,0.9655,0.0543,1.8,+,+,True,ALIGNED
Currency Strength,0,42650,,,,,,,,,,,,,INSUFFICIENT_SAMPLE
Daily Bias,37221,5429,0.7908,-0.0046,-0.0011,0.3558,0.3564,0.9933,0.9984,-0.0035,-0.06,+,-,False,NEUTRAL
Confluence Stack,35922,6728,0.4671,-0.011,0.0321,0.3535,0.3688,0.9842,1.0473,-0.0431,-1.53,+,-,False,INVERTED
Pullback Health,12040,30610,0.5,-0.0786,0.0251,0.3301,0.366,0.8902,1.0368,-0.1037,-3.59,+,-,False,INVERTED
HTF POI Alignment,0,42650,,,,,,,,,,,,,INSUFFICIENT_SAMPLE
HTF Fib + PD + Liquidity,0,42650,,,,,,,,,,,,,INSUFFICIENT_SAMPLE
GP Key Level Alignment,0,42650,,,,,,,,,,,,,INSUFFICIENT_SAMPLE
Session Affinity,0,42650,,,,,,,,,,,,,INSUFFICIENT_SAMPLE
Power of 3 Combo,7408,35242,1.0,-0.0213,-0.0006,0.3496,0.3572,0.9694,0.9992,-0.0207,-0.76,+,-,False,INVERTED
Regime Alignment,0,42650,,,,,,,,,,,,,INSUFFICIENT_SAMPLE
Spread Quality,0,42650,,,,,,,,,,,,,INSUFFICIENT_SAMPLE
GP Bias Confidence,0,42650,,,,,,,,,,,,,INSUFFICIENT_SAMPLE
