factor,n_present_total,pct_present,dexp_H1,n_present_H1,dexp_H2,n_present_H2,time_class,dexp_EURUSD,dexp_GBPUSD,dexp_USDJPY,symbol_stability,overall
Market Structure,32179,75.45,-0.3905,16312,0.0483,15867,FLIPS_ACROSS_TIME,-0.5944798008257861,-0.6115574767261698,0.2684368677490017,SYMBOL_DEPENDENT,NOISE / UNSTABLE
Order Block,2881,6.75,-0.2125,1582,-0.0232,1299,STABLE_NEGATIVE,-0.1675776582033663,-0.14464349345609168,0.006135283641123257,SYMBOL_DEPENDENT,NOISE / UNSTABLE
Fair Value Gap,490,1.15,-0.3855,336,0.2056,154,FLIPS_ACROSS_TIME,,,,INSUFFICIENT,INSUFFICIENT_SAMPLE
Premium/Discount & Fib,10619,24.9,0.196,5239,-0.1361,5380,FLIPS_ACROSS_TIME,0.26325249142704815,0.1788774320337202,-0.09099764135128807,SYMBOL_DEPENDENT,NOISE / UNSTABLE
Session Quality,34432,80.73,-0.0508,17673,0.0652,16759,FLIPS_ACROSS_TIME,0.07015110491336074,0.22152624381571712,0.03762096677643134,STABLE,NOISE / UNSTABLE
Judas Swing,7223,16.94,0.0952,3591,0.0985,3632,STABLE_POSITIVE,0.21365259486999771,0.39132325216244307,-0.19467130771973767,SYMBOL_DEPENDENT,NOISE / UNSTABLE
PD/PW Levels,41983,98.44,0.3459,21654,-0.7644,20329,FLIPS_ACROSS_TIME,,,,INSUFFICIENT,INSUFFICIENT_SAMPLE
Reversal Candle,8327,19.52,0.0196,4389,0.0221,3938,WEAK_SAME_SIGN,0.10905577695398161,0.07347963581487715,-0.12619669977538028,SYMBOL_DEPENDENT,NOISE / UNSTABLE
Liquidity Sweep,25012,58.64,0.1138,12675,-0.1127,12337,FLIPS_ACROSS_TIME,0.11135221131272749,0.17276421809078185,-0.01605383536398669,SYMBOL_DEPENDENT,NOISE / UNSTABLE
Displacement,6692,15.69,-0.0797,3601,0.1195,3091,FLIPS_ACROSS_TIME,-0.20144524128701208,-0.021801940459394764,0.09180864828350876,SYMBOL_DEPENDENT,NOISE / UNSTABLE
Breaker Block,14780,34.65,0.032,7616,0.0023,7164,WEAK_SAME_SIGN,0.02015271672259894,0.12755725781353766,-0.1418982579505887,SYMBOL_DEPENDENT,NOISE / UNSTABLE
Unicorn Model,570,1.34,-0.1731,374,0.0659,196,FLIPS_ACROSS_TIME,,,,INSUFFICIENT,INSUFFICIENT_SAMPLE
SMT Divergence,0,0.0,,0,,0,INSUFFICIENT_SAMPLE,,,,INSUFFICIENT,INSUFFICIENT_SAMPLE
Volume Profile,31498,73.85,0.0011,16168,-0.1054,15330,FLIPS_ACROSS_TIME,0.04641965977653434,0.31130207894021344,-0.4387183977148526,SYMBOL_DEPENDENT,NOISE / UNSTABLE
AMD Phase,15630,36.65,0.0882,8075,0.0182,7555,WEAK_SAME_SIGN,0.11289399835400304,0.26744608389196145,-0.09326007668688291,SYMBOL_DEPENDENT,NOISE / UNSTABLE
Currency Strength,0,0.0,,0,,0,INSUFFICIENT_SAMPLE,,,,INSUFFICIENT,INSUFFICIENT_SAMPLE
Daily Bias,37221,87.27,-0.0014,19280,-0.0064,17941,WEAK_SAME_SIGN,-0.10442911089198104,0.24841249910443797,-0.08776296398203298,SYMBOL_DEPENDENT,NOISE / UNSTABLE
Confluence Stack,35922,84.23,-0.3343,19018,0.2017,16904,FLIPS_ACROSS_TIME,-0.31117971461944904,-0.8009244947204202,0.5261132566193608,SYMBOL_DEPENDENT,NOISE / UNSTABLE
Pullback Health,12040,28.23,-0.2078,6031,0.0047,6009,FLIPS_ACROSS_TIME,-0.27797781527155696,-0.35932535522151027,0.044262064324392,SYMBOL_DEPENDENT,NOISE / UNSTABLE
HTF POI Alignment,32601,76.44,-0.1056,17370,0.195,15231,FLIPS_ACROSS_TIME,0.6518507985314523,-0.45955286488464714,0.17219354716828578,SYMBOL_DEPENDENT,NOISE / UNSTABLE
HTF Fib + PD + Liquidity,32167,75.42,-0.0174,16248,-0.0212,15919,WEAK_SAME_SIGN,-0.33838786130786586,-0.013218274843760702,-0.18181245344745134,STABLE,CONTEXT_DEPENDENT
GP Key Level Alignment,0,0.0,,0,,0,INSUFFICIENT_SAMPLE,,,,INSUFFICIENT,INSUFFICIENT_SAMPLE
Session Affinity,38134,89.41,0.2649,19625,0.0712,18509,STABLE_POSITIVE,-0.026629552412346214,0.10532858873071516,-0.24517356588162958,SYMBOL_DEPENDENT,NOISE / UNSTABLE
Power of 3 Combo,7408,17.37,0.0028,3550,-0.0404,3858,FLIPS_ACROSS_TIME,-0.2056220238080932,0.08641847978482853,0.023808769037987065,SYMBOL_DEPENDENT,NOISE / UNSTABLE
Regime Alignment,0,0.0,,0,,0,INSUFFICIENT_SAMPLE,,,,INSUFFICIENT,INSUFFICIENT_SAMPLE
Spread Quality,0,0.0,,0,,0,INSUFFICIENT_SAMPLE,,,,INSUFFICIENT,INSUFFICIENT_SAMPLE
GP Bias Confidence,0,0.0,,0,,0,INSUFFICIENT_SAMPLE,,,,INSUFFICIENT,INSUFFICIENT_SAMPLE
