factor,n_present,pct
Market Structure,32179,75.45
Order Block,2881,6.75
Fair Value Gap,490,1.15
Premium/Discount & Fib,10619,24.9
Session Quality,34432,80.73
Judas Swing,7223,16.94
PD/PW Levels,41983,98.44
Reversal Candle,8327,19.52
Liquidity Sweep,25012,58.64
Displacement,6692,15.69
Breaker Block,14780,34.65
Unicorn Model,570,1.34
SMT Divergence,0,0.0
Volume Profile,31498,73.85
AMD Phase,15630,36.65
Currency Strength,0,0.0
Daily Bias,37221,87.27
Confluence Stack,35922,84.23
Pullback Health,12040,28.23
HTF POI Alignment,32601,76.44
HTF Fib + PD + Liquidity,32167,75.42
GP Key Level Alignment,0,0.0
Session Affinity,38134,89.41
Power of 3 Combo,7408,17.37
Regime Alignment,0,0.0
Spread Quality,0,0.0
GP Bias Confidence,0,0.0
