avgL,avgW,displacementCandles,gross_exp,maxDD,n,netR,net_exp,pf,wr
-1.1157,1.8963,0,-0.1569,4194.27,15389,-4142.47,-0.2692,0.6644,0.281
-1.095,1.9115,1,0.0154,1481.34,11889,-919.94,-0.0774,0.8932,0.3385
-1.1115,1.919,2,-0.0142,807.85,4562,-527.92,-0.1157,0.8449,0.3286
-1.0956,1.9308,3,-0.0712,648.42,1728,-274.07,-0.1586,0.7903,0.3096
-1.085,1.9189,4,-0.3425,567.71,908,-387.37,-0.4266,0.4964,0.2192
-1.0871,1.9475,5,0.3049,50.41,246,57.27,0.2328,1.379,0.435
-1.0976,1.908,6,-0.5665,132.33,173,-114.74,-0.6633,0.2936,0.1445
-1.1416,1.9007,7,-0.4733,90.01,131,-79.58,-0.6075,0.3546,0.1756
-1.0332,0,8,-1.0,15.5,15,-15.5,-1.0332,0.0,0.0
-1.0715,1.8485,9,-0.7,38.98,50,-38.98,-0.7795,0.1917,0.1
-1.14,1.825,11,0.0,2.28,3,-0.46,-0.1517,0.8004,0.3333
-1.0459,0,12,-1.0,53.34,51,-53.34,-1.0459,0.0,0.0
0,1.95,14,2.0,0,1,1.95,1.95,,1.0
