avgL,avgW,cohort,gross_exp,maxDD,n,netR,net_exp,pf,wr
-1.1062,1.9079,ALL,-0.0822,6867.68,35187,-6476.67,-0.1841,0.7603,0.3059
-1.1157,1.8963,LOW(0),-0.1569,4194.27,15389,-4142.47,-0.2692,0.6644,0.281
-1.0983,1.9156,HIGH(>=1),-0.0253,2850.5,19757,-2352.67,-0.1191,0.8394,0.3249
-1.1205,1.8951,H1 LOW,-0.1925,2505.7,6788,-2096.37,-0.3088,0.6229,0.2692
-1.0897,1.9181,H1 HIGH,-0.0599,1492.1,10119,-1489.09,-0.1472,0.8033,0.3134
-1.1118,1.8972,H2 LOW,-0.1287,2127.0,8601,-2046.1,-0.2379,0.6985,0.2904
-1.1076,1.9131,H2 HIGH,0.011,1607.57,9638,-863.58,-0.0896,0.878,0.337
-1.05,1.95,EUR/USD LOW,-0.1496,532.65,1958,-390.87,-0.1996,0.7347,0.2835
-1.05,1.9534,EUR/USD HIGH,0.5747,181.05,1808,951.82,0.5264,2.0553,0.5249
-1.06,1.94,GBP/USD LOW,0.5156,213.8,1540,701.61,0.4556,1.8686,0.5052
-1.0593,1.9438,GBP/USD HIGH,0.2049,322.8,2714,398.46,0.1468,1.2316,0.4016
-1.0437,1.9564,USD/JPY LOW,-0.2217,496.65,1380,-366.31,-0.2654,0.6566,0.2594
-1.0432,1.9662,USD/JPY HIGH,-0.0664,803.93,2320,-247.44,-0.1067,0.8516,0.3112
-1.1391,1.864,CHF/JPY LOW,-0.1669,884.01,1959,-597.73,-0.3051,0.6291,0.2777
-1.1212,1.8771,CHF/JPY HIGH,0.0466,487.71,1909,-143.56,-0.0752,0.897,0.3489
-1.175,1.8299,NZD/CAD LOW,0.132,387.95,1402,-57.78,-0.0412,0.9437,0.3773
-1.1713,1.8261,NZD/CAD HIGH,-0.2962,1106.21,2289,-1071.43,-0.4681,0.4779,0.2346
-1.21,1.79,NZD/CHF LOW,-0.5424,1800.53,2393,-1800.53,-0.7524,0.2663,0.1525
-1.21,1.79,NZD/CHF HIGH,-0.1021,728.5,1901,-593.21,-0.3121,0.6319,0.2993
-1.1451,1.8346,BTC/USD LOW,-0.3993,1413.33,2577,-1413.33,-0.5484,0.4011,0.2002
-1.1285,1.886,BTC/USD HIGH,-0.2907,1470.56,3299,-1371.71,-0.4158,0.5175,0.2364
-1.0301,1.9525,ETH/USD LOW,-0.0642,260.07,2180,-217.53,-0.0998,0.8592,0.3119
-1.0201,1.9746,ETH/USD HIGH,-0.0566,467.84,3517,-275.61,-0.0784,0.8879,0.3145
