avgL,avgW,gross_exp,group,horizon,maxDD,n,netR,net_exp,pf,wr
-1.094,1.8932,-0.0826,disp=0,CONTROL,92.44,484,-87.4,-0.1806,0.7622,0.3058
-0.588,0.7619,-0.0294,disp=0,2h,114.12,825,-111.18,-0.1348,0.655,0.3358
-0.7397,0.8984,-0.0344,disp=0,4h,95.59,677,-94.52,-0.1396,0.7021,0.3663
-0.8026,1.0932,-0.0616,disp=0,6h,102.97,610,-100.98,-0.1655,0.6894,0.3361
-0.8529,1.1909,-0.0548,disp=0,8h,96.25,589,-93.61,-0.1589,0.7179,0.3396
-0.9179,1.3164,-0.0698,disp=0,12h,96.47,548,-94.13,-0.1718,0.719,0.3339
-1.0023,1.4993,-0.0795,disp=0,24h,95.49,511,-91.92,-0.1799,0.7326,0.3288
-1.0993,1.9175,-0.1021,disp>=1,CONTROL,146.56,715,-140.39,-0.1963,0.7451,0.2993
-0.6177,0.707,-0.043,disp>=1,2h,184.22,1379,-184.17,-0.1336,0.6592,0.3655
-0.7608,0.9036,-0.0693,disp>=1,4h,185.73,1132,-183.82,-0.1624,0.6668,0.3595
-0.8492,1.0583,-0.0605,disp>=1,6h,161.41,1010,-157.63,-0.1561,0.7113,0.3634
-0.8824,1.1045,-0.0772,disp>=1,8h,162.38,933,-159.65,-0.1711,0.6979,0.358
-0.9179,1.3412,-0.0796,disp>=1,12h,150.06,850,-147.67,-0.1737,0.7178,0.3294
-1.0232,1.5475,-0.0781,disp>=1,24h,136.8,771,-133.33,-0.1729,0.7475,0.3307
-1.0956,1.9074,-0.0875,ALL,CONTROL,194.29,1052,-191.61,-0.1821,0.7611,0.3042
-0.6017,0.7322,-0.0321,ALL,2h,279.33,2162,-276.39,-0.1278,0.6705,0.3552
-0.7526,0.9086,-0.0482,ALL,4h,256.21,1751,-254.63,-0.1454,0.6955,0.3655
-0.8316,1.0725,-0.0499,ALL,6h,235.83,1555,-230.59,-0.1483,0.7219,0.3588
-0.8718,1.1422,-0.063,ALL,8h,234.87,1441,-231.09,-0.1604,0.7156,0.3532
-0.9187,1.3343,-0.0705,ALL,12h,222.91,1311,-219.84,-0.1677,0.7262,0.3333
-1.0176,1.5505,-0.0736,ALL,24h,201.04,1172,-198.79,-0.1696,0.7511,0.3302
