arm,control_outcome,new_outcome,n,pct_of_control_cohort
A_4H,TP,TIME_4H,7885,76.46
A_4H,TP,TP,2428,23.54
A_4H,SL,SL,9041,37.5
A_4H,SL,TIME_4H,15068,62.5
A_4H,OPEN,TIME_4H,617,100.0
B_BE,TP,BE,1990,19.3
B_BE,TP,TP,8270,80.19
B_BE,TP,AMBIGUOUS,53,0.51
B_BE,SL,SL,18406,76.34
B_BE,SL,BE,5595,23.21
B_BE,SL,AMBIGUOUS,108,0.45
B_BE,OPEN,OPEN,237,38.41
B_BE,OPEN,BE,380,61.59
C_TRAIL,TP,TRAIL,3653,35.42
C_TRAIL,TP,TP,6363,61.7
C_TRAIL,TP,AMBIGUOUS,297,2.88
C_TRAIL,SL,SL,18406,76.34
C_TRAIL,SL,TRAIL,5595,23.21
C_TRAIL,SL,AMBIGUOUS,108,0.45
C_TRAIL,OPEN,TRAIL,532,86.22
C_TRAIL,OPEN,OPEN,85,13.78
D_PARTIAL,TP,TP,10313,100.0
D_PARTIAL,SL,SL,18406,76.34
D_PARTIAL,SL,PARTIAL_SL,5595,23.21
D_PARTIAL,SL,AMBIGUOUS,108,0.45
D_PARTIAL,OPEN,OPEN,617,100.0
E_PART_BE,TP,PARTIAL_BE,1990,19.3
E_PART_BE,TP,TP,8270,80.19
E_PART_BE,TP,AMBIGUOUS,53,0.51
E_PART_BE,SL,SL,18406,76.34
E_PART_BE,SL,PARTIAL_BE,5595,23.21
E_PART_BE,SL,AMBIGUOUS,108,0.45
E_PART_BE,OPEN,OPEN,237,38.41
E_PART_BE,OPEN,PARTIAL_BE,380,61.59
F_4H_BE,TP,TIME_4H,7602,73.71
F_4H_BE,TP,TP,2159,20.93
F_4H_BE,TP,BE,549,5.32
F_4H_BE,TP,AMBIGUOUS,3,0.03
F_4H_BE,SL,SL,7987,33.13
F_4H_BE,SL,TIME_4H,14618,60.63
F_4H_BE,SL,BE,1444,5.99
F_4H_BE,SL,AMBIGUOUS,60,0.25
F_4H_BE,OPEN,TIME_4H,617,100.0
G_ALL,TP,TIME_4H,7602,73.71
G_ALL,TP,TP,2159,20.93
G_ALL,TP,PARTIAL_BE,549,5.32
G_ALL,TP,AMBIGUOUS,3,0.03
G_ALL,SL,SL,7987,33.13
G_ALL,SL,TIME_4H,14618,60.63
G_ALL,SL,PARTIAL_BE,1444,5.99
G_ALL,SL,AMBIGUOUS,60,0.25
G_ALL,OPEN,TIME_4H,617,100.0
