ambiguous,arm,avgL,avgW,cohort,gross_exp,maxDD,medianR,median_hold_min,n,netR,net_exp,pf,worst,wr
148,CONTROL,-1.1054,1.9113,ALL,-0.1012,7354.79,-1.05,531.0,34422,-6939.46,-0.2016,0.7396,-1.21,0.2996
61,CONTROL,-1.1014,1.9105,H1,-0.1112,3569.22,-1.044,530,16728,-3496.98,-0.209,0.7303,-1.21,0.2963
87,CONTROL,-1.1093,1.912,H2,-0.0917,3878.56,-1.05,532,17694,-3442.48,-0.1946,0.7485,-1.21,0.3028
0,CONTROL,-1.1169,1.9053,FX,-0.0539,4465.26,-1.05,913,23023,-3770.7,-0.1638,0.7858,-1.21,0.3154
148,CONTROL,-1.0837,1.9256,CRYPTO,-0.1968,3200.07,-1.0054,86,11399,-3168.76,-0.278,0.6497,-1.1867,0.2677
72,CONTROL,-1.1144,1.8992,disp=0,-0.1665,4236.24,-1.05,522,15071,-4176.95,-0.2772,0.6556,-1.21,0.2778
76,CONTROL,-1.098,1.9194,disp>=1,-0.0515,3300.38,-1.044,536.0,19310,-2780.99,-0.144,0.8082,-1.21,0.3162
0,CONTROL,-1.05,1.9521,EUR/USD,0.2011,543.6,-1.05,823,3779,574.29,0.152,1.2414,-1.05,0.4004
0,CONTROL,-1.0596,1.9415,GBP/USD,0.2952,372.11,-1.06,848.0,4190,989.42,0.2361,1.3922,-1.06,0.4317
0,CONTROL,-1.0434,1.9618,USD/JPY,-0.1376,1140.24,-1.044,1161.5,3684,-661.35,-0.1795,0.7585,-1.044,0.2875
0,CONTROL,-1.1307,1.8712,CHF/JPY,-0.0615,1346.71,-1.14,491.5,3868,-741.28,-0.1916,0.7534,-1.14,0.3128
0,CONTROL,-1.1725,1.8259,NZD/CAD,-0.1496,1228.92,-1.175,803.0,3662,-1181.37,-0.3226,0.616,-1.175,0.2835
0,CONTROL,-1.21,1.79,NZD/CHF,-0.5062,2755.66,-1.21,2087.5,3840,-2750.4,-0.7162,0.2914,-1.21,0.1646
1,CONTROL,-1.136,1.8653,BTC/USD,-0.3361,2787.32,-1.1127,94.0,5883,-2775.35,-0.4718,0.4667,-1.1867,0.2213
147,CONTROL,-1.0201,1.9704,ETH/USD,-0.0482,481.97,-1.0019,75,5516,-393.42,-0.0713,0.8976,-1.1867,0.3173
148,A_4H,-0.6464,0.7081,ALL,-0.0729,6125.27,-0.2361,240,35039,-6112.41,-0.1744,0.5858,-1.21,0.3484
61,A_4H,-0.654,0.7114,H1,-0.0691,2837.33,-0.24,240,16864,-2827.8,-0.1677,0.6018,-1.21,0.3561
87,A_4H,-0.6396,0.7049,H2,-0.0764,3287.94,-0.2335,240.0,18175,-3284.61,-0.1807,0.571,-1.21,0.3413
0,A_4H,-0.4984,0.4601,FX,-0.052,3894.95,-0.1842,240.0,23606,-3860.4,-0.1635,0.4957,-1.21,0.3494
148,A_4H,-0.9506,1.2246,CRYPTO,-0.116,2288.89,-1.0018,86,11433,-2252.01,-0.197,0.6829,-1.1867,0.3465
72,A_4H,-0.6378,0.7363,disp=0,-0.0773,2912.12,-0.2625,240,15317,-2899.26,-0.1893,0.5594,-1.21,0.3264
76,A_4H,-0.6535,0.6892,disp>=1,-0.0697,3291.88,-0.215,240,19681,-3209.95,-0.1631,0.6068,-1.21,0.3652
0,A_4H,-0.4848,0.4076,EUR/USD,-0.0692,480.03,-0.11,240,3779,-447.07,-0.1183,0.5859,-1.05,0.4107
0,A_4H,-0.4402,0.4218,GBP/USD,-0.0165,394.21,-0.078,240.0,4254,-320.1,-0.0752,0.7036,-1.06,0.4234
0,A_4H,-0.4682,0.4177,USD/JPY,-0.021,355.57,-0.0431,240,3717,-232.52,-0.0626,0.7535,-1.044,0.4579
0,A_4H,-0.6594,0.6339,CHF/JPY,-0.0428,813.51,-0.2071,240.0,3868,-668.76,-0.1729,0.5797,-1.14,0.3762
0,A_4H,-0.571,0.5422,NZD/CAD,-0.0389,793.0,-0.2475,240,3691,-779.61,-0.2112,0.4534,-1.175,0.3232
0,A_4H,-0.409,0.2246,NZD/CHF,-0.1187,1412.4,-0.32,240,4297,-1412.35,-0.3287,0.0798,-1.21,0.1268
1,A_4H,-1.0073,1.1482,BTC/USD,-0.2124,2058.45,-1.082,94.0,5883,-2048.11,-0.3481,0.5021,-1.1867,0.3058
147,A_4H,-0.8822,1.2882,ETH/USD,-0.0138,266.55,-0.6489,77,5550,-203.89,-0.0367,0.9318,-1.1867,0.3895
309,B_BE,-0.8031,1.9125,ALL,-0.0539,5730.0,-1.0023,481.0,34641,-5362.5,-0.1548,0.7468,-1.21,0.2387
142,B_BE,-0.7774,1.9108,H1,-0.0535,2656.32,-1.0015,468.0,16772,-2551.6,-0.1521,0.745,-1.21,0.2326
167,B_BE,-0.8276,1.914,H2,-0.0542,3204.14,-1.0032,491.0,17869,-2810.91,-0.1573,0.7484,-1.21,0.2445
102,B_BE,-0.8118,1.9076,FX,-0.0159,3554.87,-1.044,812.0,23272,-2948.84,-0.1267,0.7913,-1.21,0.2519
207,B_BE,-0.7862,1.9245,CRYPTO,-0.1317,2439.36,-1.0016,75.0,11369,-2413.66,-0.2123,0.6574,-1.1867,0.2117
143,B_BE,-0.8309,1.8996,disp=0,-0.1096,3436.86,-1.0221,482,15150,-3350.37,-0.2211,0.6573,-1.21,0.2233
166,B_BE,-0.7805,1.9212,disp>=1,-0.0119,2429.95,-1.0012,480.0,19450,-2034.61,-0.1046,0.8213,-1.21,0.2502
30,B_BE,-0.7535,1.9524,EUR/USD,0.2166,400.6,-0.05,762,3749,627.79,0.1675,1.3369,-1.05,0.3404
0,B_BE,-0.7008,1.9416,GBP/USD,0.3841,240.28,-0.06,794.0,4254,1384.07,0.3254,1.759,-1.06,0.3883
17,B_BE,-0.6515,1.9635,USD/JPY,-0.1069,834.36,-0.044,826.5,3667,-545.61,-0.1488,0.7173,-1.044,0.1923
9,B_BE,-0.8786,1.8734,CHF/JPY,-0.0396,1231.45,-1.0805,419.0,3859,-655.02,-0.1697,0.7398,-1.14,0.2576
46,B_BE,-0.8125,1.8258,NZD/CAD,-0.1048,1008.19,-1.1217,659.5,3634,-1008.19,-0.2774,0.5717,-1.175,0.2028
0,B_BE,-1.0097,1.79,NZD/CHF,-0.4597,2751.89,-1.21,2002,4109,-2751.89,-0.6697,0.245,-1.21,0.1214
1,B_BE,-0.8444,1.868,BTC/USD,-0.2472,2252.35,-1.0714,80.0,5883,-2252.35,-0.3829,0.4536,-1.1867,0.1702
206,B_BE,-0.7166,1.9647,ETH/USD,-0.0078,344.19,-1.0007,67.0,5486,-161.31,-0.0294,0.9448,-1.1867,0.2563
553,C_TRAIL,-1.0279,1.0506,ALL,-0.0502,5682.68,-1.0024,450.0,34549,-5237.6,-0.1516,0.745,-1.21,0.4216
324,C_TRAIL,-1.0333,0.9926,H1,-0.0523,2653.41,-1.0018,434,16599,-2512.83,-0.1514,0.7405,-1.21,0.4353
229,C_TRAIL,-1.0231,1.1077,H2,-0.0482,3185.72,-1.003,471,17950,-2724.77,-0.1518,0.749,-1.21,0.4089
340,C_TRAIL,-1.0255,1.0639,FX,-0.0254,3900.92,-1.044,768,23181,-3175.98,-0.137,0.7676,-1.21,0.4252
213,C_TRAIL,-1.0328,1.0226,CRYPTO,-0.1008,2094.45,-1.0016,70,11368,-2061.62,-0.1814,0.7002,-1.1867,0.4142
346,C_TRAIL,-1.0411,0.996,disp=0,-0.1305,3765.67,-1.0408,446,14967,-3632.31,-0.2427,0.6166,-1.21,0.3919
207,C_TRAIL,-1.0166,1.0857,disp>=1,0.0099,2064.07,-1.0011,453.0,19541,-1628.29,-0.0833,0.8526,-1.21,0.4439
165,C_TRAIL,-1.0242,1.08,EUR/USD,0.0898,511.74,0.025,704,3614,147.13,0.0407,1.0805,-1.05,0.5061
54,C_TRAIL,-1.0035,1.2931,GBP/USD,0.3861,244.74,0.226,775.0,4200,1375.1,0.3274,1.7759,-1.06,0.5795
44,C_TRAIL,-1.0174,0.8553,USD/JPY,-0.0458,664.72,-0.0148,752,3673,-321.06,-0.0874,0.8293,-1.044,0.4966
8,C_TRAIL,-1.0391,1.16,CHF/JPY,-0.043,1172.19,-1.0804,378.0,3860,-668.19,-0.1731,0.7252,-1.14,0.3938
68,C_TRAIL,-0.9841,0.8484,NZD/CAD,-0.1154,1041.87,-1.1313,621,3621,-1041.87,-0.2877,0.5284,-1.175,0.38
1,C_TRAIL,-1.0605,0.9997,NZD/CHF,-0.4231,2667.08,-1.21,1997.5,4213,-2667.08,-0.6331,0.2468,-1.21,0.2075
1,C_TRAIL,-1.0458,0.9177,BTC/USD,-0.2108,2039.45,-1.0714,75.0,5883,-2038.74,-0.3465,0.4853,-1.1867,0.3561
212,C_TRAIL,-1.0156,1.1067,ETH/USD,0.0173,302.93,-1.0007,63,5485,-22.88,-0.0042,0.9922,-1.1867,0.4766
256,D_PARTIAL,-0.8721,1.4267,ALL,-0.0809,6468.78,-1.0026,531.0,34314,-6217.96,-0.1812,0.7029,-1.21,0.3005
97,D_PARTIAL,-0.8426,1.4233,H1,-0.072,2940.15,-1.0017,530,16692,-2835.04,-0.1698,0.7133,-1.21,0.2969
159,D_PARTIAL,-0.9003,1.4299,H2,-0.0894,3628.2,-1.0041,532,17622,-3382.93,-0.192,0.6936,-1.21,0.304
52,D_PARTIAL,-0.8867,1.4069,FX,-0.0519,4159.41,-1.044,913,22971,-3715.26,-0.1617,0.7333,-1.21,0.3161
204,D_PARTIAL,-0.8444,1.4739,CRYPTO,-0.1398,2541.9,-1.0017,86,11343,-2502.7,-0.2206,0.6425,-1.1867,0.2691
107,D_PARTIAL,-0.891,1.4169,disp=0,-0.1378,3759.58,-1.0381,522,15036,-3734.09,-0.2483,0.6137,-1.21,0.2785
149,D_PARTIAL,-0.8564,1.4333,disp>=1,-0.0375,2828.17,-1.0014,536.0,19237,-2495.85,-0.1297,0.7781,-1.21,0.3174
2,D_PARTIAL,-0.8185,1.4551,EUR/USD,0.1414,442.6,-0.05,823,3777,348.39,0.0922,1.188,-1.05,0.4006
0,D_PARTIAL,-0.761,1.4415,GBP/USD,0.249,275.16,-0.06,848.0,4190,795.92,0.19,1.4393,-1.06,0.4317
10,D_PARTIAL,-0.7325,1.4647,USD/JPY,-0.0573,682.27,-0.044,1161.5,3674,-364.41,-0.0992,0.8098,-1.044,0.2882
3,D_PARTIAL,-0.9371,1.3712,CHF/JPY,-0.0843,1246.79,-1.0801,491.5,3865,-828.86,-0.2145,0.6669,-1.14,0.3131
37,D_PARTIAL,-0.8895,1.3298,NZD/CAD,-0.0811,949.95,-1.1299,803.0,3625,-920.9,-0.254,0.5998,-1.175,0.2863
0,D_PARTIAL,-1.1099,1.29,NZD/CHF,-0.5049,2745.4,-1.21,2087.5,3840,-2745.4,-0.7149,0.229,-1.21,0.1646
1,D_PARTIAL,-0.8904,1.3691,BTC/USD,-0.2546,2305.32,-1.0714,94.0,5883,-2296.35,-0.3903,0.437,-1.1867,0.2213
203,D_PARTIAL,-0.7876,1.5518,ETH/USD,-0.016,353.87,-1.0007,75,5460,-206.36,-0.0378,0.9294,-1.1867,0.3205
309,E_PART_BE,-1.109,0.9274,ALL,-0.0537,5571.48,-1.0023,481.0,34641,-5356.0,-0.1546,0.7376,-1.21,0.4687
142,E_PART_BE,-1.107,0.9016,H1,-0.0417,2503.71,-1.0015,468.0,16772,-2353.1,-0.1403,0.7557,-1.21,0.4813
167,E_PART_BE,-1.1108,0.9529,H2,-0.0649,3212.35,-1.0032,491.0,17869,-3002.91,-0.1681,0.7215,-1.21,0.4568
102,E_PART_BE,-1.1212,0.926,FX,-0.0272,3619.33,-1.044,812.0,23272,-3211.84,-0.138,0.7632,-1.21,0.4803
207,E_PART_BE,-1.0856,0.9306,CRYPTO,-0.108,2178.86,-1.0016,75.0,11369,-2144.16,-0.1886,0.687,-1.1867,0.4449
143,E_PART_BE,-1.118,0.9108,disp=0,-0.1062,3335.8,-1.0221,482,15150,-3297.87,-0.2177,0.6499,-1.21,0.4438
166,E_PART_BE,-1.1014,0.9382,disp>=1,-0.0138,2336.9,-1.0012,480.0,19450,-2072.11,-0.1065,0.8112,-1.21,0.4878
30,E_PART_BE,-1.05,1.089,EUR/USD,0.1454,371.1,0.45,762,3749,360.79,0.0962,1.1975,-1.05,0.5359
0,E_PART_BE,-1.0595,1.081,GBP/USD,0.2995,221.86,0.44,794.0,4254,1024.07,0.2407,1.5788,-1.06,0.6074
17,E_PART_BE,-1.0433,0.8391,USD/JPY,-0.044,542.96,0.456,826.5,3667,-315.11,-0.0859,0.8324,-1.044,0.5086
9,E_PART_BE,-1.1293,0.9476,CHF/JPY,-0.0746,1193.45,-1.0805,419.0,3859,-790.02,-0.2047,0.6733,-1.14,0.4452
46,E_PART_BE,-1.1719,0.7432,NZD/CAD,-0.0618,851.69,-1.1217,659.5,3634,-851.69,-0.2344,0.6082,-1.175,0.4895
0,E_PART_BE,-1.21,0.6983,NZD/CHF,-0.4325,2639.89,-1.21,2002,4109,-2639.89,-0.6425,0.2443,-1.21,0.2974
1,E_PART_BE,-1.1388,0.7833,BTC/USD,-0.2102,2036.32,-1.0714,80.0,5883,-2034.85,-0.3459,0.483,-1.1867,0.4125
206,E_PART_BE,-1.0211,1.0665,ETH/USD,0.0016,295.69,-1.0007,67.0,5486,-109.31,-0.0199,0.9625,-1.1867,0.4796
211,F_4H_BE,-0.5831,0.6879,ALL,-0.0619,5728.46,-0.1867,240,34976,-5714.23,-0.1634,0.5817,-1.21,0.3303
85,F_4H_BE,-0.592,0.6965,H1,-0.0585,2653.78,-0.1873,240,16840,-2643.65,-0.157,0.5997,-1.21,0.3376
126,F_4H_BE,-0.5751,0.6796,H2,-0.0651,3075.09,-0.1867,240.0,18136,-3070.58,-0.1693,0.5649,-1.21,0.3234
4,F_4H_BE,-0.4881,0.455,FX,-0.0541,3943.73,-0.1763,240.0,23602,-3909.37,-0.1656,0.4843,-1.21,0.3419
207,F_4H_BE,-0.7702,1.2278,CRYPTO,-0.0781,1831.74,-0.2508,75,11374,-1804.86,-0.1587,0.7031,-1.1867,0.306
101,F_4H_BE,-0.5739,0.7185,disp=0,-0.0656,2727.69,-0.2143,240,15288,-2713.46,-0.1775,0.5539,-1.21,0.3067
110,F_4H_BE,-0.5907,0.6675,disp>=1,-0.0592,3076.37,-0.185,240,19647,-2997.57,-0.1526,0.6037,-1.21,0.3482
0,F_4H_BE,-0.4793,0.4096,EUR/USD,-0.0688,478.83,-0.105,240,3779,-445.86,-0.118,0.5852,-1.05,0.4065
0,F_4H_BE,-0.4314,0.4219,GBP/USD,-0.0188,405.8,-0.074,240.0,4254,-329.82,-0.0775,0.6929,-1.06,0.4147
0,F_4H_BE,-0.4421,0.3968,USD/JPY,-0.0277,349.84,-0.044,240,3717,-257.49,-0.0693,0.718,-1.044,0.4444
1,F_4H_BE,-0.6286,0.6354,CHF/JPY,-0.0461,823.12,-0.1802,240.0,3867,-681.47,-0.1762,0.5634,-1.14,0.3579
3,F_4H_BE,-0.5696,0.5393,NZD/CAD,-0.0398,795.77,-0.245,240,3688,-782.37,-0.2121,0.4504,-1.175,0.3224
0,F_4H_BE,-0.409,0.2246,NZD/CHF,-0.1187,1412.4,-0.32,240,4297,-1412.35,-0.3287,0.0798,-1.21,0.1268
1,F_4H_BE,-0.8291,1.1422,BTC/USD,-0.1713,1806.35,-0.5482,80.0,5883,-1806.35,-0.307,0.4963,-1.1867,0.2648
206,F_4H_BE,-0.6987,1.2972,ETH/USD,0.0218,200.53,-0.091,67,5491,1.49,0.0003,1.0006,-1.1867,0.3502
211,G_ALL,-0.6289,0.5822,ALL,-0.0583,5607.69,-0.185,240,34976,-5586.48,-0.1597,0.5854,-1.21,0.3874
85,G_ALL,-0.639,0.5901,H1,-0.0559,2629.31,-0.1873,240,16840,-2598.83,-0.1543,0.6013,-1.21,0.3944
126,G_ALL,-0.6197,0.5746,H2,-0.0605,2991.67,-0.1847,240.0,18136,-2987.65,-0.1647,0.5706,-1.21,0.381
4,G_ALL,-0.4978,0.4335,FX,-0.0535,3911.86,-0.1763,240.0,23602,-3893.99,-0.165,0.4843,-1.21,0.3574
207,G_ALL,-0.9466,0.8275,CRYPTO,-0.0682,1727.9,-0.2508,75,11374,-1692.49,-0.1488,0.7143,-1.1867,0.4497
101,G_ALL,-0.6182,0.5982,disp=0,-0.0606,2659.19,-0.2143,240,15288,-2637.98,-0.1726,0.5595,-1.21,0.3664
110,G_ALL,-0.6377,0.5711,disp>=1,-0.0566,3010.01,-0.1607,240,19647,-2945.64,-0.1499,0.6058,-1.21,0.4035
0,G_ALL,-0.4873,0.4013,EUR/USD,-0.0673,470.33,-0.105,240,3779,-440.06,-0.1164,0.5899,-1.05,0.4173
0,G_ALL,-0.4407,0.4122,GBP/USD,-0.0161,383.53,-0.074,240.0,4254,-318.23,-0.0748,0.7027,-1.06,0.429
0,G_ALL,-0.4659,0.3953,USD/JPY,-0.0147,311.71,-0.0289,240,3717,-209.11,-0.0563,0.7697,-1.044,0.4757
1,G_ALL,-0.6582,0.5573,CHF/JPY,-0.0487,801.33,-0.1802,240.0,3867,-691.63,-0.1789,0.5513,-1.14,0.3944
3,G_ALL,-0.5707,0.5023,NZD/CAD,-0.0506,828.24,-0.245,240,3688,-822.36,-0.223,0.4219,-1.175,0.324
0,G_ALL,-0.409,0.2241,NZD/CHF,-0.1187,1412.65,-0.32,240,4297,-1412.6,-0.3287,0.0796,-1.21,0.1268
1,G_ALL,-1.008,0.7039,BTC/USD,-0.1532,1702.69,-0.5482,80.0,5883,-1699.91,-0.289,0.5057,-1.1867,0.42
206,G_ALL,-0.8731,0.9429,ETH/USD,0.0229,173.84,-0.08,67,5491,7.42,0.0014,1.003,-1.1867,0.4815
