c1,c2,c3,c4,c5,d,dropOne,f,h1,h2,kind,nInstrOk,neg,pos,s_BTCUSD,s_CHFJPY,s_ETHUSD,s_EURUSD,s_GBPUSD,s_NZDCAD,s_NZDCHF,s_USDJPY,verdict
True,True,True,True,True,-0.1022,-0.0867,hourUTC,-0.0003,-0.2005,CONT,8,7,1,-0.124,-0.126,-0.103,-0.221,-0.226,0.153,-0.104,-0.238,ROBUST_NEGATIVE
True,True,True,True,True,-0.1111,-0.0904,minuteOfDay,-0.0146,-0.2032,CONT,8,7,1,-0.137,-0.123,-0.1,-0.209,-0.288,0.183,-0.093,-0.25,ROBUST_NEGATIVE
,,,,,-0.14879234553774015,,isCryptoAsset,0.0240753782694208,-0.30555122303505966,BOOL,0,0,0,,,,,,,,,INSUFFICIENT_SAMPLE
True,True,False,True,True,-0.1332,-0.0587,minsSinceImpulseEnd,-0.2494,-0.0217,CONT,8,5,3,-0.391,0.313,-0.223,0.446,-0.184,-0.377,0.234,-0.746,NOISE_UNSTABLE
False,False,False,True,True,-0.0221,-0.0633,impulseSpanBars,-0.128,0.0761,CONT,8,3,5,-0.258,-0.224,0.13,0.329,0.012,-0.066,0.212,0.034,NOISE_UNSTABLE
,,,,,-0.0558806593257328,,zoneWidthPips,0.05472746070529552,-0.14732199120935346,CONT,0,0,0,,,,,,,,,INSUFFICIENT_SAMPLE
True,True,True,True,True,0.0653,0.1224,zoneWidthOverATR,0.0938,0.0448,CONT,8,2,6,-0.038,0.025,0.05,0.203,0.027,0.07,0.172,-0.347,ROBUST_POSITIVE
True,True,False,True,True,0.0516,0.0299,distMidOverATR,0.0205,0.0855,CONT,8,5,3,0.1,-0.015,-0.028,0.379,0.05,-0.163,-0.078,-0.115,NOISE_UNSTABLE
False,True,False,True,False,-0.0344,0.0126,distProxOverATR,-0.0641,-0.0051,CONT,8,5,3,-0.026,-0.202,-0.042,-0.261,0.171,0.004,0.311,-0.42,NOISE_UNSTABLE
False,True,False,True,False,0.0127,-0.0069,distDistalOverATR,0.0205,0.011,CONT,8,5,3,-0.105,0.111,-0.045,0.405,-0.143,0.05,-0.308,-0.109,NO_SIGNAL
False,True,True,True,True,0.0241,0.1093,fibLevel,0.0471,0.0085,CONT,8,2,6,0.077,0.15,0.098,-0.217,-0.48,0.206,0.458,0.015,CONTEXT_DEPENDENT
True,False,False,True,False,-0.0651,0.0286,zonesFound,0.1024,-0.2142,CONT,8,5,3,0.105,-0.513,0.269,-0.011,-0.179,0.232,-0.607,-0.022,NOISE_UNSTABLE
False,False,False,True,True,0.0103,0.0515,zoneIsOB,-0.096,0.1092,BOOL,8,5,3,-0.004,0.251,-0.005,-0.508,0.013,0.401,-0.135,-0.046,NO_SIGNAL
False,False,False,True,True,0.0445,0.1065,srConfirmed,-0.0727,0.1536,BOOL,8,4,4,0.328,-0.458,0.103,-0.126,0.021,-0.047,0.244,-0.335,NOISE_UNSTABLE
True,True,False,True,True,0.0697,0.0604,ltfRefined,0.0703,0.0708,BOOL,8,4,4,-0.028,0.259,-0.091,0.294,-0.027,-0.144,0.041,0.154,NOISE_UNSTABLE
False,False,True,True,False,-0.0309,0.0181,htfLayerCount,0.0002,-0.0554,CONT,8,6,2,-0.253,-0.025,-0.072,0.391,-0.181,0.342,-0.171,-0.426,NOISE_UNSTABLE
,,,,,-0.017190743492645016,,impulsePips,0.1292354923727962,-0.12910668352648233,CONT,0,0,0,,,,,,,,,INSUFFICIENT_SAMPLE
True,True,False,True,False,0.0706,-0.0055,impulseOverATR,0.1126,0.0306,CONT,8,4,4,-0.171,0.083,-0.19,1.018,0.225,-0.373,0.283,-0.231,NOISE_UNSTABLE
True,True,False,True,True,0.2,0.1573,avgBodyRatio,0.2531,0.1588,CONT,8,3,5,0.084,0.008,0.317,-0.137,0.373,-0.077,-0.016,0.664,NOISE_UNSTABLE
False,False,False,True,True,-0.0132,-0.0189,maxRangeMultiple,-0.2141,0.1993,CONT,8,5,3,0.147,0.246,-0.045,0.36,-0.34,-0.286,-0.122,-0.31,NO_SIGNAL
True,True,True,True,True,0.1501,0.0952,displacementCandles,0.1617,0.1483,CONT,8,2,6,0.133,0.23,0.021,0.726,-0.309,-0.427,0.44,0.159,ROBUST_POSITIVE
True,True,False,True,True,0.1077,0.0578,displacementRatio,0.0771,0.1531,CONT,8,3,5,0.237,0.231,0.001,0.624,-0.267,-0.49,-0.098,0.019,NOISE_UNSTABLE
True,False,True,True,True,-0.0602,-0.1231,rangePerBarOverATR,0.0645,-0.1715,CONT,7,7,1,-0.133,-0.102,-0.131,0.572,-0.095,-0.295,-0.472,-0.161,NOISE_UNSTABLE
True,True,False,True,True,0.1308,0.0537,liquidityScore,0.125,0.1346,CONT,8,3,5,0.053,0.337,-0.022,0.612,0.251,-0.112,-0.01,0.029,NOISE_UNSTABLE
False,False,False,True,False,0.0406,-0.055,sweepPresent,0.1039,-0.0164,BOOL,8,4,4,0.287,0.051,0.072,0.452,-0.04,-0.254,-0.079,-0.307,NOISE_UNSTABLE
False,False,True,True,True,0.0208,0.0793,atrPercentile,-0.1031,0.1367,CONT,8,2,6,0.143,0.091,0.301,-0.4,-0.47,0.013,0.102,0.065,NOISE_UNSTABLE
False,True,False,True,False,0.0289,-0.0045,atrShortOverLong,0.0103,0.0499,CONT,8,3,5,0.198,0.085,0.1,0.102,0.126,-0.181,-0.115,-0.093,NOISE_UNSTABLE
False,False,False,True,True,0.0251,0.0396,barRangeOverATR,-0.0035,0.0508,CONT,8,3,5,0.064,0.002,-0.031,-0.085,0.091,0.042,0.006,-0.098,NOISE_UNSTABLE
,,,,,0.046286230140117124,,stopPips,-0.011325951221553693,0.09707178024524415,CONT,0,0,0,,,,,,,,,INSUFFICIENT_SAMPLE
True,True,False,True,True,0.1328,0.0527,stopOverATR,0.0589,0.1998,CONT,6,2,5,-0.116,0.033,0.024,0.831,0.446,0.172,,-0.09,NOISE_UNSTABLE
,,,,,-0.41608878032526514,,spreadOverStop,-0.37891818720668763,-0.4576450533022387,CONT,0,0,0,,,,,,,,,INSUFFICIENT_SAMPLE
,,,,,-0.27705232668064833,,spreadOverATR,-0.21711528698020768,-0.3359590120272135,CONT,0,0,0,,,,,,,,,INSUFFICIENT_SAMPLE
,,,,,-0.4133740058756977,,costR,-0.39591432796675574,-0.43461818730449564,CONT,0,0,0,,,,,,,,,INSUFFICIENT_SAMPLE
True,True,False,True,True,0.0513,0.0123,entryVsZoneMidATR,0.0874,0.0205,CONT,8,4,4,0.011,0.234,-0.083,0.489,-0.104,-0.105,-0.317,0.304,NOISE_UNSTABLE
True,True,False,True,True,-0.0717,-0.0741,bosCount,-0.02,-0.1219,CONT,5,4,3,0.269,0.421,-0.214,0.591,-0.206,-0.54,,-0.264,NOISE_UNSTABLE
,,,,,-0.12750515872722387,,chochCount,0.08183396750649252,-0.3023723750343735,CONT,0,0,0,,,,,,,,,INSUFFICIENT_SAMPLE
False,False,True,True,True,-0.0338,-0.0258,trendAligned,0.0146,-0.079,BOOL,8,6,2,-0.054,0.144,-0.129,0.15,-0.117,-0.009,-0.155,-0.022,NOISE_UNSTABLE
True,True,True,True,True,0.1103,0.0872,[cur] Market Structure,0.021,0.1898,BOOL,8,2,6,0.064,0.383,0.079,0.258,-0.331,0.107,0.225,-0.127,ROBUST_POSITIVE
False,True,True,False,True,-0.0463,-0.0659,[cur] Order Block,-0.0003,-0.0887,BOOL,2,7,1,-0.072,-0.058,-0.007,-0.084,-0.061,0.123,-0.081,-0.082,CONTEXT_DEPENDENT
,,,,,-0.09096967825856211,,[cur] Fair Value Gap,-0.01741700159529927,-0.15960490189659282,BOOL,0,0,0,,,,,,,,,INSUFFICIENT_SAMPLE
False,True,False,True,True,-0.0102,-0.0384,[cur] Premium/Discount & Fib,-0.0078,-0.011,BOOL,8,4,4,0.003,-0.128,-0.121,0.008,0.207,0.104,-0.023,-0.088,NO_SIGNAL
True,True,True,True,True,0.0825,0.0809,[cur] Session Quality,0.0609,0.1013,BOOL,8,1,7,0.177,0.105,-0.005,0.003,0.096,0.055,0.109,0.165,ROBUST_POSITIVE
False,False,False,True,True,-0.0099,-0.041,[cur] Judas Swing,-0.0552,0.0337,BOOL,6,4,4,-0.208,0.156,-0.044,0.248,0.235,-0.235,-0.044,0.059,NO_SIGNAL
,,,,,-0.056349316272116506,,[cur] PD/PW Levels,-0.18421318835509076,0.04855852545789535,BOOL,0,0,0,,,,,,,,,INSUFFICIENT_SAMPLE
False,True,True,True,True,0.0152,0.0036,[cur] Reversal Candle,0.0222,0.0105,BOOL,8,2,6,0.049,0.016,-0.039,0.002,0.022,0.09,0.083,-0.069,CONTEXT_DEPENDENT
False,True,False,True,True,0.0073,0.0361,[cur] Liquidity Sweep,0.0128,0.0004,BOOL,8,4,4,0.204,-0.021,-0.119,0.12,0.011,-0.096,0.11,-0.244,NO_SIGNAL
True,True,False,True,True,0.062,0.0159,[cur] Displacement,0.041,0.0826,BOOL,8,3,5,0.044,-0.049,0.108,-0.038,0.232,0.063,-0.017,0.007,NOISE_UNSTABLE
False,True,True,True,True,-0.0313,-0.0492,[cur] Breaker Block,-0.0284,-0.0364,BOOL,8,6,2,-0.02,-0.076,-0.059,0.125,0.043,-0.007,-0.026,-0.113,CONTEXT_DEPENDENT
True,True,False,True,True,-0.0879,-0.0475,[cur] Volume Profile,-0.1636,-0.0179,BOOL,8,5,3,-0.048,0.087,-0.087,-0.241,0.06,-0.023,0.252,-0.428,NOISE_UNSTABLE
False,False,False,True,False,0.0116,-0.036,[cur] AMD Phase,0.088,-0.0586,BOOL,8,3,5,0.029,-0.118,0.172,-0.252,0.011,0.062,0.361,-0.113,NO_SIGNAL
False,False,True,True,True,-0.0131,-0.0221,[cur] Daily Bias,-0.0642,0.0345,BOOL,8,6,2,-0.043,-0.02,-0.063,-0.21,0.168,-0.005,0.288,-0.093,NO_SIGNAL
,,,,,0.09698440017764207,,[cur] Confluence Stack,0.16552725649842717,0.05099975002285825,BOOL,0,0,0,,,,,,,,,INSUFFICIENT_SAMPLE
False,False,False,True,True,0.0021,0.0468,[cur] Pullback Health,-0.0171,0.0188,BOOL,8,3,5,0.076,0.052,0.094,-0.012,-0.272,0.1,-0.062,0.003,NO_SIGNAL
False,False,False,True,False,-0.0209,0.0239,[cur] HTF POI Alignment,-0.0598,0.0151,BOOL,8,3,5,-0.127,0.202,0.122,0.107,-0.164,0.213,-0.265,0.077,NOISE_UNSTABLE
False,True,False,True,True,-0.0469,-0.016,[cur] HTF Fib + PD + Liquidity,-0.0953,-0.002,BOOL,8,4,4,-0.029,-0.105,0.062,-0.425,-0.175,0.21,0.071,0.012,NOISE_UNSTABLE
True,False,False,True,True,0.0917,0.0588,[cur] Session Affinity,-0.0701,0.2385,BOOL,8,4,4,0.011,-0.244,0.023,-0.306,-0.206,0.352,-0.271,0.042,NOISE_UNSTABLE
True,True,False,True,True,0.0529,0.0001,[cur] Power of 3 Combo,0.069,0.0365,BOOL,8,4,4,0.156,-0.09,0.138,-0.085,-0.101,0.01,0.452,-0.09,NOISE_UNSTABLE
