symbol,t,window,direction,state,selectedTF,zoneHigh,zoneLow,impulseOrigin,zoneId,unifiedScore,entryPrice,slPrice,tpPrice,riskPips,route,outcome,fillTime,fillPrice,exitTime,exitPrice,exitReason,grossR,costR,netR,holdMinutes,session,ambiguous,ambiguityReason
EUR/USD,2026-03-31T07:30:00.000Z,secondary_only,short,confirmed,5m,1.1472799999999999,1.1471399999999998,1.14754,EUR/USD|5m|short|1.14754|1.14728|1.14714,6,1.1472099999999998,1.1492099999999998,1.14421,20,LIMIT,TRADE_TAKEN,2026-03-31T08:00:00.000Z,1.1471799999999999,2026-03-31T12:00:00.000Z,1.1492099999999998,SL,-1,0.04926108374384294,-1.049261083743843,240,LONDON,false,
EUR/USD,2026-04-19T18:00:00.000Z,secondary_only,short,confirmed,5m,1.17666,1.176615,1.17754,EUR/USD|5m|short|1.17754|1.17666|1.17661,4,1.1766375,1.1786375,1.1736375000000001,20,LIMIT,TRADE_TAKEN,2026-04-19T18:03:00.000Z,1.1766075,2026-04-19T19:49:00.000Z,1.1736375000000001,TP,1.4630541871920946,0.04926108374384294,1.4137931034482516,106,NEWYORK,false,
EUR/USD,2026-05-04T12:45:00.000Z,secondary_only,long,triggered,1H,1.17239,1.16993,1.16837,EUR/USD|1H|long|1.16837|1.17239|1.16993,10,1.17116,1.1686999999999999,1.1748500000000002,24.6,MARKET,TRADE_TAKEN,2026-05-04T12:46:00.000Z,1.1708800000000001,2026-05-04T16:14:00.000Z,1.1686999999999999,SL,-1,0.045871559633021364,-1.0458715596330213,208,OVERLAP,false,
EUR/USD,2026-05-21T08:55:00.000Z,secondary_only,short,triggered,1H,1.16301,1.16239,1.16461,EUR/USD|1H|short|1.16461|1.16301|1.16239,11,1.1627,1.1647,1.1597000000000002,20,MARKET,TRADE_TAKEN,2026-05-21T08:56:00.000Z,1.16228,2026-05-21T11:56:00.000Z,1.1597000000000002,TP,1.066115702479219,0.041322314049585265,1.0247933884296336,180,LONDON,false,
EUR/USD,2026-05-27T10:30:00.000Z,secondary_only,short,triggered,1H,1.16378,1.16366,1.16531,EUR/USD|1H|short|1.16531|1.16378|1.16366,6.5,1.16372,1.16572,1.1607200000000002,20,MARKET,TRADE_TAKEN,2026-05-27T10:31:00.000Z,1.1637,2026-05-27T12:22:00.000Z,1.16572,SL,-1,0.04950495049504625,-1.0495049504950462,111,LONDON,false,
EUR/USD,2026-06-11T17:25:00.000Z,secondary_only,long,confirmed,1H,1.1537,1.15318,1.15002,EUR/USD|1H|long|1.15002|1.15370|1.15318,12,1.15344,1.15144,1.15644,20,LIMIT,TRADE_TAKEN,2026-06-11T17:26:00.000Z,1.15347,2026-06-11T17:27:00.000Z,1.15144,SL,-1,0.04926108374384294,-1.049261083743843,1,NEWYORK,false,
EUR/USD,2026-07-01T03:55:00.000Z,primary,short,confirmed,5m,1.14075,1.14068,1.14085,EUR/USD|5m|short|1.14085|1.14075|1.14068,5.5,1.140715,1.142715,1.137715,20,LIMIT,TRADE_TAKEN,2026-07-01T04:31:00.000Z,1.140685,2026-07-01T12:35:00.000Z,1.137715,TP,1.4630541871920946,0.04926108374384294,1.4137931034482516,484,ASIA,false,
EUR/USD,2026-07-16T20:15:00.000Z,primary,long,triggered,1H,1.14391,1.143395,1.14068,EUR/USD|1H|long|1.14068|1.14391|1.14339,8.5,1.1436525,1.1416525,1.1466524999999999,20,MARKET,TRADE_TAKEN,2026-07-16T20:16:00.000Z,1.14413,2026-07-19T18:59:00.000Z,1.1416525,SL,-1,0.040363269424821255,-1.0403632694248213,4243,NEWYORK,false,
EUR/USD,2026-08-03T11:25:00.000Z,primary,long,triggered,5m,1.15226,1.15217,1.15197,EUR/USD|5m|long|1.15197|1.15226|1.15217,5,1.152215,1.150215,1.1552149999999999,20,MARKET,TRADE_TAKEN,2026-08-03T11:26:00.000Z,1.15223,2026-08-03T15:33:00.000Z,1.150215,SL,-1,0.049627791563272974,-1.049627791563273,247,LONDON,false,
EUR/USD,2026-08-18T13:15:00.000Z,primary,short,triggered,1H,1.1580499999999998,1.157785,1.15862,EUR/USD|1H|short|1.15862|1.15805|1.15779,9.5,1.1579175,1.1599175,1.1549175,20,MARKET,TRADE_TAKEN,2026-08-18T13:16:00.000Z,1.1577799999999998,2026-08-19T08:06:00.000Z,1.1599175,SL,-1,0.04678362573099141,-1.0467836257309915,1130,OVERLAP,false,
USD/JPY,2026-03-30T08:05:00.000Z,secondary_only,long,triggered,1H,159.74155,159.6524,159.4577,USD/JPY|1H|long|159.45770|159.74155|159.65240,10,159.6524,159.4024,160.0274,25,MARKET,TRADE_TAKEN,2026-03-30T08:06:00.000Z,159.77885,2026-03-30T12:57:00.000Z,159.4024,SL,-1,0.029220347987780153,-1.0292203479877802,291,LONDON,false,
USD/JPY,2026-04-18T05:15:00.000Z,secondary_only,short,triggered,1H,159.144,158.4843,159.52353,USD/JPY|1H|short|159.52353|159.14400|158.48430,12,159.144,159.47385000000003,158.64922499999997,33,MARKET,TRADE_TAKEN,2026-04-18T05:16:00.000Z,158.62138,2026-04-18T05:16:00.000Z,158.64922499999997,TP,-0.03266390606119129,0.012903679894893065,-0.04556758595608435,0,ASIA,false,
USD/JPY,2026-04-18T13:55:00.000Z,secondary_only,short,triggered,1H,159.144,158.4843,159.52353,USD/JPY|1H|short|159.52353|159.14400|158.48430,12,159.144,159.47385000000003,158.64922499999997,33,MARKET,TRADE_TAKEN,2026-04-18T13:56:00.000Z,158.59104,2026-04-18T13:56:00.000Z,158.64922499999997,TP,-0.06590885921090393,0.012460212276706841,-0.07836907148761077,0,OVERLAP,false,
USD/JPY,2026-04-18T16:35:00.000Z,secondary_only,short,triggered,1H,159.144,158.4843,159.52353,USD/JPY|1H|short|159.52353|159.14400|158.48430,11,159.144,159.47385000000003,158.64922499999997,33,MARKET,TRADE_TAKEN,2026-04-18T16:36:00.000Z,158.50048999999999,2026-04-18T16:36:00.000Z,158.64922499999997,TP,-0.15280574504806177,0.011301060244924306,-0.16410680529298607,0,NEWYORK,false,
USD/JPY,2026-04-18T21:25:00.000Z,secondary_only,short,triggered,1H,159.144,158.4843,159.52353,USD/JPY|1H|short|159.52353|159.14400|158.48430,10,159.144,159.47385000000003,158.64922499999997,33,MARKET,TRADE_TAKEN,2026-04-18T21:26:00.000Z,158.47738999999999,2026-04-18T21:26:00.000Z,158.64922499999997,TP,-0.17244545691746796,0.01103907833731363,-0.1834845352547816,0,OFF,false,
USD/JPY,2026-04-21T07:30:00.000Z,secondary_only,short,triggered,1H,158.93325,158.83782,159.07485,USD/JPY|1H|short|159.07485|158.93325|158.83782,8.5,158.93325,159.18325,158.55825,25,MARKET,TRADE_TAKEN,2026-04-21T07:31:00.000Z,158.91069,2026-04-21T08:18:00.000Z,159.18325,SL,-1,0.04035808629292654,-1.0403580862929265,47,LONDON,false,
USD/JPY,2026-06-01T17:00:00.000Z,secondary_only,long,triggered,1H,159.68123,159.49658,159.42316,USD/JPY|1H|long|159.42316|159.68123|159.49658,9.5,159.49658,159.24658,159.87158,25,MARKET,TRADE_TAKEN,2026-06-01T17:01:00.000Z,159.61212,2026-06-02T14:22:00.000Z,159.87158,TP,0.7097992011817665,0.03009246594079909,0.6797067352409675,1281,NEWYORK,false,
USD/JPY,2026-07-17T13:45:00.000Z,primary,short,triggered,1H,162.42747500000002,162.38785000000001,162.47638,USD/JPY|1H|short|162.47638|162.42748|162.38785,6.5,162.42747500000002,162.67747500000002,162.05247500000002,25,MARKET,TRADE_TAKEN,2026-07-17T13:46:00.000Z,162.35254999999998,2026-07-19T18:34:00.000Z,162.67747500000002,SL,-1,0.03385396629991162,-1.0338539662999116,3168,OVERLAP,false,
USD/JPY,2026-09-14T01:30:00.000Z,primary,long,triggered,5m,153.71589999999998,153.66005,153.59116,USD/JPY|5m|long|153.59116|153.71590|153.66005,6,153.66005,153.41005,154.03505,25,MARKET,TRADE_TAKEN,2026-09-14T01:31:00.000Z,153.73064000000002,2026-09-14T02:45:00.000Z,154.03505,TP,0.9495305530427669,0.0343117377335527,0.9152188153092142,74,ASIA,false,
USD/JPY,2026-09-17T13:15:00.000Z,primary,long,triggered,1H,155.77849,155.16196,154.89701,USD/JPY|1H|long|154.89701|155.77849|155.16196,9.5,155.16196,154.89701,155.559385,26.5,MARKET,TRADE_TAKEN,2026-09-17T13:16:00.000Z,155.699,2026-09-17T13:16:00.000Z,155.559385,TP,-0.17408571179193927,0.013715881744161095,-0.18780159353610038,0,OVERLAP,false,
GBP/USD,2026-03-31T14:30:00.000Z,secondary_only,short,triggered,1H,1.32666,1.32481,1.32813,GBP/USD|1H|short|1.32813|1.32666|1.32481,7.5,1.32666,1.32916,1.32291,25,MARKET,TRADE_TAKEN,2026-03-31T14:31:00.000Z,1.325455,2026-03-31T14:52:00.000Z,1.32291,TP,0.6869095816464573,0.04048582995951584,0.6464237516869414,21,OVERLAP,false,
GBP/USD,2026-04-01T21:05:00.000Z,secondary_only,short,triggered,1H,1.3345799999999999,1.3284250000000002,1.33487,GBP/USD|1H|short|1.33487|1.33458|1.32843,12.5,1.3345799999999999,1.3370799999999998,1.33083,25,MARKET,TRADE_TAKEN,2026-04-01T21:06:00.000Z,1.330555,2026-04-01T21:06:00.000Z,1.33083,TP,-0.04214559386973636,0.022988505747126818,-0.06513409961686317,0,OFF,false,
GBP/USD,2026-04-28T08:45:00.000Z,secondary_only,long,confirmed,1H,1.351685,1.3513899999999999,1.34887,GBP/USD|1H|long|1.34887|1.35169|1.35139,10,1.3513899999999999,1.34889,1.3551399999999998,25,LIMIT,TRADE_TAKEN,2026-04-28T08:46:00.000Z,1.351435,2026-04-28T09:38:00.000Z,1.34889,SL,-1,0.05893909626719013,-1.05893909626719,52,LONDON,false,
GBP/USD,2026-06-05T12:15:00.000Z,secondary_only,long,triggered,1H,1.34651,1.3414199999999998,1.34086,GBP/USD|1H|long|1.34086|1.34651|1.34142,12.5,1.3414199999999998,1.3389199999999999,1.3451699999999998,25,MARKET,TRADE_TAKEN,2026-06-05T12:16:00.000Z,1.346795,2026-06-05T12:16:00.000Z,1.3451699999999998,TP,-0.20634920634923096,0.019047619047618865,-0.22539682539684983,0,OVERLAP,false,
GBP/USD,2026-07-09T10:10:00.000Z,primary,long,confirmed,1H,1.3398400000000001,1.33913,1.33872,GBP/USD|1H|long|1.33872|1.33984|1.33913,7.5,1.33913,1.33663,1.3428799999999999,25,LIMIT,TRADE_TAKEN,2026-07-09T11:08:00.000Z,1.339175,2026-07-10T01:15:00.000Z,1.3428799999999999,TP,1.455795677799536,0.05893909626719013,1.396856581532346,847,LONDON,false,
GBP/USD,2026-08-07T01:35:00.000Z,primary,long,triggered,1H,1.34534,1.34513,1.34396,GBP/USD|1H|long|1.34396|1.34534|1.34513,8,1.34513,1.34263,1.3488799999999999,25,MARKET,TRADE_TAKEN,2026-08-07T01:36:00.000Z,1.345235,2026-08-07T12:34:00.000Z,1.3488799999999999,TP,1.39923224568136,0.05758157389635387,1.341650671785006,658,ASIA,false,
GBP/USD,2026-08-09T13:35:00.000Z,primary,long,triggered,1H,1.34883,1.34493,1.34347,GBP/USD|1H|long|1.34347|1.34883|1.34493,10.5,1.34493,1.34243,1.3486799999999999,25,MARKET,TRADE_TAKEN,2026-08-09T13:36:00.000Z,1.348675,2026-08-09T14:07:00.000Z,1.3486799999999999,TP,0.0008006405123796103,0.024019215372297623,-0.023218574859918014,31,OVERLAP,false,
GBP/USD,2026-08-09T19:15:00.000Z,primary,long,triggered,1H,1.34883,1.34493,1.34347,GBP/USD|1H|long|1.34347|1.34883|1.34493,10.5,1.34493,1.34243,1.3486799999999999,25,MARKET,TRADE_TAKEN,2026-08-09T19:16:00.000Z,1.349245,2026-08-09T19:16:00.000Z,1.3486799999999999,TP,-0.08290535583274357,0.022010271460014625,-0.10491562729275819,0,NEWYORK,false,
GBP/USD,2026-08-09T23:15:00.000Z,primary,long,triggered,1H,1.34883,1.34493,1.34347,GBP/USD|1H|long|1.34347|1.34883|1.34493,10.5,1.34493,1.34243,1.3486799999999999,25,MARKET,TRADE_TAKEN,2026-08-09T23:16:00.000Z,1.349305,2026-08-09T23:16:00.000Z,1.3486799999999999,TP,-0.0909090909091056,0.021818181818181934,-0.11272727272728753,0,OFF,false,
GBP/USD,2026-08-10T01:00:00.000Z,primary,long,triggered,1H,1.34883,1.34493,1.34347,GBP/USD|1H|long|1.34347|1.34883|1.34493,10.5,1.34493,1.34243,1.3486799999999999,25,MARKET,TRADE_TAKEN,2026-08-10T01:01:00.000Z,1.349135,2026-08-10T01:01:00.000Z,1.3486799999999999,TP,-0.06785980611485412,0.02237136465324398,-0.0902311707680981,0,ASIA,false,
USD/CAD,2026-03-29T00:15:00.000Z,secondary_only,short,triggered,15m,1.388945,1.388905,1.38953,USD/CAD|15m|short|1.38953|1.38895|1.38891,7.5,1.388945,1.3907450000000001,1.3862450000000002,18,MARKET,TRADE_TAKEN,2026-03-29T04:00:00.000Z,1.38883,2026-03-29T05:20:00.000Z,1.3862450000000002,TP,1.3498694516969647,0.08355091383811526,1.2663185378588495,80,ASIA,false,
GBP/USD,2026-04-16T06:55:00.000Z,secondary_only,short,triggered,5m,1.35794,1.35777,1.35821,GBP/USD|5m|short|1.35821|1.35794|1.35777,5.5,1.35794,1.3604399999999999,1.35419,25,MARKET,TRADE_TAKEN,2026-04-16T06:56:00.000Z,1.357345,2026-04-16T09:26:00.000Z,1.35419,TP,1.0193861066236427,0.04846526655896846,0.9709208400646743,150,ASIA,false,
NZD/USD,2026-05-02T16:45:00.000Z,secondary_only,long,confirmed,15m,0.5899650000000001,0.5899049999999999,0.58977,NZD/USD|15m|long|0.58977|0.58997|0.58990,5.5,0.5899049999999999,0.5881049999999999,0.5926049999999999,18,LIMIT,TRADE_TAKEN,2026-05-02T16:46:00.000Z,0.5899649999999999,2026-05-04T04:00:00.000Z,0.5926049999999999,TP,1.4193548387097448,0.09677419354838852,1.3225806451613562,2114,NEWYORK,false,
USD/CHF,2026-05-14T04:45:00.000Z,secondary_only,long,confirmed,1H,0.78184,0.78178,0.78123,USD/CHF|1H|long|0.78123|0.78184|0.78178,6,0.78178,0.77998,0.7844800000000001,18,LIMIT,TRADE_TAKEN,2026-05-14T04:46:00.000Z,0.78183,2026-05-15T00:03:00.000Z,0.7844800000000001,TP,1.4324324324324405,0.08648648648648564,1.3459459459459548,1157,ASIA,false,
USD/CAD,2026-05-28T21:35:00.000Z,secondary_only,long,triggered,5m,1.37813,1.37784,1.37738,USD/CAD|5m|long|1.37738|1.37813|1.37784,6,1.37784,1.37604,1.3805399999999999,18,MARKET,TRADE_TAKEN,2026-05-28T21:36:00.000Z,1.37843,2026-05-29T08:04:00.000Z,1.3805399999999999,TP,0.8828451882844073,0.06694560669455747,0.8158995815898498,628,OFF,false,
AUD/USD,2026-06-16T19:45:00.000Z,secondary_only,short,triggered,1H,0.707345,0.70694,0.7088,AUD/USD|1H|short|0.70880|0.70735|0.70694,10,0.7071425,0.7089425,0.7044425,18,MARKET,TRADE_TAKEN,2026-06-16T19:46:00.000Z,0.70688,2026-06-17T18:06:00.000Z,0.7044425,TP,1.181818181818128,0.06787878787878532,1.1139393939393427,1340,NEWYORK,false,
EUR/USD,2026-07-06T07:15:00.000Z,primary,short,triggered,5m,1.14294,1.14283,1.14326,EUR/USD|5m|short|1.14326|1.14294|1.14283,6,1.1428850000000002,1.1448850000000002,1.1398850000000003,20,MARKET,TRADE_TAKEN,2026-07-06T07:16:00.000Z,1.14225,2026-07-08T09:12:00.000Z,1.1398850000000003,TP,0.8975332068309603,0.037950664136620016,0.8595825426943402,2996,LONDON,false,
NZD/USD,2026-07-24T20:00:00.000Z,primary,long,triggered,1H,0.57874,0.5778650000000001,0.57725,NZD/USD|1H|long|0.57725|0.57874|0.57787,9,0.5778650000000001,0.576065,0.5805650000000001,18,MARKET,TRADE_TAKEN,2026-07-24T20:01:00.000Z,0.57903,2026-07-26T21:23:00.000Z,0.5805650000000001,TP,0.5177065767285216,0.06070826306914007,0.45699831365938154,2962,NEWYORK,false,
USD/JPY,2026-08-10T22:05:00.000Z,primary,short,triggered,5m,159.31844999999998,159.306795,159.35507,USD/JPY|5m|short|159.35507|159.31845|159.30679,4.5,159.31844999999998,159.56844999999998,158.94344999999998,25,MARKET,TRADE_TAKEN,2026-08-10T22:06:00.000Z,159.28155999999998,2026-08-12T09:24:00.000Z,158.94344999999998,TP,1.1785353271288674,0.03834222175746806,1.1401931053713994,2118,OFF,false,
USD/JPY,2026-09-08T18:30:00.000Z,primary,short,triggered,1H,154.25495,154.19497,154.5002,USD/JPY|1H|short|154.50020|154.25495|154.19497,5.5,154.25495,154.50495,153.87995,25,MARKET,TRADE_TAKEN,2026-09-08T18:31:00.000Z,154.26337999999998,2026-09-08T19:00:00.000Z,153.87995,TP,1.587241793268772,0.04553545556153038,1.5417063377072415,29,NEWYORK,false,
NZD/USD,2026-03-29T15:30:00.000Z,secondary_only,long,triggered,1H,0.57823,0.57452,0.57427,NZD/USD|1H|long|0.57427|0.57823|0.57452,13,0.57452,0.57272,0.5772200000000001,18,MARKET,TRADE_TAKEN,2026-03-29T15:31:00.000Z,0.5778,2026-03-29T15:31:00.000Z,0.5772200000000001,TP,-0.11417322834644035,0.03543307086614192,-0.14960629921258228,0,OVERLAP,false,
AUD/USD,2026-04-13T09:15:00.000Z,secondary_only,short,triggered,1H,0.70658,0.70385,0.70721,AUD/USD|1H|short|0.70721|0.70658|0.70385,13,0.7052149999999999,0.70721,0.7022224999999997,20,MARKET,TRADE_TAKEN,2026-04-13T09:16:00.000Z,0.70465,2026-04-13T16:33:00.000Z,0.70721,SL,-1,0.05468749999999986,-1.0546874999999998,437,LONDON,false,
USD/JPY,2026-04-18T15:30:00.000Z,secondary_only,short,triggered,1H,159.144,158.4843,159.52353,USD/JPY|1H|short|159.52353|159.14400|158.48430,11,159.144,159.47385000000003,158.64922499999997,33,MARKET,TRADE_TAKEN,2026-04-18T15:31:00.000Z,158.58607999999998,2026-04-18T15:31:00.000Z,158.64922499999997,TP,-0.07112765693815774,0.012390596663549603,-0.08351825360170735,0,OVERLAP,false,
AUD/USD,2026-04-20T06:00:00.000Z,secondary_only,short,triggered,1H,0.71577,0.71448,0.7175,AUD/USD|1H|short|0.71750|0.71577|0.71448,9,0.715125,0.716925,0.712425,18,MARKET,TRADE_TAKEN,2026-04-20T06:01:00.000Z,0.71476,2026-04-20T13:48:00.000Z,0.716925,SL,-1,0.06466512702078273,-1.0646651270207828,467,ASIA,false,
USD/CAD,2026-05-10T22:00:00.000Z,secondary_only,long,triggered,1H,1.36865,1.36527,1.36257,USD/CAD|1H|long|1.36257|1.36865|1.36527,10.5,1.36527,1.36347,1.36797,18,MARKET,TRADE_TAKEN,2026-05-10T22:01:00.000Z,1.3685,2026-05-10T22:01:00.000Z,1.36797,TP,-0.1053677932405829,0.03180914512922409,-0.137176938369807,0,OFF,false,
GBP/USD,2026-06-05T12:35:00.000Z,secondary_only,long,triggered,1H,1.34651,1.3414199999999998,1.34086,GBP/USD|1H|long|1.34086|1.34651|1.34142,12.5,1.3414199999999998,1.3389199999999999,1.3451699999999998,25,MARKET,TRADE_TAKEN,2026-06-05T12:36:00.000Z,1.344205,2026-06-05T14:17:00.000Z,1.3389199999999999,SL,-1,0.028382213812676284,-1.0283822138126764,101,OVERLAP,false,
USD/CHF,2026-07-08T21:30:00.000Z,primary,long,triggered,1H,0.80816,0.807555,0.80644,USD/CHF|1H|long|0.80644|0.80816|0.80756,10.5,0.807555,0.805755,0.8102550000000001,18,MARKET,TRADE_TAKEN,2026-07-08T21:31:00.000Z,0.80851,2026-07-09T06:23:00.000Z,0.805755,SL,-1,0.05807622504537307,-1.058076225045373,532,OFF,false,
GBP/USD,2026-08-08T16:25:00.000Z,primary,long,triggered,1H,1.34883,1.34493,1.34347,GBP/USD|1H|long|1.34347|1.34883|1.34493,12,1.34493,1.34243,1.3486799999999999,25,MARKET,TRADE_TAKEN,2026-08-08T16:26:00.000Z,1.349245,2026-08-08T16:26:00.000Z,1.3486799999999999,TP,-0.08290535583274357,0.022010271460014625,-0.10491562729275819,0,NEWYORK,false,
GBP/USD,2026-08-10T01:15:00.000Z,primary,long,triggered,1H,1.34883,1.34493,1.34347,GBP/USD|1H|long|1.34347|1.34883|1.34493,10.5,1.34493,1.34243,1.3486799999999999,25,MARKET,TRADE_TAKEN,2026-08-10T01:16:00.000Z,1.348765,2026-08-10T01:16:00.000Z,1.3486799999999999,TP,-0.013417521704832366,0.02367797947908453,-0.0370955011839169,0,ASIA,false,
USD/JPY,2026-09-16T01:10:00.000Z,primary,long,triggered,5m,155.31496,155.20334,155.13837,USD/JPY|5m|long|155.13837|155.31496|155.20334,5.5,155.20334,154.95334,155.57834,25,MARKET,TRADE_TAKEN,2026-09-16T01:11:00.000Z,155.36217000000002,2026-09-16T07:13:00.000Z,154.95334,SL,-1,0.0269060489690076,-1.0269060489690076,362,ASIA,false,
NZD/USD,2026-03-29T17:10:00.000Z,secondary_only,long,triggered,1H,0.57823,0.57452,0.57427,NZD/USD|1H|long|0.57427|0.57823|0.57452,12.5,0.57452,0.57272,0.5772200000000001,18,MARKET,INVALIDATED_BEFORE_ENTRY,,,,,,,,,,NEWYORK,false,
NZD/USD,2026-04-12T15:00:00.000Z,secondary_only,long,triggered,1H,0.5839300000000001,0.583385,0.58266,NZD/USD|1H|long|0.58266|0.58393|0.58339,9.5,0.583385,0.581585,0.5860850000000001,18,MARKET,INVALIDATED_BEFORE_ENTRY,,,,,,,,,,OVERLAP,false,
GBP/USD,2026-04-22T22:40:00.000Z,secondary_only,long,triggered,15m,1.35032,1.34879,1.34724,GBP/USD|15m|long|1.34724|1.35032|1.34879,7,1.34879,1.34629,1.3525399999999999,25,MARKET,INVALIDATED_BEFORE_ENTRY,,,,,,,,,,OFF,false,
EUR/USD,2026-05-03T23:15:00.000Z,secondary_only,long,triggered,1H,1.1743700000000001,1.173225,1.17193,EUR/USD|1H|long|1.17193|1.17437|1.17322,12,1.1737975,1.1717975,1.1767975,20,MARKET,INVALIDATED_BEFORE_ENTRY,,,,,,,,,,OFF,false,
EUR/USD,2026-06-07T21:20:00.000Z,secondary_only,short,triggered,1H,1.15206,1.15191,1.15246,EUR/USD|1H|short|1.15246|1.15206|1.15191,9,1.151985,1.153985,1.1489850000000001,20,MARKET,INVALIDATED_BEFORE_ENTRY,,,,,,,,,,OFF,false,
USD/CHF,2026-06-26T11:40:00.000Z,secondary_only,short,confirmed,5m,0.80857,0.8085100000000001,0.80886,USD/CHF|5m|short|0.80886|0.80857|0.80851,5.5,0.80857,0.81037,0.80587,18,LIMIT,INVALIDATED_BEFORE_ENTRY,,,,,,,,,,LONDON,false,
USD/CAD,2026-07-07T03:50:00.000Z,primary,long,triggered,1H,1.422975,1.42147,1.42052,USD/CAD|1H|long|1.42052|1.42298|1.42147,8.5,1.42147,1.41967,1.42417,18,MARKET,INVALIDATED_BEFORE_ENTRY,,,,,,,,,,ASIA,false,
USD/JPY,2026-07-19T15:10:00.000Z,primary,short,confirmed,1H,162.42747500000002,162.38785000000001,162.47638,USD/JPY|1H|short|162.47638|162.42748|162.38785,10.5,162.42747500000002,162.67747500000002,162.05247500000002,25,LIMIT,INVALIDATED_BEFORE_ENTRY,,,,,,,,,,OVERLAP,false,
USD/CAD,2026-08-12T16:50:00.000Z,primary,short,triggered,1H,1.393835,1.39326,1.39413,USD/CAD|1H|short|1.39413|1.39383|1.39326,8,1.393835,1.395635,1.391135,18,MARKET,INVALIDATED_BEFORE_ENTRY,,,,,,,,,,NEWYORK,false,
AUD/USD,2026-09-04T23:10:00.000Z,primary,short,triggered,1H,0.720505,0.720035,0.72147,AUD/USD|1H|short|0.72147|0.72050|0.72003,10.5,0.72027,0.72207,0.7175699999999999,18,MARKET,INVALIDATED_BEFORE_ENTRY,,,,,,,,,,OFF,false,
USD/CAD,2026-09-04T11:45:00.000Z,primary,short,triggered,1H,1.38109,1.38048,1.38371,USD/CAD|1H|short|1.38371|1.38109|1.38048,6.5,1.38109,1.38289,1.37839,18,MARKET,AMBIGUOUS_EXECUTION,2026-09-04T11:46:00.000Z,1.38075,2026-09-04T12:30:00.000Z,,,,,,,LONDON,true,TP_AND_SL_IN_SAME_MINUTE
USD/CAD,2026-09-04T11:50:00.000Z,primary,short,triggered,1H,1.38109,1.38048,1.38371,USD/CAD|1H|short|1.38371|1.38109|1.38048,6.5,1.38109,1.38289,1.37839,18,MARKET,AMBIGUOUS_EXECUTION,2026-09-04T11:51:00.000Z,1.38049,2026-09-04T12:30:00.000Z,,,,,,,LONDON,true,TP_AND_SL_IN_SAME_MINUTE
USD/CAD,2026-09-13T18:20:00.000Z,primary,long,confirmed,15m,1.3847,1.38442,1.38351,USD/CAD|15m|long|1.38351|1.38470|1.38442,7,1.38442,1.38262,1.38712,18,LIMIT,AMBIGUOUS_EXECUTION,2026-09-13T18:22:00.000Z,1.38447,2026-09-13T18:23:00.000Z,,,,,,,NEWYORK,true,TP_AND_SL_IN_SAME_MINUTE
NZD/USD,2026-09-25T07:15:00.000Z,primary,short,confirmed,5m,0.5665,0.56641,0.56685,NZD/USD|5m|short|0.56685|0.56650|0.56641,5.5,0.5665,0.5683,0.5638,18,LIMIT,DATA_UNRESOLVED,2026-09-25T07:16:00.000Z,0.56644,,,,,,,,LONDON,true,OPEN_AT_CORPUS_END
NZD/USD,2026-09-25T07:20:00.000Z,primary,short,triggered,5m,0.5665,0.56641,0.56685,NZD/USD|5m|short|0.56685|0.56650|0.56641,5.5,0.5665,0.5683,0.5638,18,MARKET,DATA_UNRESOLVED,2026-09-25T07:21:00.000Z,0.56667,,,,,,,,LONDON,true,OPEN_AT_CORPUS_END
NZD/USD,2026-09-25T07:25:00.000Z,primary,short,triggered,5m,0.5665,0.56641,0.56685,NZD/USD|5m|short|0.56685|0.56650|0.56641,5.5,0.5665,0.5683,0.5638,18,MARKET,DATA_UNRESOLVED,2026-09-25T07:26:00.000Z,0.56641,,,,,,,,LONDON,true,OPEN_AT_CORPUS_END
NZD/USD,2026-09-25T07:30:00.000Z,primary,short,triggered,5m,0.5665,0.56641,0.56685,NZD/USD|5m|short|0.56685|0.56650|0.56641,5.5,0.5665,0.5683,0.5638,18,MARKET,DATA_UNRESOLVED,2026-09-25T07:31:00.000Z,0.5662699999999999,,,,,,,,LONDON,true,OPEN_AT_CORPUS_END
NZD/USD,2026-09-25T07:35:00.000Z,primary,short,triggered,5m,0.5665,0.56641,0.56685,NZD/USD|5m|short|0.56685|0.56650|0.56641,5.5,0.5665,0.5683,0.5638,18,MARKET,DATA_UNRESOLVED,2026-09-25T07:36:00.000Z,0.56622,,,,,,,,LONDON,true,OPEN_AT_CORPUS_END
NZD/USD,2026-09-25T07:40:00.000Z,primary,short,triggered,5m,0.5665,0.56641,0.56685,NZD/USD|5m|short|0.56685|0.56650|0.56641,5.5,0.5665,0.5683,0.5638,18,MARKET,DATA_UNRESOLVED,2026-09-25T07:41:00.000Z,0.56641,,,,,,,,LONDON,true,OPEN_AT_CORPUS_END
NZD/USD,2026-09-25T13:35:00.000Z,primary,short,triggered,5m,0.567175,0.566905,0.56718,NZD/USD|5m|short|0.56718|0.56717|0.56690,6,0.567175,0.568975,0.564475,18,MARKET,DATA_UNRESOLVED,2026-09-25T13:36:00.000Z,0.5666899999999999,,,,,,,,OVERLAP,true,OPEN_AT_CORPUS_END
