section,kind,family,group,name,feature,n,sample_warning,win_rate,expectancy_r,profit_factor,net_r,chron_dd_r,diff_vs_rest_r,spearman_rho,q5_minus_q1_r,raw_p,holm_p,bh_q,ci95_lo,ci95_hi,stability,candidate,note
PRE_ENTRY_TEST,COHORT,A,A. penetration depth (deepest closed 1m bar of the visit before fill),DEPTH 0-20%,max_penetration_bucket,65,,0.8615,1.0219,4.637,66.43,6.56,0.8753,,,0.0020,0.0680,0.0350,0.6678,1.3400,STABLE,true,
PRE_ENTRY_TEST,COHORT,A,A. penetration depth (deepest closed 1m bar of the visit before fill),DEPTH 20-40%,max_penetration_bucket,19,SMALL,0.8947,1.1344,4.701,21.55,3.51,0.9501,,,0.0465,1.0000,0.2255,0.4259,1.6874,TOO_SMALL,false,
PRE_ENTRY_TEST,COHORT,A,A. penetration depth (deepest closed 1m bar of the visit before fill),DEPTH 40-60%,max_penetration_bucket,54,,0.7222,0.5632,1.841,30.41,9.82,0.3814,,,0.1880,1.0000,0.4873,0.0333,1.0538,TOO_SMALL,false,
PRE_ENTRY_TEST,COHORT,A,A. penetration depth (deepest closed 1m bar of the visit before fill),DEPTH 60-80%,max_penetration_bucket,123,,0.6829,0.4202,1.639,51.68,13.16,0.2479,,,0.2115,1.0000,0.4873,0.0879,0.7360,STABLE,false,
PRE_ENTRY_TEST,COHORT,A,A. penetration depth (deepest closed 1m bar of the visit before fill),DEPTH 80-100%,max_penetration_bucket,408,,0.5833,0.0289,1.030,11.80,68.11,-0.2859,,,0.0295,0.8849,0.1721,-0.1997,0.2410,REVERSES,false,
PRE_ENTRY_TEST,COHORT,A,A. penetration depth (deepest closed 1m bar of the visit before fill),DEPTH >100%,max_penetration_bucket,363,,0.5537,0.0727,1.083,26.38,27.49,-0.1992,,,0.1355,1.0000,0.4311,-0.1371,0.2674,STABLE,false,
PRE_ENTRY_TEST,COHORT,B,B. first vs repeated touch,FIRST TOUCH,first_touch_trade,72,,0.4722,-0.0877,0.907,-6.31,17.78,-0.3112,,,0.2228,1.0000,0.4873,-0.5371,0.3391,MIXED,false,
PRE_ENTRY_TEST,COHORT,C,C. local sweep,SWEEP PRESENT,sweep_present,386,,0.6554,0.3362,1.435,129.76,43.81,0.2146,,,0.1090,1.0000,0.3815,0.1068,0.5507,REVERSES,false,
PRE_ENTRY_TEST,COHORT,D,D. micro CHoCH,ALIGNED CHoCH SINCE FIRST TOUCH,micro_choch_before_fill,260,,0.5423,0.0794,1.092,20.65,23.02,-0.1636,,,0.2663,1.0000,0.4992,-0.1595,0.3064,REVERSES,false,
PRE_ENTRY_TEST,COHORT,E,E. displacement,FAVORABLE DISPLACEMENT,displacement_favorable,69,,0.6522,0.2377,1.309,16.40,14.27,0.0384,,,0.8817,1.0000,0.9644,-0.2190,0.6869,REVERSES,false,
PRE_ENTRY_TEST,COHORT,E,E. displacement,ADVERSE DISPLACEMENT (impulsive approach),displacement_adverse,316,,0.6171,0.2047,1.260,64.70,21.24,0.0042,,,0.9762,1.0000,0.9762,-0.0101,0.4181,REVERSES,false,
PRE_ENTRY_TEST,COHORT,F,F. first touch to fill,TTF 0 min,ttf_bucket,49,,0.8571,1.0544,4.427,51.67,7.00,0.8951,,,0.0035,0.1155,0.0408,0.6266,1.4104,STABLE,false,
PRE_ENTRY_TEST,COHORT,F,F. first touch to fill,TTF 1-15 min,ttf_bucket,407,,0.6953,0.3538,1.473,143.99,23.38,0.2509,,,0.0580,1.0000,0.2255,0.1414,0.5587,STABLE,false,
PRE_ENTRY_TEST,COHORT,F,F. first touch to fill,TTF 15-60 min,ttf_bucket,261,,0.5939,0.0911,1.098,23.78,41.55,-0.1481,,,0.3138,1.0000,0.4992,-0.1888,0.3620,STABLE,false,
PRE_ENTRY_TEST,COHORT,F,F. first touch to fill,TTF 60-240 min,ttf_bucket,198,,0.5152,0.0318,1.037,6.30,20.71,-0.2104,,,0.2044,1.0000,0.4873,-0.2175,0.2869,REVERSES,false,
PRE_ENTRY_TEST,COHORT,F,F. first touch to fill,TTF >240 min,ttf_bucket,117,,0.4530,-0.1494,0.849,-17.47,21.74,-0.3960,,,0.0531,1.0000,0.2255,-0.5085,0.2063,MIXED,false,
PRE_ENTRY_TEST,COHORT,G,G. intended-vs-actual entry difference,DIFF 0 (limit fill at intended price),entry_difference_bucket,1032,,0.6153,0.2018,1.245,208.25,45.56,,,,,,,0.0724,0.3287,TOO_SMALL,false,DEGENERATE: every trade is in this cohort
PRE_ENTRY_TEST,TREND,trend,"Spearman(feature, net R)",max_penetration_before_fill,max_penetration_before_fill,1032,,,,,,,,-0.0314,-0.5197,0.3106,1.0000,0.4992,,,STABLE,false,
PRE_ENTRY_TEST,TREND,trend,"Spearman(feature, net R)",minutes_from_first_touch_to_fill,minutes_from_first_touch_to_fill,1021,,,,,,,,-0.0333,-1.0058,0.2863,1.0000,0.4992,,,REVERSES,false,
PRE_ENTRY_TEST,TREND,trend,"Spearman(feature, net R)",touch_count_before_fill,touch_count_before_fill,1032,,,,,,,,-0.0011,-0.0498,0.9731,1.0000,0.9762,,,REVERSES,false,
PRE_ENTRY_TEST,TREND,trend,"Spearman(feature, net R)",zone_reentry_count_before_fill,zone_reentry_count_before_fill,1032,,,,,,,,0.0123,,0.6939,1.0000,0.8995,,,REVERSES,false,8 distinct values: value table instead of deciles; not eligible via trend
PRE_ENTRY_TEST,TREND,trend,"Spearman(feature, net R)",zone_width_atr,zone_width_atr,1032,,,,,,,,0.0075,-0.7922,0.8065,1.0000,0.9332,,,REVERSES,false,
PRE_ENTRY_TEST,TREND,trend,"Spearman(feature, net R)",zone_age_bars,zone_age_bars,1032,,,,,,,,0.0009,-0.0995,0.9737,1.0000,0.9762,,,REVERSES,false,
PRE_ENTRY_TEST,TREND,trend,"Spearman(feature, net R)",ipo_range_atr,ipo_range_atr,1032,,,,,,,,0.0075,-0.7922,0.8121,1.0000,0.9332,,,REVERSES,false,
PRE_ENTRY_TEST,TREND,trend,"Spearman(feature, net R)",approach10_return_atr,approach10_return_atr,1032,,,,,,,,0.0155,-0.3574,0.6157,1.0000,0.8620,,,REVERSES,false,
PRE_ENTRY_TEST,TREND,trend,"Spearman(feature, net R)",approach10_path_efficiency,approach10_path_efficiency,1031,,,,,,,,0.0232,0.3493,0.4630,1.0000,0.6751,,,REVERSES,false,
PRE_ENTRY_TEST,TREND,trend,"Spearman(feature, net R)",approach10_directional_bar_ratio,approach10_directional_bar_ratio,1032,,,,,,,,0.0067,-0.0059,0.8265,1.0000,0.9332,,,REVERSES,false,
PRE_ENTRY_TEST,TREND,trend,"Spearman(feature, net R)",approach10_body_dominance,approach10_body_dominance,1005,,,,,,,,-0.0873,-0.1133,0.0054,0.1728,0.0472,,,REVERSES,false,
PRE_ENTRY_TEST,TREND,trend,"Spearman(feature, net R)",approach10_overlap_ratio,approach10_overlap_ratio,1005,,,,,,,,0.0809,0.2962,0.0122,0.3782,0.0854,,,REVERSES,false,
PRE_ENTRY_TEST,TREND,trend,"Spearman(feature, net R)",approach10_range_atr,approach10_range_atr,1032,,,,,,,,-0.0079,0.0016,0.8030,1.0000,0.9332,,,REVERSES,false,
PRE_ENTRY_TEST,TREND,trend,"Spearman(feature, net R)",last_bar_rejection_wick_ratio,last_bar_rejection_wick_ratio,952,,,,,,,,0.0299,-0.1461,0.3645,1.0000,0.5546,,,REVERSES,false,
PRE_ENTRY_TEST,TREND,trend,"Spearman(feature, net R)",last_bar_close_position,last_bar_close_position,952,,,,,,,,0.0148,-0.2509,0.6497,1.0000,0.8746,,,REVERSES,false,
PRE_ENTRY_TEST,TREND,trend,"Spearman(feature, net R)",last_bar_range_atr,last_bar_range_atr,1032,,,,,,,,0.0342,0.3051,0.2756,1.0000,0.4992,,,REVERSES,false,
PRE_ENTRY_TEST,TREND,trend,"Spearman(feature, net R)",strongest_reaction_body_ratio,strongest_reaction_body_ratio,825,,,,,,,,-0.0396,-0.3036,0.2552,1.0000,0.4992,,,REVERSES,false,
PRE_ENTRY_TEST,TREND,trend,"Spearman(feature, net R)",cost_r,cost_r,1032,,,,,,,,-0.2394,0.2403,0.0001,0.0035,0.0035,,,STABLE,false,
PRE_ENTRY_TEST,TREND,trend,"Spearman(feature, net R)",risk_atr_1m,risk_atr_1m,1032,,,,,,,,-0.0433,-1.1606,0.1631,1.0000,0.4757,,,REVERSES,false,
PRE_ENTRY_DECILE,DECILE,trend,0 .. 47.48201438847312,D1/10,max_penetration_before_fill,103,,0.8641,1.0460,,,,,,,,,,,,descriptive,,
PRE_ENTRY_DECILE,DECILE,trend,47.627998567853425 .. 72.0000000000675,D2/10,max_penetration_before_fill,103,,0.7184,0.5002,,,,,,,,,,,,descriptive,,
PRE_ENTRY_DECILE,DECILE,trend,72.72506893730423 .. 83.9910602210467,D3/10,max_penetration_before_fill,103,,0.6214,0.2211,,,,,,,,,,,,descriptive,,
PRE_ENTRY_DECILE,DECILE,trend,84.03361344536718 .. 89.94974874371407,D4/10,max_penetration_before_fill,103,,0.5922,0.0862,,,,,,,,,,,,descriptive,,
PRE_ENTRY_DECILE,DECILE,trend,89.97054920872039 .. 94.96881028175314,D5/10,max_penetration_before_fill,104,,0.5288,-0.2307,,,,,,,,,,,,descriptive,,
PRE_ENTRY_DECILE,DECILE,trend,95.00475023750414 .. 98.46153846154529,D6/10,max_penetration_before_fill,103,,0.5825,0.1568,,,,,,,,,,,,descriptive,,
PRE_ENTRY_DECILE,DECILE,trend,98.48484848483879 .. 124.22360248449449,D7/10,max_penetration_before_fill,103,,0.5728,0.0259,,,,,,,,,,,,descriptive,,
PRE_ENTRY_DECILE,DECILE,trend,124.52830188678519 .. 166.66666666666666,D8/10,max_penetration_before_fill,103,,0.4466,-0.3057,,,,,,,,,,,,descriptive,,
PRE_ENTRY_DECILE,DECILE,trend,166.8965517241599 .. 215.30631148047738,D9/10,max_penetration_before_fill,103,,0.6019,0.2649,,,,,,,,,,,,descriptive,,
PRE_ENTRY_DECILE,DECILE,trend,215.78947368419514 .. 1059.9999999996626,D10/10,max_penetration_before_fill,104,,0.6250,0.2568,,,,,,,,,,,,descriptive,,
PRE_ENTRY_DECILE,DECILE,trend,0 .. 1,D1/10,minutes_from_first_touch_to_fill,102,,0.8725,1.0799,,,,,,,,,,,,descriptive,,
PRE_ENTRY_DECILE,DECILE,trend,1 .. 4,D2/10,minutes_from_first_touch_to_fill,102,,0.7549,0.6422,,,,,,,,,,,,descriptive,,
PRE_ENTRY_DECILE,DECILE,trend,4 .. 6,D3/10,minutes_from_first_touch_to_fill,102,,0.6176,0.1258,,,,,,,,,,,,descriptive,,
PRE_ENTRY_DECILE,DECILE,trend,7 .. 12,D4/10,minutes_from_first_touch_to_fill,102,,0.6176,0.0391,,,,,,,,,,,,descriptive,,
PRE_ENTRY_DECILE,DECILE,trend,12 .. 20,D5/10,minutes_from_first_touch_to_fill,102,,0.6765,0.3499,,,,,,,,,,,,descriptive,,
PRE_ENTRY_DECILE,DECILE,trend,20 .. 35,D6/10,minutes_from_first_touch_to_fill,102,,0.5490,-0.1817,,,,,,,,,,,,descriptive,,
PRE_ENTRY_DECILE,DECILE,trend,35 .. 59,D7/10,minutes_from_first_touch_to_fill,102,,0.5980,0.0727,,,,,,,,,,,,descriptive,,
PRE_ENTRY_DECILE,DECILE,trend,59 .. 90,D8/10,minutes_from_first_touch_to_fill,102,,0.5392,0.1501,,,,,,,,,,,,descriptive,,
PRE_ENTRY_DECILE,DECILE,trend,91 .. 245,D9/10,minutes_from_first_touch_to_fill,102,,0.5000,-0.0498,,,,,,,,,,,,descriptive,,
PRE_ENTRY_DECILE,DECILE,trend,248 .. 3791,D10/10,minutes_from_first_touch_to_fill,103,,0.4369,-0.2212,,,,,,,,,,,,descriptive,,
PRE_ENTRY_DECILE,DECILE,trend,1 .. 2,D1/10,touch_count_before_fill,103,,0.5146,-0.0639,,,,,,,,,,,,descriptive,,
PRE_ENTRY_DECILE,DECILE,trend,2 .. 2,D2/10,touch_count_before_fill,103,,0.6602,0.4106,,,,,,,,,,,,descriptive,,
PRE_ENTRY_DECILE,DECILE,trend,2 .. 2,D3/10,touch_count_before_fill,103,,0.6505,0.2684,,,,,,,,,,,,descriptive,,
PRE_ENTRY_DECILE,DECILE,trend,2 .. 2,D4/10,touch_count_before_fill,103,,0.6311,0.1642,,,,,,,,,,,,descriptive,,
PRE_ENTRY_DECILE,DECILE,trend,2 .. 3,D5/10,touch_count_before_fill,104,,0.6538,0.3039,,,,,,,,,,,,descriptive,,
PRE_ENTRY_DECILE,DECILE,trend,3 .. 3,D6/10,touch_count_before_fill,103,,0.7184,0.6141,,,,,,,,,,,,descriptive,,
PRE_ENTRY_DECILE,DECILE,trend,3 .. 3,D7/10,touch_count_before_fill,103,,0.6019,0.0550,,,,,,,,,,,,descriptive,,
PRE_ENTRY_DECILE,DECILE,trend,3 .. 4,D8/10,touch_count_before_fill,103,,0.5631,0.0018,,,,,,,,,,,,descriptive,,
PRE_ENTRY_DECILE,DECILE,trend,4 .. 5,D9/10,touch_count_before_fill,103,,0.6117,0.1356,,,,,,,,,,,,descriptive,,
PRE_ENTRY_DECILE,DECILE,trend,5 .. 18,D10/10,touch_count_before_fill,104,,0.5481,0.1280,,,,,,,,,,,,descriptive,,
PRE_ENTRY_DECILE,DECILE,trend,0 .. 0,= 0,zone_reentry_count_before_fill,760,,0.6066,0.1998,,,,,,,,,,,,descriptive,,
PRE_ENTRY_DECILE,DECILE,trend,1 .. 1,= 1,zone_reentry_count_before_fill,154,,0.6753,0.3666,,,,,,,,,,,,descriptive,,
PRE_ENTRY_DECILE,DECILE,trend,2 .. 2,= 2,zone_reentry_count_before_fill,64,,0.6250,0.3073,,,,,,,,,,,,descriptive,,
PRE_ENTRY_DECILE,DECILE,trend,3 .. 3,= 3,zone_reentry_count_before_fill,23,SMALL,0.6087,0.0544,,,,,,,,,,,,descriptive,,
PRE_ENTRY_DECILE,DECILE,trend,4 .. 4,= 4,zone_reentry_count_before_fill,22,SMALL,0.6818,0.4069,,,,,,,,,,,,descriptive,,
PRE_ENTRY_DECILE,DECILE,trend,5 .. 5,= 5,zone_reentry_count_before_fill,5,TOO SMALL,0.2000,-3.8948,,,,,,,,,,,,descriptive,,
PRE_ENTRY_DECILE,DECILE,trend,6 .. 6,= 6,zone_reentry_count_before_fill,2,TOO SMALL,0.0000,-2.6626,,,,,,,,,,,,descriptive,,
PRE_ENTRY_DECILE,DECILE,trend,9 .. 9,= 9,zone_reentry_count_before_fill,2,TOO SMALL,0.0000,-2.5462,,,,,,,,,,,,descriptive,,
PRE_ENTRY_DECILE,DECILE,trend,0.09521829701985354 .. 0.26317063841654015,D1/10,zone_width_atr,103,,0.7573,0.6121,,,,,,,,,,,,descriptive,,
PRE_ENTRY_DECILE,DECILE,trend,0.2649549260166795 .. 0.3144239366925942,D2/10,zone_width_atr,103,,0.8155,0.6780,,,,,,,,,,,,descriptive,,
PRE_ENTRY_DECILE,DECILE,trend,0.31577804342175153 .. 0.3669299224394361,D3/10,zone_width_atr,103,,0.6990,0.2552,,,,,,,,,,,,descriptive,,
PRE_ENTRY_DECILE,DECILE,trend,0.367112202120396 .. 0.4205053955545418,D4/10,zone_width_atr,103,,0.6990,0.4398,,,,,,,,,,,,descriptive,,
PRE_ENTRY_DECILE,DECILE,trend,0.42119216591722203 .. 0.4763461781222064,D5/10,zone_width_atr,104,,0.6923,0.4301,,,,,,,,,,,,descriptive,,
PRE_ENTRY_DECILE,DECILE,trend,0.47654853490590443 .. 0.552234981500761,D6/10,zone_width_atr,103,,0.5728,-0.1476,,,,,,,,,,,,descriptive,,
PRE_ENTRY_DECILE,DECILE,trend,0.5526626442860694 .. 0.638417161575458,D7/10,zone_width_atr,103,,0.6408,0.4200,,,,,,,,,,,,descriptive,,
PRE_ENTRY_DECILE,DECILE,trend,0.6388470581686626 .. 0.7586866981777474,D8/10,zone_width_atr,103,,0.4078,-0.3599,,,,,,,,,,,,descriptive,,
PRE_ENTRY_DECILE,DECILE,trend,0.7588235605008969 .. 0.9720297344808487,D9/10,zone_width_atr,103,,0.5146,0.0662,,,,,,,,,,,,descriptive,,
PRE_ENTRY_DECILE,DECILE,trend,0.9782789531307919 .. 3.935308267841485,D10/10,zone_width_atr,104,,0.3558,-0.3724,,,,,,,,,,,,descriptive,,
PRE_ENTRY_DECILE,DECILE,trend,3 .. 7,D1/10,zone_age_bars,103,,0.5922,0.0242,,,,,,,,,,,,descriptive,,
PRE_ENTRY_DECILE,DECILE,trend,7 .. 11,D2/10,zone_age_bars,103,,0.6505,0.2754,,,,,,,,,,,,descriptive,,
PRE_ENTRY_DECILE,DECILE,trend,11 .. 17,D3/10,zone_age_bars,103,,0.5825,0.0442,,,,,,,,,,,,descriptive,,
PRE_ENTRY_DECILE,DECILE,trend,17 .. 23,D4/10,zone_age_bars,103,,0.6311,0.3392,,,,,,,,,,,,descriptive,,
PRE_ENTRY_DECILE,DECILE,trend,23 .. 34,D5/10,zone_age_bars,104,,0.6250,0.3161,,,,,,,,,,,,descriptive,,
PRE_ENTRY_DECILE,DECILE,trend,34 .. 54,D6/10,zone_age_bars,103,,0.6214,0.2059,,,,,,,,,,,,descriptive,,
PRE_ENTRY_DECILE,DECILE,trend,54 .. 87,D7/10,zone_age_bars,103,,0.6893,0.4760,,,,,,,,,,,,descriptive,,
PRE_ENTRY_DECILE,DECILE,trend,88 .. 165,D8/10,zone_age_bars,103,,0.6019,0.2504,,,,,,,,,,,,descriptive,,
PRE_ENTRY_DECILE,DECILE,trend,168 .. 325,D9/10,zone_age_bars,103,,0.6117,0.1839,,,,,,,,,,,,descriptive,,
PRE_ENTRY_DECILE,DECILE,trend,325 .. 1725,D10/10,zone_age_bars,104,,0.5481,-0.0955,,,,,,,,,,,,descriptive,,
PRE_ENTRY_DECILE,DECILE,trend,0.19043659403969995 .. 0.5263412768330803,D1/10,ipo_range_atr,103,,0.7573,0.6121,,,,,,,,,,,,descriptive,,
PRE_ENTRY_DECILE,DECILE,trend,0.529909852033359 .. 0.6288478733851587,D2/10,ipo_range_atr,103,,0.8155,0.6780,,,,,,,,,,,,descriptive,,
PRE_ENTRY_DECILE,DECILE,trend,0.6315560868434947 .. 0.7338598448788722,D3/10,ipo_range_atr,103,,0.6990,0.2552,,,,,,,,,,,,descriptive,,
PRE_ENTRY_DECILE,DECILE,trend,0.7342244042407476 .. 0.8410107911090836,D4/10,ipo_range_atr,103,,0.6990,0.4398,,,,,,,,,,,,descriptive,,
PRE_ENTRY_DECILE,DECILE,trend,0.8423843318344441 .. 0.9526923562444128,D5/10,ipo_range_atr,104,,0.6923,0.4301,,,,,,,,,,,,descriptive,,
PRE_ENTRY_DECILE,DECILE,trend,0.9530970698118301 .. 1.1044699630014365,D6/10,ipo_range_atr,103,,0.5728,-0.1476,,,,,,,,,,,,descriptive,,
PRE_ENTRY_DECILE,DECILE,trend,1.1053252885721387 .. 1.2768343231510093,D7/10,ipo_range_atr,103,,0.6408,0.4200,,,,,,,,,,,,descriptive,,
PRE_ENTRY_DECILE,DECILE,trend,1.2776941163373252 .. 1.5173733963554947,D8/10,ipo_range_atr,103,,0.4078,-0.3599,,,,,,,,,,,,descriptive,,
PRE_ENTRY_DECILE,DECILE,trend,1.5176471210017939 .. 1.9440594689615065,D9/10,ipo_range_atr,103,,0.5146,0.0662,,,,,,,,,,,,descriptive,,
PRE_ENTRY_DECILE,DECILE,trend,1.9565579062615839 .. 7.870616535683136,D10/10,ipo_range_atr,104,,0.3558,-0.3724,,,,,,,,,,,,descriptive,,
PRE_ENTRY_DECILE,DECILE,trend,-11.894848728309933 .. -5.111192474838539,D1/10,approach10_return_atr,103,,0.7184,0.5114,,,,,,,,,,,,descriptive,,
PRE_ENTRY_DECILE,DECILE,trend,-5.098738207936682 .. -3.968038413841366,D2/10,approach10_return_atr,103,,0.6408,0.2268,,,,,,,,,,,,descriptive,,
PRE_ENTRY_DECILE,DECILE,trend,-3.967096279183297 .. -3.231754339924461,D3/10,approach10_return_atr,103,,0.5728,0.0106,,,,,,,,,,,,descriptive,,
PRE_ENTRY_DECILE,DECILE,trend,-3.2271066810668483 .. -2.694671149292455,D4/10,approach10_return_atr,103,,0.6117,0.2281,,,,,,,,,,,,descriptive,,
PRE_ENTRY_DECILE,DECILE,trend,-2.691769139238191 .. -2.17014647280156,D5/10,approach10_return_atr,104,,0.5577,0.0237,,,,,,,,,,,,descriptive,,
PRE_ENTRY_DECILE,DECILE,trend,-2.1545340986415917 .. -1.5833437323254005,D6/10,approach10_return_atr,103,,0.6602,0.5422,,,,,,,,,,,,descriptive,,
PRE_ENTRY_DECILE,DECILE,trend,-1.578727585230473 .. -1.1055040452363054,D7/10,approach10_return_atr,103,,0.5922,0.0052,,,,,,,,,,,,descriptive,,
PRE_ENTRY_DECILE,DECILE,trend,-1.1045138954448606 .. -0.40968800275755285,D8/10,approach10_return_atr,103,,0.6796,0.4456,,,,,,,,,,,,descriptive,,
PRE_ENTRY_DECILE,DECILE,trend,-0.4032394187480043 .. 0.7129096323668156,D9/10,approach10_return_atr,103,,0.5631,-0.1032,,,,,,,,,,,,descriptive,,
PRE_ENTRY_DECILE,DECILE,trend,0.7217727171845901 .. 6.66108462180627,D10/10,approach10_return_atr,104,,0.5577,0.1300,,,,,,,,,,,,descriptive,,
PRE_ENTRY_DECILE,DECILE,trend,0 .. 0.1153846153845497,D1/10,approach10_path_efficiency,103,,0.5437,-0.1926,,,,,,,,,,,,descriptive,,
PRE_ENTRY_DECILE,DECILE,trend,0.11694086260553875 .. 0.20689655172408072,D2/10,approach10_path_efficiency,103,,0.6311,0.3604,,,,,,,,,,,,descriptive,,
PRE_ENTRY_DECILE,DECILE,trend,0.20696964713192695 .. 0.28205128205134045,D3/10,approach10_path_efficiency,103,,0.5728,0.1397,,,,,,,,,,,,descriptive,,
PRE_ENTRY_DECILE,DECILE,trend,0.2829529195725195 .. 0.3485640994809535,D4/10,approach10_path_efficiency,103,,0.5922,0.1346,,,,,,,,,,,,descriptive,,
PRE_ENTRY_DECILE,DECILE,trend,0.34883720930235923 .. 0.427509293680314,D5/10,approach10_path_efficiency,103,,0.7767,0.9217,,,,,,,,,,,,descriptive,,
PRE_ENTRY_DECILE,DECILE,trend,0.42857142857142855 .. 0.5000156245117834,D6/10,approach10_path_efficiency,103,,0.4854,-0.6923,,,,,,,,,,,,descriptive,,
PRE_ENTRY_DECILE,DECILE,trend,0.500024998750177 .. 0.5755533705844192,D7/10,approach10_path_efficiency,103,,0.6214,0.3738,,,,,,,,,,,,descriptive,,
PRE_ENTRY_DECILE,DECILE,trend,0.5757575757576818 .. 0.6657265084142061,D8/10,approach10_path_efficiency,103,,0.5728,0.0737,,,,,,,,,,,,descriptive,,
PRE_ENTRY_DECILE,DECILE,trend,0.6666666666666314 .. 0.7777777777777778,D9/10,approach10_path_efficiency,103,,0.6505,0.3554,,,,,,,,,,,,descriptive,,
PRE_ENTRY_DECILE,DECILE,trend,0.7777777777779532 .. 1,D10/10,approach10_path_efficiency,104,,0.7019,0.5236,,,,,,,,,,,,descriptive,,
PRE_ENTRY_DECILE,DECILE,trend,0 .. 0.3,D1/10,approach10_directional_bar_ratio,103,,0.6019,0.1383,,,,,,,,,,,,descriptive,,
PRE_ENTRY_DECILE,DECILE,trend,0.3 .. 0.4,D2/10,approach10_directional_bar_ratio,103,,0.6214,0.2355,,,,,,,,,,,,descriptive,,
PRE_ENTRY_DECILE,DECILE,trend,0.4 .. 0.5,D3/10,approach10_directional_bar_ratio,103,,0.5728,-0.0632,,,,,,,,,,,,descriptive,,
PRE_ENTRY_DECILE,DECILE,trend,0.5 .. 0.5,D4/10,approach10_directional_bar_ratio,103,,0.5825,0.1507,,,,,,,,,,,,descriptive,,
PRE_ENTRY_DECILE,DECILE,trend,0.5 .. 0.6,D5/10,approach10_directional_bar_ratio,104,,0.5673,-0.1364,,,,,,,,,,,,descriptive,,
PRE_ENTRY_DECILE,DECILE,trend,0.6 .. 0.6,D6/10,approach10_directional_bar_ratio,103,,0.7476,0.8347,,,,,,,,,,,,descriptive,,
PRE_ENTRY_DECILE,DECILE,trend,0.6 .. 0.7,D7/10,approach10_directional_bar_ratio,103,,0.5825,0.1584,,,,,,,,,,,,descriptive,,
PRE_ENTRY_DECILE,DECILE,trend,0.7 .. 0.7,D8/10,approach10_directional_bar_ratio,103,,0.6408,0.3257,,,,,,,,,,,,descriptive,,
PRE_ENTRY_DECILE,DECILE,trend,0.7 .. 0.8,D9/10,approach10_directional_bar_ratio,103,,0.6117,0.0037,,,,,,,,,,,,descriptive,,
PRE_ENTRY_DECILE,DECILE,trend,0.8 .. 1,D10/10,approach10_directional_bar_ratio,104,,0.6250,0.3722,,,,,,,,,,,,descriptive,,
PRE_ENTRY_DECILE,DECILE,trend,0.018860510805521345 .. 0.3373015873016135,D1/10,approach10_body_dominance,100,,0.6100,0.2083,,,,,,,,,,,,descriptive,,
PRE_ENTRY_DECILE,DECILE,trend,0.3390934844193141 .. 0.408251420019698,D2/10,approach10_body_dominance,101,,0.6139,0.2647,,,,,,,,,,,,descriptive,,
PRE_ENTRY_DECILE,DECILE,trend,0.4090909090907092 .. 0.45410628019309734,D3/10,approach10_body_dominance,100,,0.5900,0.0561,,,,,,,,,,,,descriptive,,
PRE_ENTRY_DECILE,DECILE,trend,0.4542553191488741 .. 0.5037735849057225,D4/10,approach10_body_dominance,101,,0.7525,0.7749,,,,,,,,,,,,descriptive,,
PRE_ENTRY_DECILE,DECILE,trend,0.5038759689920146 .. 0.551724137931048,D5/10,approach10_body_dominance,100,,0.5700,0.0707,,,,,,,,,,,,descriptive,,
PRE_ENTRY_DECILE,DECILE,trend,0.5517241379311683 .. 0.6065966131702639,D6/10,approach10_body_dominance,101,,0.5644,-0.0468,,,,,,,,,,,,descriptive,,
PRE_ENTRY_DECILE,DECILE,trend,0.607594936708939 .. 0.6712328767123171,D7/10,approach10_body_dominance,100,,0.5900,0.1485,,,,,,,,,,,,descriptive,,
PRE_ENTRY_DECILE,DECILE,trend,0.6713340928440088 .. 0.7302631578948233,D8/10,approach10_body_dominance,101,,0.6436,0.3342,,,,,,,,,,,,descriptive,,
PRE_ENTRY_DECILE,DECILE,trend,0.7307692307691454 .. 0.8613861386141074,D9/10,approach10_body_dominance,100,,0.6300,0.2932,,,,,,,,,,,,descriptive,,
PRE_ENTRY_DECILE,DECILE,trend,0.86206896551712 .. 1,D10/10,approach10_body_dominance,101,,0.6040,-0.0449,,,,,,,,,,,,descriptive,,
PRE_ENTRY_DECILE,DECILE,trend,0 .. 0.3125,D1/10,approach10_overlap_ratio,100,,0.6000,0.0243,,,,,,,,,,,,descriptive,,
PRE_ENTRY_DECILE,DECILE,trend,0.3166666666665297 .. 0.44070100802438944,D2/10,approach10_overlap_ratio,101,,0.5941,0.0590,,,,,,,,,,,,descriptive,,
PRE_ENTRY_DECILE,DECILE,trend,0.44074074074087943 .. 0.4974094608009057,D3/10,approach10_overlap_ratio,100,,0.6300,0.1644,,,,,,,,,,,,descriptive,,
PRE_ENTRY_DECILE,DECILE,trend,0.4988776655443689 .. 0.5400392205776865,D4/10,approach10_overlap_ratio,101,,0.6634,0.4442,,,,,,,,,,,,descriptive,,
PRE_ENTRY_DECILE,DECILE,trend,0.5406636520260822 .. 0.5774221807692533,D5/10,approach10_overlap_ratio,100,,0.6700,0.4811,,,,,,,,,,,,descriptive,,
PRE_ENTRY_DECILE,DECILE,trend,0.5776026305060922 .. 0.6137926580383762,D6/10,approach10_overlap_ratio,101,,0.6238,0.1106,,,,,,,,,,,,descriptive,,
PRE_ENTRY_DECILE,DECILE,trend,0.6138091118291801 .. 0.6410694244026243,D7/10,approach10_overlap_ratio,100,,0.5400,0.0642,,,,,,,,,,,,descriptive,,
PRE_ENTRY_DECILE,DECILE,trend,0.6410694244026243 .. 0.6749872420243518,D8/10,approach10_overlap_ratio,101,,0.5941,0.0381,,,,,,,,,,,,descriptive,,
PRE_ENTRY_DECILE,DECILE,trend,0.675 .. 0.7218093090639441,D9/10,approach10_overlap_ratio,100,,0.6600,0.4848,,,,,,,,,,,,descriptive,,
PRE_ENTRY_DECILE,DECILE,trend,0.7222222222222222 .. 0.9219280619817296,D10/10,approach10_overlap_ratio,101,,0.5941,0.1927,,,,,,,,,,,,descriptive,,
PRE_ENTRY_DECILE,DECILE,trend,0 .. 2.2457147473159496,D1/10,approach10_range_atr,103,,0.5340,0.0892,,,,,,,,,,,,descriptive,,
PRE_ENTRY_DECILE,DECILE,trend,2.251107281233721 .. 2.579589067234443,D2/10,approach10_range_atr,103,,0.6505,0.3501,,,,,,,,,,,,descriptive,,
PRE_ENTRY_DECILE,DECILE,trend,2.584718145244904 .. 2.955732762512769,D3/10,approach10_range_atr,103,,0.6311,0.1500,,,,,,,,,,,,descriptive,,
PRE_ENTRY_DECILE,DECILE,trend,2.9561359044084408 .. 3.2511661066979385,D4/10,approach10_range_atr,103,,0.6408,0.4085,,,,,,,,,,,,descriptive,,
PRE_ENTRY_DECILE,DECILE,trend,3.2582317286377136 .. 3.581907556157217,D5/10,approach10_range_atr,104,,0.6154,0.1463,,,,,,,,,,,,descriptive,,
PRE_ENTRY_DECILE,DECILE,trend,3.5850879660493935 .. 3.9482796268640854,D6/10,approach10_range_atr,103,,0.5340,-0.1652,,,,,,,,,,,,descriptive,,
PRE_ENTRY_DECILE,DECILE,trend,3.9507004071121394 .. 4.430801344695651,D7/10,approach10_range_atr,103,,0.6117,0.2334,,,,,,,,,,,,descriptive,,
PRE_ENTRY_DECILE,DECILE,trend,4.435257553921981 .. 5.066699726616108,D8/10,approach10_range_atr,103,,0.6408,0.3470,,,,,,,,,,,,descriptive,,
PRE_ENTRY_DECILE,DECILE,trend,5.070127868933655 .. 6.283778262570381,D9/10,approach10_range_atr,103,,0.5534,-0.0728,,,,,,,,,,,,descriptive,,
PRE_ENTRY_DECILE,DECILE,trend,6.285814347938264 .. 11.96935942427689,D10/10,approach10_range_atr,104,,0.7404,0.5289,,,,,,,,,,,,descriptive,,
PRE_ENTRY_DECILE,DECILE,trend,0 .. 0,D1/10,last_bar_rejection_wick_ratio,95,,0.5789,-0.0090,,,,,,,,,,,,descriptive,,
PRE_ENTRY_DECILE,DECILE,trend,0 .. 0,D2/10,last_bar_rejection_wick_ratio,95,,0.6421,0.4701,,,,,,,,,,,,descriptive,,
PRE_ENTRY_DECILE,DECILE,trend,0 .. 0.023615160349851925,D3/10,last_bar_rejection_wick_ratio,95,,0.6105,-0.1175,,,,,,,,,,,,descriptive,,
PRE_ENTRY_DECILE,DECILE,trend,0.02439024390255738 .. 0.10621761658031714,D4/10,last_bar_rejection_wick_ratio,95,,0.6421,0.3696,,,,,,,,,,,,descriptive,,
PRE_ENTRY_DECILE,DECILE,trend,0.10699001426532635 .. 0.16666666666604987,D5/10,last_bar_rejection_wick_ratio,96,,0.6146,0.2135,,,,,,,,,,,,descriptive,,
PRE_ENTRY_DECILE,DECILE,trend,0.1666666666662966 .. 0.2250562640662831,D6/10,last_bar_rejection_wick_ratio,95,,0.6105,0.3065,,,,,,,,,,,,descriptive,,
PRE_ENTRY_DECILE,DECILE,trend,0.2255566311706744 .. 0.29787234042561234,D7/10,last_bar_rejection_wick_ratio,95,,0.7053,0.5855,,,,,,,,,,,,descriptive,,
PRE_ENTRY_DECILE,DECILE,trend,0.2994640464493935 .. 0.38095238095283207,D8/10,last_bar_rejection_wick_ratio,95,,0.5368,0.0600,,,,,,,,,,,,descriptive,,
PRE_ENTRY_DECILE,DECILE,trend,0.38461538461630435 .. 0.5,D9/10,last_bar_rejection_wick_ratio,95,,0.6105,0.0757,,,,,,,,,,,,descriptive,,
PRE_ENTRY_DECILE,DECILE,trend,0.5000000000005551 .. 1,D10/10,last_bar_rejection_wick_ratio,96,,0.6042,0.1092,,,,,,,,,,,,descriptive,,
PRE_ENTRY_DECILE,DECILE,trend,0 .. 0,D1/10,last_bar_close_position,95,,0.6211,0.1938,,,,,,,,,,,,descriptive,,
PRE_ENTRY_DECILE,DECILE,trend,0 .. 0.00015999999991618097,D2/10,last_bar_close_position,95,,0.6632,0.4156,,,,,,,,,,,,descriptive,,
PRE_ENTRY_DECILE,DECILE,trend,0.00017982377260854533 .. 0.10112359550546368,D3/10,last_bar_close_position,95,,0.6526,0.1172,,,,,,,,,,,,descriptive,,
PRE_ENTRY_DECILE,DECILE,trend,0.10196078431360768 .. 0.17142388451436993,D4/10,last_bar_close_position,95,,0.6316,0.3116,,,,,,,,,,,,descriptive,,
PRE_ENTRY_DECILE,DECILE,trend,0.17200000000006466 .. 0.25,D5/10,last_bar_close_position,96,,0.5833,0.1722,,,,,,,,,,,,descriptive,,
PRE_ENTRY_DECILE,DECILE,trend,0.2500000000001735 .. 0.3333333333330175,D6/10,last_bar_close_position,95,,0.6737,0.4199,,,,,,,,,,,,descriptive,,
PRE_ENTRY_DECILE,DECILE,trend,0.33333333333320997 .. 0.4533088235293949,D7/10,last_bar_close_position,95,,0.5789,0.1675,,,,,,,,,,,,descriptive,,
PRE_ENTRY_DECILE,DECILE,trend,0.45454545454417 .. 0.5878172588832368,D8/10,last_bar_close_position,95,,0.6105,0.1403,,,,,,,,,,,,descriptive,,
PRE_ENTRY_DECILE,DECILE,trend,0.5878172588832368 .. 0.8273009307135917,D9/10,last_bar_close_position,95,,0.6211,0.1960,,,,,,,,,,,,descriptive,,
PRE_ENTRY_DECILE,DECILE,trend,0.8285714285714054 .. 1,D10/10,last_bar_close_position,96,,0.5208,-0.0684,,,,,,,,,,,,descriptive,,
PRE_ENTRY_DECILE,DECILE,trend,0 .. 0.3407950676987532,D1/10,last_bar_range_atr,103,,0.6117,0.1720,,,,,,,,,,,,descriptive,,
PRE_ENTRY_DECILE,DECILE,trend,0.34153649941940356 .. 0.5957629001444703,D2/10,last_bar_range_atr,103,,0.5631,-0.0773,,,,,,,,,,,,descriptive,,
PRE_ENTRY_DECILE,DECILE,trend,0.5967629471910239 .. 0.7258239426180338,D3/10,last_bar_range_atr,103,,0.5728,0.0272,,,,,,,,,,,,descriptive,,
PRE_ENTRY_DECILE,DECILE,trend,0.728744787418786 .. 0.8445988008334643,D4/10,last_bar_range_atr,103,,0.6505,0.3374,,,,,,,,,,,,descriptive,,
PRE_ENTRY_DECILE,DECILE,trend,0.8451643506214119 .. 0.9513907898341405,D5/10,last_bar_range_atr,104,,0.6154,0.3460,,,,,,,,,,,,descriptive,,
PRE_ENTRY_DECILE,DECILE,trend,0.95211659462194 .. 1.0555198284760234,D6/10,last_bar_range_atr,103,,0.6117,0.0242,,,,,,,,,,,,descriptive,,
PRE_ENTRY_DECILE,DECILE,trend,1.060844201620063 .. 1.2034091099220472,D7/10,last_bar_range_atr,103,,0.6214,0.1788,,,,,,,,,,,,descriptive,,
PRE_ENTRY_DECILE,DECILE,trend,1.2038092845181871 .. 1.4309229189323411,D8/10,last_bar_range_atr,103,,0.6311,0.3271,,,,,,,,,,,,descriptive,,
PRE_ENTRY_DECILE,DECILE,trend,1.4322780445860186 .. 1.8814297698533562,D9/10,last_bar_range_atr,103,,0.5922,0.1943,,,,,,,,,,,,descriptive,,
PRE_ENTRY_DECILE,DECILE,trend,1.8888446674703592 .. 6.57201446423263,D10/10,last_bar_range_atr,104,,0.6827,0.4842,,,,,,,,,,,,descriptive,,
PRE_ENTRY_DECILE,DECILE,trend,0.0004335573377309107 .. 0.4318715869601448,D1/10,strongest_reaction_body_ratio,82,,0.5976,0.0781,,,,,,,,,,,,descriptive,,
PRE_ENTRY_DECILE,DECILE,trend,0.43373493975918787 .. 0.595820743073855,D2/10,strongest_reaction_body_ratio,83,,0.6747,0.4096,,,,,,,,,,,,descriptive,,
PRE_ENTRY_DECILE,DECILE,trend,0.6 .. 0.7142857142854877,D3/10,strongest_reaction_body_ratio,82,,0.6463,0.1117,,,,,,,,,,,,descriptive,,
PRE_ENTRY_DECILE,DECILE,trend,0.7142857142854877 .. 0.8,D4/10,strongest_reaction_body_ratio,83,,0.5904,0.2406,,,,,,,,,,,,descriptive,,
PRE_ENTRY_DECILE,DECILE,trend,0.800000000000148 .. 0.8703703703703399,D5/10,strongest_reaction_body_ratio,82,,0.6098,0.3536,,,,,,,,,,,,descriptive,,
PRE_ENTRY_DECILE,DECILE,trend,0.8729375844049104 .. 0.9644153957879178,D6/10,strongest_reaction_body_ratio,83,,0.4819,-0.4491,,,,,,,,,,,,descriptive,,
PRE_ENTRY_DECILE,DECILE,trend,0.967741935483663 .. 1,D7/10,strongest_reaction_body_ratio,82,,0.5854,0.1208,,,,,,,,,,,,descriptive,,
PRE_ENTRY_DECILE,DECILE,trend,1 .. 1,D8/10,strongest_reaction_body_ratio,83,,0.5060,-0.1831,,,,,,,,,,,,descriptive,,
PRE_ENTRY_DECILE,DECILE,trend,1 .. 1,D9/10,strongest_reaction_body_ratio,82,,0.5244,0.1275,,,,,,,,,,,,descriptive,,
PRE_ENTRY_DECILE,DECILE,trend,1 .. 1,D10/10,strongest_reaction_body_ratio,83,,0.5060,-0.2428,,,,,,,,,,,,descriptive,,
PRE_ENTRY_DECILE,DECILE,trend,0.008465608465608527 .. 0.07002188183807538,D1/10,cost_r,103,,0.4078,-0.1645,,,,,,,,,,,,descriptive,,
PRE_ENTRY_DECILE,DECILE,trend,0.07002188183807538 .. 0.09726443768997572,D2/10,cost_r,103,,0.4563,-0.0464,,,,,,,,,,,,descriptive,,
PRE_ENTRY_DECILE,DECILE,trend,0.09785932721712222 .. 0.12307692307693664,D3/10,cost_r,103,,0.6019,0.3910,,,,,,,,,,,,descriptive,,
PRE_ENTRY_DECILE,DECILE,trend,0.12307692307693664 .. 0.15184145387065812,D4/10,cost_r,103,,0.5922,0.3012,,,,,,,,,,,,descriptive,,
PRE_ENTRY_DECILE,DECILE,trend,0.15184145387065812 .. 0.1828571428571514,D5/10,cost_r,104,,0.6154,0.2248,,,,,,,,,,,,descriptive,,
PRE_ENTRY_DECILE,DECILE,trend,0.1828571428571514 .. 0.2269503546098719,D6/10,cost_r,103,,0.5825,-0.1512,,,,,,,,,,,,descriptive,,
PRE_ENTRY_DECILE,DECILE,trend,0.2269503546098719 .. 0.2831858407080014,D7/10,cost_r,103,,0.7282,0.6559,,,,,,,,,,,,descriptive,,
PRE_ENTRY_DECILE,DECILE,trend,0.2831858407080014 .. 0.4027080213773444,D8/10,cost_r,103,,0.7379,0.5671,,,,,,,,,,,,descriptive,,
PRE_ENTRY_DECILE,DECILE,trend,0.4027080213773444 .. 0.665158264308841,D9/10,cost_r,103,,0.7282,0.3864,,,,,,,,,,,,descriptive,,
PRE_ENTRY_DECILE,DECILE,trend,0.6788742695029596 .. 3.015867615467208,D10/10,cost_r,104,,0.7019,-0.1432,,,,,,,,,,,,descriptive,,
PRE_ENTRY_DECILE,DECILE,trend,0.3377381835106382 .. 1.707544107159153,D1/10,risk_atr_1m,103,,0.8738,1.0728,,,,,,,,,,,,descriptive,,
PRE_ENTRY_DECILE,DECILE,trend,1.7077901923859091 .. 2.3109210390373045,D2/10,risk_atr_1m,103,,0.7573,0.6423,,,,,,,,,,,,descriptive,,
PRE_ENTRY_DECILE,DECILE,trend,2.3186070242257113 .. 2.732677670988044,D3/10,risk_atr_1m,103,,0.7282,0.3711,,,,,,,,,,,,descriptive,,
PRE_ENTRY_DECILE,DECILE,trend,2.7347372575318394 .. 3.2774455617589515,D4/10,risk_atr_1m,103,,0.6408,0.1506,,,,,,,,,,,,descriptive,,
PRE_ENTRY_DECILE,DECILE,trend,3.2823624649199594 .. 3.941615905097383,D5/10,risk_atr_1m,104,,0.6250,0.1377,,,,,,,,,,,,descriptive,,
PRE_ENTRY_DECILE,DECILE,trend,3.945334805496668 .. 4.793451288564961,D6/10,risk_atr_1m,103,,0.6019,0.1727,,,,,,,,,,,,descriptive,,
PRE_ENTRY_DECILE,DECILE,trend,4.806779306819921 .. 6.006230565800221,D7/10,risk_atr_1m,103,,0.4951,-0.1705,,,,,,,,,,,,descriptive,,
PRE_ENTRY_DECILE,DECILE,trend,6.016207525613745 .. 7.6976157738305115,D8/10,risk_atr_1m,103,,0.6019,0.2683,,,,,,,,,,,,descriptive,,
PRE_ENTRY_DECILE,DECILE,trend,7.703555008367104 .. 11.217331137569714,D9/10,risk_atr_1m,103,,0.4466,-0.3052,,,,,,,,,,,,descriptive,,
PRE_ENTRY_DECILE,DECILE,trend,11.297367546566688 .. 68.29703285790399,D10/10,risk_atr_1m,104,,0.3846,-0.3162,,,,,,,,,,,,descriptive,,
MANAGEMENT RESEARCH SIGNAL ONLY,POST_ENTRY,,share,reached -0.5R within 5m,losers vs winners,397/635,,,0.2620 vs 0.2803,,,,-0.0184,,,,,,,,,,post-entry information; not an entry feature
MANAGEMENT RESEARCH SIGNAL ONLY,POST_ENTRY,,share,reached -0.5R within 15m,losers vs winners,397/635,,,0.4282 vs 0.3858,,,,0.0424,,,,,,,,,,post-entry information; not an entry feature
MANAGEMENT RESEARCH SIGNAL ONLY,POST_ENTRY,,share,reached -0.5R within 30m,losers vs winners,397/635,,,0.5416 vs 0.4441,,,,0.0975,,,,,,,,,,post-entry information; not an entry feature
MANAGEMENT RESEARCH SIGNAL ONLY,POST_ENTRY,,expectancy R,failed to reach +0.25R within 5m,did not reach vs reached,518/514,,,-0.1073 vs 0.5133,,,,-0.6206,,,0.0001,,,,,,,post-entry information; not an entry feature
MANAGEMENT RESEARCH SIGNAL ONLY,POST_ENTRY,,expectancy R,failed to reach +0.25R within 15m,did not reach vs reached,333/699,,,-0.3096 vs 0.4454,,,,-0.7550,,,0.0001,,,,,,,post-entry information; not an entry feature
MANAGEMENT RESEARCH SIGNAL ONLY,POST_ENTRY,,expectancy R,failed to reach +0.25R within 30m,did not reach vs reached,244/788,,,-0.5050 vs 0.4207,,,,-0.9256,,,0.0001,,,,,,,post-entry information; not an entry feature
MANAGEMENT RESEARCH SIGNAL ONLY,POST_ENTRY,,expectancy R,early MAE >= 0.5R within 5m,early MAE >= 0.5R vs not,282/750,,,0.1240 vs 0.2311,,,,-0.1071,,,0.4714,,,,,,,post-entry information; not an entry feature
MANAGEMENT RESEARCH SIGNAL ONLY,POST_ENTRY,,target share,"early MAE >= 0.5R within 5m, then TARGET",recovered to target vs rest of book,187/750,,,0.6631 vs 0.6147,,,,0.0485,,,,,,,,,,post-entry information; not an entry feature
MANAGEMENT RESEARCH SIGNAL ONLY,POST_ENTRY,,expectancy R,early MAE >= 0.5R within 15m,early MAE >= 0.5R vs not,415/617,,,-0.0223 vs 0.3525,,,,-0.3749,,,0.0046,,,,,,,post-entry information; not an entry feature
MANAGEMENT RESEARCH SIGNAL ONLY,POST_ENTRY,,target share,"early MAE >= 0.5R within 15m, then TARGET",recovered to target vs rest of book,256/617,,,0.6169 vs 0.6353,,,,-0.0185,,,,,,,,,,post-entry information; not an entry feature
MANAGEMENT RESEARCH SIGNAL ONLY,POST_ENTRY,,expectancy R,early MAE >= 0.5R within 30m,early MAE >= 0.5R vs not,497/535,,,-0.0667 vs 0.4512,,,,-0.5180,,,0.0003,,,,,,,post-entry information; not an entry feature
MANAGEMENT RESEARCH SIGNAL ONLY,POST_ENTRY,,target share,"early MAE >= 0.5R within 30m, then TARGET",recovered to target vs rest of book,293/535,,,0.5895 vs 0.6636,,,,-0.0740,,,,,,,,,,post-entry information; not an entry feature
MANAGEMENT RESEARCH SIGNAL ONLY,POST_ENTRY,,share,losers that first reached +0.5R (give-back),losers vs winners,397/635,,,0.7330 vs 1.0000,,,,-0.2670,,,,,,,,,,post-entry information; not an entry feature
MANAGEMENT RESEARCH SIGNAL ONLY,POST_ENTRY,,share,losers that first reached +1R (give-back),losers vs winners,397/635,,,0.4358 vs 1.0000,,,,-0.5642,,,,,,,,,,post-entry information; not an entry feature
MANAGEMENT RESEARCH SIGNAL ONLY,POST_ENTRY,,share,losers that first reached +1.5R (give-back),losers vs winners,397/635,,,0.2292 vs 1.0000,,,,-0.7708,,,,,,,,,,post-entry information; not an entry feature
MANAGEMENT RESEARCH SIGNAL ONLY,POST_ENTRY,,minutes,median minutes fill -> MFE peak,winners vs losers,635/397,,,96.0000 vs 57.0000,,,,39.0000,,,,,,,,,,post-entry information; not an entry feature
MANAGEMENT RESEARCH SIGNAL ONLY,POST_ENTRY,,minutes,median minutes fill -> MAE peak,winners vs losers,635/397,,,7.0000 vs 194.0000,,,,-187.0000,,,,,,,,,,post-entry information; not an entry feature
MANAGEMENT RESEARCH SIGNAL ONLY,POST_ENTRY,,R,median MAE (R),winners vs losers,635/397,,,0.6344 vs 2.1771,,,,-1.5427,,,,,,,,,,post-entry information; not an entry feature
MANAGEMENT RESEARCH SIGNAL ONLY,POST_ENTRY,,R,median MFE (R),winners vs losers,635/397,,,2.0000 vs 0.8781,,,,1.1219,,,,,,,,,,post-entry information; not an entry feature
ROBUSTNESS: without the 20 same-minute targets,POST_HOC,,,DEPTH 0-20%,,48/964,,,0.8420,,,,0.6966,,,0.0233,,,,,,not eligible,17 same-minute targets removed from this cohort
ROBUSTNESS: without the 20 same-minute targets,POST_HOC,,,DEPTH 20-40%,,18/994,SMALL,,1.1891,,,,1.0289,,,0.0396,,,,,,not eligible,1 same-minute targets removed from this cohort
ROBUSTNESS: without the 20 same-minute targets,POST_HOC,,,DEPTH 40-60%,,54/958,,,0.5632,,,,0.4064,,,0.1598,,,,,,not eligible,0 same-minute targets removed from this cohort
ROBUSTNESS: without the 20 same-minute targets,POST_HOC,,,DEPTH 60-80%,,122/890,,,0.4250,,,,0.2803,,,0.1633,,,,,,not eligible,1 same-minute targets removed from this cohort
ROBUSTNESS: without the 20 same-minute targets,POST_HOC,,,DEPTH 80-100%,,408/604,,,0.0289,,,,-0.2506,,,0.0602,,,,,,not eligible,0 same-minute targets removed from this cohort
ROBUSTNESS: without the 20 same-minute targets,POST_HOC,,,DEPTH >100%,,362/650,,,0.0683,,,,-0.1715,,,0.2127,,,,,,not eligible,1 same-minute targets removed from this cohort
ROBUSTNESS: without the 20 same-minute targets,POST_HOC,,,FIRST TOUCH,,72/940,,,-0.0877,,,,-0.2866,,,0.2602,,,,,,not eligible,0 same-minute targets removed from this cohort
ROBUSTNESS: without the 20 same-minute targets,POST_HOC,,,SWEEP PRESENT,,377/635,,,0.3087,,,,0.2075,,,0.1311,,,,,,not eligible,9 same-minute targets removed from this cohort
ROBUSTNESS: without the 20 same-minute targets,POST_HOC,,,ALIGNED CHoCH SINCE FIRST TOUCH,,260/752,,,0.0794,,,,-0.1333,,,0.3757,,,,,,not eligible,0 same-minute targets removed from this cohort
ROBUSTNESS: without the 20 same-minute targets,POST_HOC,,,FAVORABLE DISPLACEMENT,,68/944,,,0.2142,,,,0.0383,,,0.8818,,,,,,not eligible,1 same-minute targets removed from this cohort
ROBUSTNESS: without the 20 same-minute targets,POST_HOC,,,ADVERSE DISPLACEMENT (impulsive approach),,305/707,,,0.1654,,,,-0.0187,,,0.8955,,,,,,not eligible,11 same-minute targets removed from this cohort
ROBUSTNESS: without the 20 same-minute targets,POST_HOC,,,TTF 0 min,,35/977,,,0.8807,,,,0.7274,,,0.0399,,,,,,not eligible,14 same-minute targets removed from this cohort
ROBUSTNESS: without the 20 same-minute targets,POST_HOC,,,TTF 1-15 min,,402/610,,,0.3454,,,,0.2769,,,0.0393,,,,,,not eligible,5 same-minute targets removed from this cohort
ROBUSTNESS: without the 20 same-minute targets,POST_HOC,,,TTF 15-60 min,,260/752,,,0.0852,,,,-0.1256,,,0.3995,,,,,,not eligible,1 same-minute targets removed from this cohort
ROBUSTNESS: without the 20 same-minute targets,POST_HOC,,,TTF 60-240 min,,198/814,,,0.0318,,,,-0.1824,,,0.2798,,,,,,not eligible,0 same-minute targets removed from this cohort
ROBUSTNESS: without the 20 same-minute targets,POST_HOC,,,TTF >240 min,,117/895,,,-0.1494,,,,-0.3707,,,0.0702,,,,,,not eligible,0 same-minute targets removed from this cohort
ROBUSTNESS: without the 20 same-minute targets,POST_HOC,,,DIFF 0 (limit fill at intended price),,1012/0,,,0.1785,,,,NaN,,,,,,,,,not eligible,20 same-minute targets removed from this cohort
POST-HOC: touches since validation (production lifecycle),POST_HOC,,,FIRST TOUCH SINCE VALIDATION,,67/956,,,0.4166,,,,0.2268,,,0.3871,,,,,,not eligible,
POST-HOC: touches since validation (production lifecycle),POST_HOC,,,3+ PRIOR TOUCHES SINCE VALIDATION,,606/417,,,0.1393,,,,-0.1605,,,0.2218,,,,,,not eligible,
"POST-HOC TREND: Pearson(rank(feature), net R)",POST_HOC,trend,,max_penetration_before_fill,max_penetration_before_fill,1032,,,,,,,,-0.0918,,0.0030,,,,,EUR/USD -0.098; USD/JPY -0.078; BTC/USD -0.093; 1H -0.088; 4H -0.121; Older (2022) -0.123; Newer (2025) -0.085,not eligible,replaces the cost-confounded frozen Spearman
"POST-HOC TREND: Pearson(rank(feature), net R)",POST_HOC,trend,,minutes_from_first_touch_to_fill,minutes_from_first_touch_to_fill,1021,,,,,,,,-0.1447,,0.0001,,,,,EUR/USD -0.141; USD/JPY -0.164; BTC/USD -0.139; 1H -0.133; 4H -0.214; Older (2022) -0.189; Newer (2025) -0.131,not eligible,replaces the cost-confounded frozen Spearman
"POST-HOC TREND: Pearson(rank(feature), net R)",POST_HOC,trend,,touch_count_before_fill,touch_count_before_fill,1032,,,,,,,,-0.0023,,0.9373,,,,,EUR/USD -0.005; USD/JPY -0.015; BTC/USD 0.027; 1H 0.023; 4H -0.097; Older (2022) -0.093; Newer (2025) 0.024,not eligible,replaces the cost-confounded frozen Spearman
"POST-HOC TREND: Pearson(rank(feature), net R)",POST_HOC,trend,,zone_reentry_count_before_fill,zone_reentry_count_before_fill,1032,,,,,,,,-0.0087,,0.7824,,,,,EUR/USD 0.015; USD/JPY -0.080; BTC/USD 0.003; 1H -0.014; 4H -0.014; Older (2022) -0.007; Newer (2025) -0.010,not eligible,replaces the cost-confounded frozen Spearman
"POST-HOC TREND: Pearson(rank(feature), net R)",POST_HOC,trend,,zone_width_atr,zone_width_atr,1032,,,,,,,,-0.1363,,0.0001,,,,,EUR/USD -0.170; USD/JPY -0.108; BTC/USD -0.072; 1H -0.111; 4H -0.230; Older (2022) -0.184; Newer (2025) -0.118,not eligible,replaces the cost-confounded frozen Spearman
"POST-HOC TREND: Pearson(rank(feature), net R)",POST_HOC,trend,,zone_age_bars,zone_age_bars,1032,,,,,,,,0.0058,,0.8506,,,,,EUR/USD 0.033; USD/JPY -0.025; BTC/USD -0.016; 1H 0.001; 4H 0.019; Older (2022) -0.062; Newer (2025) 0.023,not eligible,replaces the cost-confounded frozen Spearman
"POST-HOC TREND: Pearson(rank(feature), net R)",POST_HOC,trend,,ipo_range_atr,ipo_range_atr,1032,,,,,,,,-0.1363,,0.0001,,,,,EUR/USD -0.170; USD/JPY -0.108; BTC/USD -0.072; 1H -0.111; 4H -0.230; Older (2022) -0.184; Newer (2025) -0.118,not eligible,replaces the cost-confounded frozen Spearman
"POST-HOC TREND: Pearson(rank(feature), net R)",POST_HOC,trend,,approach10_return_atr,approach10_return_atr,1032,,,,,,,,-0.0279,,0.3740,,,,,EUR/USD 0.005; USD/JPY 0.007; BTC/USD -0.171; 1H -0.016; 4H -0.077; Older (2022) -0.110; Newer (2025) -0.005,not eligible,replaces the cost-confounded frozen Spearman
"POST-HOC TREND: Pearson(rank(feature), net R)",POST_HOC,trend,,approach10_path_efficiency,approach10_path_efficiency,1031,,,,,,,,0.0438,,0.1566,,,,,EUR/USD 0.023; USD/JPY -0.028; BTC/USD 0.167; 1H 0.052; 4H 0.013; Older (2022) 0.072; Newer (2025) 0.032,not eligible,replaces the cost-confounded frozen Spearman
"POST-HOC TREND: Pearson(rank(feature), net R)",POST_HOC,trend,,approach10_directional_bar_ratio,approach10_directional_bar_ratio,1032,,,,,,,,0.0394,,0.2129,,,,,EUR/USD 0.049; USD/JPY -0.014; BTC/USD 0.067; 1H 0.031; 4H 0.073; Older (2022) 0.063; Newer (2025) 0.025,not eligible,replaces the cost-confounded frozen Spearman
"POST-HOC TREND: Pearson(rank(feature), net R)",POST_HOC,trend,,approach10_body_dominance,approach10_body_dominance,1005,,,,,,,,-0.0238,,0.4517,,,,,EUR/USD -0.035; USD/JPY 0.036; BTC/USD 0.031; 1H -0.043; 4H 0.044; Older (2022) -0.031; Newer (2025) -0.007,not eligible,replaces the cost-confounded frozen Spearman
"POST-HOC TREND: Pearson(rank(feature), net R)",POST_HOC,trend,,approach10_overlap_ratio,approach10_overlap_ratio,1005,,,,,,,,0.0183,,0.5621,,,,,EUR/USD 0.019; USD/JPY -0.048; BTC/USD 0.000; 1H 0.049; 4H -0.094; Older (2022) 0.021; Newer (2025) 0.004,not eligible,replaces the cost-confounded frozen Spearman
"POST-HOC TREND: Pearson(rank(feature), net R)",POST_HOC,trend,,approach10_range_atr,approach10_range_atr,1032,,,,,,,,0.0165,,0.5954,,,,,EUR/USD -0.007; USD/JPY 0.042; BTC/USD 0.102; 1H -0.002; 4H 0.090; Older (2022) 0.111; Newer (2025) -0.003,not eligible,replaces the cost-confounded frozen Spearman
"POST-HOC TREND: Pearson(rank(feature), net R)",POST_HOC,trend,,last_bar_rejection_wick_ratio,last_bar_rejection_wick_ratio,952,,,,,,,,-0.0035,,0.9130,,,,,EUR/USD 0.027; USD/JPY -0.038; BTC/USD -0.068; 1H 0.013; 4H -0.061; Older (2022) 0.028; Newer (2025) -0.018,not eligible,replaces the cost-confounded frozen Spearman
"POST-HOC TREND: Pearson(rank(feature), net R)",POST_HOC,trend,,last_bar_close_position,last_bar_close_position,952,,,,,,,,-0.0289,,0.3716,,,,,EUR/USD 0.016; USD/JPY -0.064; BTC/USD -0.117; 1H -0.029; 4H -0.034; Older (2022) -0.024; Newer (2025) -0.031,not eligible,replaces the cost-confounded frozen Spearman
"POST-HOC TREND: Pearson(rank(feature), net R)",POST_HOC,trend,,last_bar_range_atr,last_bar_range_atr,1032,,,,,,,,0.0458,,0.1427,,,,,EUR/USD 0.052; USD/JPY -0.001; BTC/USD 0.048; 1H 0.063; 4H -0.021; Older (2022) 0.028; Newer (2025) 0.050,not eligible,replaces the cost-confounded frozen Spearman
"POST-HOC TREND: Pearson(rank(feature), net R)",POST_HOC,trend,,strongest_reaction_body_ratio,strongest_reaction_body_ratio,825,,,,,,,,-0.0635,,0.0726,,,,,EUR/USD -0.078; USD/JPY -0.019; BTC/USD -0.062; 1H -0.066; 4H -0.057; Older (2022) -0.067; Newer (2025) -0.055,not eligible,replaces the cost-confounded frozen Spearman
"POST-HOC TREND: Pearson(rank(feature), net R)",POST_HOC,trend,,cost_r,cost_r,1032,,,,,,,,0.0393,,0.2103,,,,,EUR/USD 0.103; USD/JPY 0.097; BTC/USD -0.069; 1H 0.012; 4H 0.172; Older (2022) 0.077; Newer (2025) 0.027,not eligible,replaces the cost-confounded frozen Spearman
"POST-HOC TREND: Pearson(rank(feature), net R)",POST_HOC,trend,,risk_atr_1m,risk_atr_1m,1032,,,,,,,,-0.1746,,0.0001,,,,,EUR/USD -0.175; USD/JPY -0.249; BTC/USD -0.092; 1H -0.182; 4H -0.196; Older (2022) -0.226; Newer (2025) -0.154,not eligible,replaces the cost-confounded frozen Spearman
