n,pair,tf,direction,ipo_time,ipo_valid_at,strategy_bar,first_zone_touch_minute,entry_level_touch_minute,recorded_entry_time,recorded_fill_minute,zone_low,zone_high,proximal,entry,target,s2,recorded_result,recorded_r,recorded_exit_bar,tape_target_minute,tape_s2_bar,tape_s2_close,causal_outcome,causal_r,classification,reason,same_strategy_bar_entry_and_invalidation,same_1m_entry_and_target,same_1m_entry_and_adverse_extreme,tick_resolution_used,corrected_exit_if_needed,corrected_r_if_needed,pre_bar_checks,runner_resolution,runner_same_bar_ambiguous,notes
1,USD/JPY,30min,long,2026-09-24T16:00:00Z,2026-09-24T17:00:00Z,2026-09-24T18:30:00Z,2026-09-24T18:30:00Z,2026-09-24T18:32:00Z,2026-09-24T18:30:00Z,,158.81097,158.98203,158.98203,158.81097,159.15309000000002,158.63991,S2_CLOSE_INVALIDATION,-1.2227,2026-09-25T01:30:00Z,,2026-09-25T01:30:00Z,2026-09-25T02:00:00Z,S2_CLOSE_INVALIDATION,-1.2227,VALID,"valid before the touch bar (validated at 2026-09-24T17:00:00Z), fill 2026-09-24T18:32:00Z, S2 close 2026-09-25T02:00:00Z (no target touch after the fill)",false,false,false,false,,,valid<=K-1 true; suppressed false; fvg true; new touch true; first true; vol HIGH_VOL,HTF_UNAMBIGUOUS,false,
2,USD/JPY,30min,long,2026-09-24T07:30:00Z,2026-09-24T08:30:00Z,2026-09-25T05:00:00Z,2026-09-25T05:05:00Z,2026-09-25T05:11:00Z,2026-09-25T05:00:00Z,,158.230745,158.38249,158.38249,158.230745,158.53423500000002,158.079,S2_CLOSE_INVALIDATION,-1.7453,2026-09-25T06:30:00Z,,2026-09-25T06:30:00Z,2026-09-25T07:00:00Z,S2_CLOSE_INVALIDATION,-1.7453,VALID,"valid before the touch bar (validated at 2026-09-24T08:30:00Z), fill 2026-09-25T05:11:00Z, S2 close 2026-09-25T07:00:00Z (no target touch after the fill)",false,false,false,false,,,valid<=K-1 true; suppressed false; fvg true; new touch true; first true; vol MID_VOL,HTF_UNAMBIGUOUS,false,
3,EUR/USD,1h,short,2026-09-24T16:00:00Z,2026-09-24T18:00:00Z,2026-09-25T07:00:00Z,2026-09-25T07:03:00Z,2026-09-25T07:00:00Z,2026-09-25T07:00:00Z,,1.1368,1.1380750000000002,1.1368,1.1380750000000002,1.1355250000000003,1.13935,S2_CLOSE_INVALIDATION,-1.4627,2026-09-25T10:00:00Z,,2026-09-25T10:00:00Z,2026-09-25T11:00:00Z,S2_CLOSE_INVALIDATION,-1.4627,VALID,"valid before the touch bar (validated at 2026-09-24T18:00:00Z), fill 2026-09-25T07:00:00Z, S2 close 2026-09-25T11:00:00Z (no target touch after the fill)",false,false,false,false,,,valid<=K-1 true; suppressed false; fvg true; new touch true; first true; vol MID_VOL,HTF_UNAMBIGUOUS,false,touch bar: bar H/L 1.13901/1.13784 vs 1m 1.13906/1.13784
4,USD/JPY,30min,long,2026-09-23T10:00:00Z,2026-09-23T11:00:00Z,2026-09-25T10:00:00Z,2026-09-25T10:09:00Z,2026-09-25T10:17:00Z,2026-09-25T10:17:00Z,2026-09-25T10:17:00Z,157.820175,157.85946,157.85946,157.820175,157.89874500000002,157.78089,TARGET,1.5927,2026-09-25T10:00:00Z,2026-09-25T10:21:00Z,2026-09-25T11:00:00Z,2026-09-25T11:30:00Z,TARGET,1.5927,VALID,"valid before the touch bar (validated at 2026-09-23T11:00:00Z), fill 2026-09-25T10:17:00Z, target 2026-09-25T10:21:00Z before any S2 close",false,false,false,false,,,valid<=K-1 true; suppressed false; fvg true; new touch true; first true; vol HIGH_VOL,ONE_MINUTE_RESOLVED,false,
5,USD/JPY,30min,long,2026-09-23T04:00:00Z,2026-09-23T05:00:00Z,2026-09-25T11:00:00Z,2026-09-25T11:08:00Z,2026-09-25T11:10:00Z,2026-09-25T11:10:00Z,2026-09-25T11:10:00Z,157.61124999999998,157.67836,157.67836,157.61124999999998,157.74546999999995,157.54414,TARGET,1.7616,2026-09-25T12:30:00Z,2026-09-25T12:36:00Z,2026-09-25T12:30:00Z,2026-09-25T13:00:00Z,TARGET,1.7616,VALID,"valid before the touch bar (validated at 2026-09-23T05:00:00Z), fill 2026-09-25T11:10:00Z, target 2026-09-25T12:36:00Z before any S2 close",false,false,false,false,,,valid<=K-1 true; suppressed false; fvg true; new touch true; first true; vol HIGH_VOL,ONE_MINUTE_RESOLVED,true,
6,BTC/USD,1h,long,2026-09-24T14:00:00Z,2026-09-25T11:00:00Z,2026-09-25T20:00:00Z,2026-09-25T20:38:00Z,2026-09-25T20:00:00Z,2026-09-25T20:00:00Z,,84165.66500000001,84942.45,84942.45,84165.66500000001,85719.23500000002,83388.88,S2_CLOSE_INVALIDATION,-1.3969,2026-09-28T03:00:00Z,,2026-09-28T03:00:00Z,2026-09-28T04:00:00Z,S2_CLOSE_INVALIDATION,-1.3969,VALID,"valid before the touch bar (validated at 2026-09-25T11:00:00Z), fill 2026-09-25T20:00:00Z, S2 close 2026-09-28T04:00:00Z (no target touch after the fill)",false,false,false,false,,,valid<=K-1 true; suppressed false; fvg true; new touch true; first true; vol HIGH_VOL (gated),HTF_UNAMBIGUOUS,false,
7,USD/JPY,30min,long,2026-09-22T08:30:00Z,2026-09-22T16:30:00Z,2026-09-25T20:30:00Z,2026-09-25T20:56:00Z,2026-09-25T20:30:00Z,2026-09-25T20:30:00Z,,157.32720999999998,157.76181,157.76181,157.32720999999998,158.19640999999996,156.89261,S2_CLOSE_INVALIDATION,-1.3948,2026-09-28T08:00:00Z,,2026-09-28T08:00:00Z,2026-09-28T08:30:00Z,S2_CLOSE_INVALIDATION,-1.3948,VALID,"valid before the touch bar (validated at 2026-09-22T16:30:00Z), fill 2026-09-25T20:30:00Z, S2 close 2026-09-28T08:30:00Z (no target touch after the fill)",false,false,false,false,,,valid<=K-1 true; suppressed false; fvg true; new touch true; first true; vol HIGH_VOL,HTF_UNAMBIGUOUS,false,
8,EUR/USD,1h,short,2026-09-25T11:00:00Z,2026-09-25T13:00:00Z,2026-09-27T13:00:00Z,2026-09-27T13:17:00Z,2026-09-27T13:00:00Z,2026-09-27T13:00:00Z,2026-09-27T13:00:00Z,1.13972,1.140345,1.13972,1.140345,1.1390949999999997,1.14097,TARGET,1.744,2026-09-27T13:00:00Z,2026-09-27T13:17:00Z,,,TARGET,1.744,VALID,"valid before the touch bar (validated at 2026-09-25T13:00:00Z), fill 2026-09-27T13:00:00Z, target 2026-09-27T13:17:00Z before any S2 close",false,false,false,false,,,valid<=K-1 true; suppressed false; fvg true; new touch true; first true; vol LOW_VOL,ONE_MINUTE_RESOLVED,false,
9,EUR/USD,1h,short,2026-09-25T11:00:00Z,2026-09-25T13:00:00Z,2026-09-27T15:00:00Z,2026-09-27T15:00:00Z,2026-09-27T15:02:00Z,2026-09-27T15:00:00Z,,1.13972,1.140345,1.13972,1.140345,1.1390949999999997,1.14097,TARGET,1.744,2026-09-27T17:00:00Z,2026-09-27T17:01:00Z,,,TARGET,1.744,VALID,"valid before the touch bar (validated at 2026-09-25T13:00:00Z), fill 2026-09-27T15:02:00Z, target 2026-09-27T17:01:00Z before any S2 close",false,false,false,false,,,valid<=K-1 true; suppressed false; fvg true; new touch true; first true; vol HIGH_VOL,HTF_UNAMBIGUOUS,false,
10,EUR/USD,1h,short,2026-09-28T02:00:00Z,2026-09-28T06:00:00Z,2026-09-28T08:00:00Z,2026-09-28T08:01:00Z,2026-09-28T08:03:00Z,2026-09-28T08:03:00Z,2026-09-28T08:03:00Z,1.13873,1.138905,1.13873,1.138905,1.138555,1.13908,TARGET,1.0857,2026-09-28T08:00:00Z,2026-09-28T08:04:00Z,,,TARGET,1.0857,VALID,"valid before the touch bar (validated at 2026-09-28T06:00:00Z), fill 2026-09-28T08:03:00Z, target 2026-09-28T08:04:00Z before any S2 close",false,false,false,false,,,valid<=K-1 true; suppressed false; fvg true; new touch true; first true; vol HIGH_VOL,ONE_MINUTE_RESOLVED,false,touch bar: bar H/L 1.13898/1.13769 vs 1m 1.13898/1.13763
11,USD/JPY,30min,long,2026-09-18T06:30:00Z,2026-09-18T07:30:00Z,2026-09-28T09:00:00Z,2026-09-28T09:12:00Z,2026-09-28T09:00:00Z,2026-09-28T09:00:00Z,2026-09-28T09:00:00Z,156.9596,157.3278,157.3278,156.9596,157.696,156.5914,TARGET,1.9565,2026-09-29T10:00:00Z,2026-09-29T09:59:00Z,2026-09-30T02:00:00Z,2026-09-30T02:30:00Z,TARGET,1.9565,VALID,"valid before the touch bar (validated at 2026-09-18T07:30:00Z), fill 2026-09-28T09:00:00Z, target 2026-09-29T09:59:00Z before any S2 close",false,false,false,false,,,valid<=K-1 true; suppressed false; fvg true; new touch true; first true; vol HIGH_VOL,HTF_UNAMBIGUOUS,false,tape exit bar 2026-09-29T09:30:00Z vs recorded 2026-09-29T10:00:00Z (strategy-bar high/low and 1m aggregate disagree; R unchanged) | touch bar: bar H/L 157.04433/156.86423 vs 1m 157.06976/156.86423
12,EUR/USD,1h,short,2026-09-27T21:00:00Z,2026-09-27T23:00:00Z,2026-09-28T16:00:00Z,2026-09-28T16:25:00Z,2026-09-28T16:28:00Z,2026-09-28T16:28:00Z,2026-09-28T16:28:00Z,1.13776,1.1386150000000002,1.13776,1.1386150000000002,1.1369050000000005,1.13947,TARGET,1.8129,2026-09-28T17:00:00Z,2026-09-28T17:11:00Z,,,TARGET,1.8129,VALID,"valid before the touch bar (validated at 2026-09-27T23:00:00Z), fill 2026-09-28T16:28:00Z, target 2026-09-28T17:11:00Z before any S2 close",false,false,false,false,,,valid<=K-1 true; suppressed false; fvg true; new touch true; first true; vol HIGH_VOL,HTF_UNAMBIGUOUS,false,
13,USD/JPY,30min,long,2026-09-18T06:30:00Z,2026-09-18T07:30:00Z,2026-09-30T01:00:00Z,2026-09-30T01:00:00Z,2026-09-30T01:19:00Z,2026-09-30T01:19:00Z,2026-09-30T01:19:00Z,156.9596,157.3278,157.3278,156.9596,157.696,156.5914,S2_CLOSE_INVALIDATION,-1.4783,2026-09-30T02:00:00Z,,2026-09-30T02:00:00Z,2026-09-30T02:30:00Z,S2_CLOSE_INVALIDATION,-1.4783,VALID,"valid before the touch bar (validated at 2026-09-18T07:30:00Z), fill 2026-09-30T01:19:00Z, S2 close 2026-09-30T02:30:00Z (no target touch after the fill)",false,false,false,false,,,valid<=K-1 true; suppressed false; fvg true; new touch true; first true; vol MID_VOL,HTF_UNAMBIGUOUS,false,
14,EUR/USD,1h,short,2026-09-29T21:00:00Z,2026-09-29T23:00:00Z,2026-09-30T05:00:00Z,2026-09-30T05:46:00Z,2026-09-30T05:58:00Z,2026-09-30T05:58:00Z,2026-09-30T05:58:00Z,1.13389,1.13425,1.13389,1.13425,1.1335300000000001,1.13461,S2_CLOSE_INVALIDATION,-3.5556,2026-09-30T06:00:00Z,,2026-09-30T06:00:00Z,2026-09-30T07:00:00Z,S2_CLOSE_INVALIDATION,-3.5556,VALID,"valid before the touch bar (validated at 2026-09-29T23:00:00Z), fill 2026-09-30T05:58:00Z, S2 close 2026-09-30T07:00:00Z (no target touch after the fill)",false,false,false,false,,,valid<=K-1 true; suppressed false; fvg true; new touch true; first true; vol HIGH_VOL,HTF_UNAMBIGUOUS,false,touch bar: bar H/L 1.13436/1.13314 vs 1m 1.13457/1.13314
15,EUR/USD,1h,short,2026-09-29T06:00:00Z,2026-09-29T08:00:00Z,2026-09-30T10:00:00Z,2026-09-30T10:00:00Z,2026-09-30T10:02:00Z,2026-09-30T10:02:00Z,2026-09-30T10:02:00Z,1.13562,1.136125,1.13562,1.136125,1.135115,1.13663,TARGET,1.6832,2026-09-30T11:00:00Z,2026-09-30T11:57:00Z,2026-09-30T12:00:00Z,2026-09-30T13:00:00Z,TARGET,1.6832,VALID,"valid before the touch bar (validated at 2026-09-29T08:00:00Z), fill 2026-09-30T10:02:00Z, target 2026-09-30T11:57:00Z before any S2 close",false,false,false,false,,,valid<=K-1 true; suppressed false; fvg true; new touch true; first true; vol MID_VOL,HTF_UNAMBIGUOUS,false,
16,USD/JPY,30min,long,2026-09-30T16:30:00Z,2026-09-30T17:30:00Z,2026-09-30T18:30:00Z,2026-09-30T18:30:00Z,2026-09-30T18:31:00Z,2026-09-30T18:31:00Z,2026-09-30T18:31:00Z,157.316885,157.35304,157.35304,157.316885,157.38919500000003,157.28073,TARGET,1.5575,2026-09-30T19:30:00Z,2026-09-30T19:42:00Z,2026-10-02T12:30:00Z,2026-10-02T13:00:00Z,TARGET,1.5575,VALID,"valid before the touch bar (validated at 2026-09-30T17:30:00Z), fill 2026-09-30T18:31:00Z, target 2026-09-30T19:42:00Z before any S2 close",false,false,false,false,,,valid<=K-1 true; suppressed false; fvg true; new touch true; first true; vol MID_VOL,HTF_UNAMBIGUOUS,false,
17,USD/JPY,30min,short,2026-09-29T16:30:00Z,2026-09-30T01:00:00Z,2026-09-30T20:30:00Z,2026-09-30T20:34:00Z,2026-09-30T20:30:00Z,2026-09-30T20:30:00Z,2026-09-30T20:30:00Z,157.39293,157.45586500000002,157.39293,157.45586500000002,157.32999500000005,157.5188,S2_CLOSE_INVALIDATION,-1.9831,2026-09-30T23:30:00Z,,2026-09-30T23:30:00Z,2026-10-01T00:00:00Z,S2_CLOSE_INVALIDATION,-1.9831,VALID,"valid before the touch bar (validated at 2026-09-30T01:00:00Z), fill 2026-09-30T20:30:00Z, S2 close 2026-10-01T00:00:00Z (no target touch after the fill)",false,false,false,false,,,valid<=K-1 true; suppressed false; fvg true; new touch true; first true; vol MID_VOL,HTF_UNAMBIGUOUS,false,
18,USD/JPY,30min,short,2026-09-25T05:30:00Z,2026-09-25T06:30:00Z,2026-10-01T01:30:00Z,2026-10-01T01:50:00Z,2026-10-01T01:54:00Z,2026-10-01T01:54:00Z,2026-10-01T01:54:00Z,158.13275,158.20495499999998,158.13275,158.20495499999998,158.06054499999993,158.27716,S2_CLOSE_INVALIDATION,-1.4822,2026-10-01T04:00:00Z,,2026-10-01T04:00:00Z,2026-10-01T04:30:00Z,S2_CLOSE_INVALIDATION,-1.4822,VALID,"valid before the touch bar (validated at 2026-09-25T06:30:00Z), fill 2026-10-01T01:54:00Z, S2 close 2026-10-01T04:30:00Z (no target touch after the fill)",false,false,false,false,,,valid<=K-1 true; suppressed false; fvg true; new touch true; first true; vol MID_VOL,HTF_UNAMBIGUOUS,false,
19,EUR/USD,1h,short,2026-10-01T03:00:00Z,2026-10-01T05:00:00Z,2026-10-01T06:00:00Z,2026-10-01T06:01:00Z,2026-10-01T06:03:00Z,2026-10-01T06:03:00Z,2026-10-01T06:03:00Z,1.13215,1.13253,1.13215,1.13253,1.13177,1.13291,TARGET,1.5789,2026-10-01T06:00:00Z,2026-10-01T06:40:00Z,,,TARGET,1.5789,VALID,"valid before the touch bar (validated at 2026-10-01T05:00:00Z), fill 2026-10-01T06:03:00Z, target 2026-10-01T06:40:00Z before any S2 close",false,false,false,false,,,valid<=K-1 true; suppressed false; fvg true; new touch true; first true; vol MID_VOL,ONE_MINUTE_RESOLVED,false,
20,USD/JPY,30min,long,2026-10-01T03:30:00Z,2026-10-01T04:30:00Z,2026-10-01T06:30:00Z,2026-10-01T06:34:00Z,2026-10-01T06:45:00Z,2026-10-01T06:45:00Z,2026-10-01T06:45:00Z,158.140665,158.18721,158.18721,158.140665,158.23375500000003,158.09412,TARGET,1.6562,2026-10-01T07:00:00Z,2026-10-01T07:04:00Z,2026-10-01T11:30:00Z,2026-10-01T12:00:00Z,TARGET,1.6562,VALID,"valid before the touch bar (validated at 2026-10-01T04:30:00Z), fill 2026-10-01T06:45:00Z, target 2026-10-01T07:04:00Z before any S2 close",false,false,false,false,,,valid<=K-1 true; suppressed false; fvg true; new touch true; first true; vol MID_VOL,HTF_UNAMBIGUOUS,false,touch bar: bar H/L 158.32488/158.11637 vs 1m 158.32488/158.10468
21,USD/JPY,30min,long,2026-10-01T03:30:00Z,2026-10-01T04:30:00Z,2026-10-01T10:30:00Z,2026-10-01T10:31:00Z,2026-10-01T10:51:00Z,2026-10-01T10:51:00Z,2026-10-01T10:51:00Z,158.140665,158.18721,158.18721,158.140665,158.23375500000003,158.09412,TARGET,1.6562,2026-10-01T11:00:00Z,2026-10-01T11:21:00Z,2026-10-01T11:30:00Z,2026-10-01T12:00:00Z,TARGET,1.6562,VALID,"valid before the touch bar (validated at 2026-10-01T04:30:00Z), fill 2026-10-01T10:51:00Z, target 2026-10-01T11:21:00Z before any S2 close",false,false,false,false,,,valid<=K-1 true; suppressed false; fvg true; new touch true; first true; vol HIGH_VOL,HTF_UNAMBIGUOUS,false,
22,USD/JPY,30min,long,2026-10-01T23:30:00Z,2026-10-02T00:30:00Z,2026-10-02T05:30:00Z,2026-10-02T05:30:00Z,2026-10-02T05:30:00Z,2026-10-02T05:30:00Z,2026-10-02T05:30:00Z,157.895325,157.97474,157.97474,157.895325,158.05415500000004,157.81591,S2_CLOSE_INVALIDATION,-3.4275,2026-10-02T06:00:00Z,,2026-10-02T06:00:00Z,2026-10-02T06:30:00Z,S2_CLOSE_INVALIDATION,-3.4275,VALID,"valid before the touch bar (validated at 2026-10-02T00:30:00Z), fill 2026-10-02T05:30:00Z, S2 close 2026-10-02T06:30:00Z (no target touch after the fill)",false,false,false,false,,,valid<=K-1 true; suppressed false; fvg true; new touch true; first true; vol MID_VOL,HTF_UNAMBIGUOUS,false,
23,USD/JPY,30min,long,2026-10-01T16:00:00Z,2026-10-01T17:00:00Z,2026-10-02T07:30:00Z,2026-10-02T07:42:00Z,2026-10-02T07:56:00Z,2026-10-02T07:56:00Z,2026-10-02T07:56:00Z,157.628485,157.72889,157.72889,157.628485,157.82929500000006,157.52808,TARGET,1.8406,2026-10-02T12:30:00Z,2026-10-02T12:30:00Z,2026-10-02T12:30:00Z,2026-10-02T13:00:00Z,TARGET,1.8406,VALID,"valid before the touch bar (validated at 2026-10-01T17:00:00Z), fill 2026-10-02T07:56:00Z, target 2026-10-02T12:30:00Z before any S2 close",false,false,false,false,,,valid<=K-1 true; suppressed false; fvg true; new touch true; first true; vol MID_VOL,ONE_MINUTE_RESOLVED,true,
24,EUR/USD,1h,short,2026-10-02T07:00:00Z,2026-10-02T12:00:00Z,2026-10-02T12:00:00Z,2026-10-02T12:33:00Z,2026-10-02T12:56:00Z,2026-10-02T12:56:00Z,2026-10-02T12:56:00Z,1.12538,1.126,1.12538,1.126,1.1247599999999998,1.12662,TARGET,1.7419,2026-10-02T13:00:00Z,2026-10-02T13:15:00Z,2026-10-02T13:00:00Z,2026-10-02T14:00:00Z,TARGET,1.7419,VALID,"valid before the touch bar (validated at 2026-10-02T12:00:00Z), fill 2026-10-02T12:56:00Z, target 2026-10-02T13:15:00Z before any S2 close",false,false,false,false,,,valid<=K-1 true; suppressed false; fvg true; new touch true; first true; vol HIGH_VOL,ONE_MINUTE_RESOLVED,true,touch bar: bar H/L 1.12616/1.12218 vs 1m 1.12623/1.12218
