kind,name,combined_n,combined_effect,EUR/USD n,EUR/USD effect,USD/JPY n,USD/JPY effect,BTC/USD n,BTC/USD effect,1H n,1H effect,4H n,4H effect,Older (2022) n,Older (2022) effect,Newer (2025) n,Newer (2025) effect,label
COHORT,DEPTH 0-20%,65,0.8753,28,0.7382,19,1.3325,18,0.6359,54,0.9148,11,0.6893,18,0.8232,47,0.9038,STABLE
COHORT,DEPTH 20-40%,19,0.9501,12,1.2191,2,1.4554,5,0.2302,17,0.8874,2,1.5021,8,0.9843,11,0.9717,TOO_SMALL
COHORT,DEPTH 40-60%,54,0.3814,29,0.6497,13,-0.0550,12,0.2261,47,0.3070,7,0.8826,13,-0.3072,41,0.6006,TOO_SMALL
COHORT,DEPTH 60-80%,123,0.2479,63,0.4075,26,0.1432,34,0.1022,102,0.2176,21,0.3961,33,0.1335,90,0.2959,STABLE
COHORT,DEPTH 80-100%,408,-0.2859,211,-0.4100,119,-0.3905,78,0.0857,316,-0.3459,92,-0.0647,73,-0.0143,335,-0.3741,REVERSES
COHORT,DEPTH >100%,363,-0.1992,201,-0.1696,87,-0.0580,75,-0.4327,287,-0.1425,76,-0.4193,94,-0.3614,269,-0.1411,STABLE
COHORT,FIRST TOUCH,72,-0.3112,39,-0.3657,17,0.3470,16,-0.8620,58,-0.3434,14,-0.1776,24,0.1440,48,-0.5117,MIXED
COHORT,SWEEP PRESENT,386,0.2146,214,0.3094,108,0.3412,64,-0.3223,295,0.2905,91,-0.0646,45,0.1446,341,0.2123,REVERSES
COHORT,ALIGNED CHoCH SINCE FIRST TOUCH,260,-0.1636,136,-0.3114,57,0.0742,67,0.0004,190,-0.1003,70,-0.3743,53,-0.0664,207,-0.1957,REVERSES
COHORT,FAVORABLE DISPLACEMENT,69,0.0384,26,0.3644,11,0.7322,32,-0.3782,59,0.1194,10,-0.4203,28,-0.4974,41,0.4169,REVERSES
COHORT,ADVERSE DISPLACEMENT (impulsive approach),316,0.0042,140,-0.1938,78,0.2338,98,0.2509,265,0.0027,51,0.0167,110,-0.0033,206,0.0363,REVERSES
COHORT,TTF 0 min,49,0.8951,22,0.7581,15,1.2345,12,0.7205,39,0.9759,10,0.5795,15,0.6627,34,1.0109,STABLE
COHORT,TTF 1-15 min,407,0.2509,199,0.3965,104,0.1248,104,0.1228,356,0.1313,51,0.9293,85,0.3999,322,0.2031,STABLE
COHORT,TTF 15-60 min,261,-0.1481,142,-0.2288,75,-0.1453,44,-0.0077,211,-0.1410,50,-0.1765,63,-0.0221,198,-0.1855,STABLE
COHORT,TTF 60-240 min,198,-0.2104,109,-0.2493,53,-0.4317,36,0.1655,161,-0.2509,37,-0.0365,44,-0.1956,154,-0.2165,REVERSES
COHORT,TTF >240 min,117,-0.3960,72,-0.3250,19,0.0437,26,-0.8577,56,-0.1562,61,-0.7760,32,-0.8361,85,-0.2283,MIXED
COHORT,DIFF 0 (limit fill at intended price),1032,,544,,266,,222,,823,,209,,239,,793,,TOO_SMALL
TREND,max_penetration_before_fill,1032,-0.0314,544,-0.0064,266,-0.0062,222,-0.0459,823,-0.0373,209,-0.0196,239,-0.0496,793,-0.0269,STABLE
TREND,minutes_from_first_touch_to_fill,1021,-0.0333,536,0.0239,266,-0.0028,219,-0.0438,816,-0.0273,205,-0.1046,237,-0.0468,784,-0.0269,REVERSES
TREND,touch_count_before_fill,1032,-0.0011,544,0.0171,266,0.0169,222,0.0617,823,0.0371,209,-0.0888,239,-0.1191,793,0.0390,REVERSES
TREND,zone_reentry_count_before_fill,1032,0.0123,544,0.0349,266,-0.0418,222,-0.0131,823,-0.0126,209,0.0116,239,0.0162,793,0.0084,REVERSES
TREND,zone_width_atr,1032,0.0075,544,0.0817,266,0.1479,222,0.0437,823,0.0544,209,-0.0845,239,0.0107,793,0.0112,REVERSES
TREND,zone_age_bars,1032,0.0009,544,0.0338,266,0.0540,222,-0.0557,823,0.0118,209,0.0094,239,-0.0522,793,0.0118,REVERSES
TREND,ipo_range_atr,1032,0.0075,544,0.0817,266,0.1479,222,0.0437,823,0.0544,209,-0.0845,239,0.0107,793,0.0112,REVERSES
TREND,approach10_return_atr,1032,0.0155,544,0.0175,266,0.0014,222,-0.1796,823,0.0250,209,0.0052,239,-0.0545,793,0.0386,REVERSES
TREND,approach10_path_efficiency,1031,0.0232,543,0.0323,266,-0.0406,222,0.1459,823,0.0299,208,-0.0283,239,0.0616,792,0.0071,REVERSES
TREND,approach10_directional_bar_ratio,1032,0.0067,544,0.0073,266,-0.0074,222,-0.0254,823,0.0082,209,-0.0463,239,0.1492,793,-0.0505,REVERSES
TREND,approach10_body_dominance,1005,-0.0873,518,-0.0430,265,0.0634,222,0.0867,801,-0.1099,204,-0.0056,238,-0.1559,767,-0.0831,REVERSES
TREND,approach10_overlap_ratio,1005,0.0809,518,0.0397,265,-0.0786,222,-0.1030,801,0.1040,204,-0.0014,238,0.1457,767,0.0674,REVERSES
TREND,approach10_range_atr,1032,-0.0079,544,0.0131,266,0.0486,222,0.1332,823,-0.0167,209,0.0018,239,0.0847,793,-0.0315,REVERSES
TREND,last_bar_rejection_wick_ratio,952,0.0299,508,0.0518,264,-0.0421,180,-0.1409,757,0.0493,195,-0.0349,190,0.0610,762,0.0279,REVERSES
TREND,last_bar_close_position,952,0.0148,508,0.0636,264,-0.0426,180,-0.2193,757,0.0023,195,0.0603,190,0.0702,762,0.0026,REVERSES
TREND,last_bar_range_atr,1032,0.0342,544,0.0139,266,-0.0342,222,-0.0399,823,0.0540,209,-0.0299,239,0.0941,793,0.0129,REVERSES
TREND,strongest_reaction_body_ratio,825,-0.0396,437,0.0039,220,0.0475,168,-0.0141,643,-0.0374,182,-0.0491,190,-0.0461,635,-0.0300,REVERSES
TREND,cost_r,1032,-0.2394,544,-0.2202,266,-0.2590,222,-0.2656,823,-0.2697,209,-0.0961,239,-0.2133,793,-0.2502,STABLE
TREND,risk_atr_1m,1032,-0.0433,544,0.0742,266,0.0142,222,0.0455,823,-0.0607,209,-0.0916,239,-0.0899,793,-0.0181,REVERSES
