kind,symbol,split_date,ratio,days_from_split,entry_time,entry_price,stop,target,risk_pct_of_price,net_r,verdict,timeframe,tape_low,tape_high,minutes
SPLIT,NVDA,2024-06-10,10:1,4.6,2024-06-14T13:33:00.000Z,128.3850015,127.72,129.71500449999996,0.518,1.903470141420732,PLAUSIBLE_GEOMETRY,,,,
SPLIT,AMZN,2022-06-06,20:1,0.6,2022-06-06T13:30:00.000Z,124.59937550000001,126.19775,121.40262650000003,1.283,1.961023097058918,PLAUSIBLE_GEOMETRY,,,,
SPLIT,TSLA,2022-08-25,3:1,1.4,2022-08-23T14:45:00.000Z,296.504995,297.30332,294.90834500000005,0.269,1.8142955594525985,PLAUSIBLE_GEOMETRY,,,,
SPLIT,GOOGL,2022-07-18,20:1,0.6,2022-07-18T13:55:00.000Z,113.31350499999999,114.196,111.54851499999998,0.779,1.9357993501379616,PLAUSIBLE_GEOMETRY,,,,
SPLIT,AAPL,2020-08-31,4:1 (before window),134.6,2021-01-12T14:34:00.000Z,129.57,129.84,129.02999999999997,0.208,1.7600555555555646,PLAUSIBLE_GEOMETRY,,,,
WIDEST_RISK,TSLA,,,,2025-04-09T16:14:00.000Z,233.125,,,8.097,-1.6996852185430456,PLAUSIBLE_GEOMETRY,1h,,,
WIDEST_RISK,AMD,,,,2026-07-17T13:34:00.000Z,470.89500499999997,,,7.149,1.9930061625584676,PLAUSIBLE_GEOMETRY,4h,,,
WIDEST_RISK,AMD,,,,2026-07-28T13:30:00.000Z,470.89500499999997,,,7.149,-1.022589265273914,PLAUSIBLE_GEOMETRY,4h,,,
WIDEST_RISK,AMD,,,,2025-04-08T16:30:00.000Z,83.375,,,6.747,-2.0811890666666675,PLAUSIBLE_GEOMETRY,1h,,,
WIDEST_RISK,NVDA,,,,2025-04-28T13:30:00.000Z,108.334999,,,6.245,-1.291820663905494,PLAUSIBLE_GEOMETRY,4h,,,
TAPE_RECHECK,NVDA,,,,2024-06-14T13:33:00.000Z,128.3850015,,,,,ENTRY_INSIDE_TAPE_RANGE,1h,128.32001,132.75,60
TAPE_RECHECK,AMZN,,,,2022-06-06T13:30:00.000Z,124.59937550000001,,,,,ENTRY_INSIDE_TAPE_RANGE,4h,124.010002,128.99001,240
TAPE_RECHECK,TSLA,,,,2022-08-23T14:45:00.000Z,296.504995,,,,,ENTRY_INSIDE_TAPE_RANGE,1h,293.19999,296.80001,60
TAPE_RECHECK,GOOGL,,,,2022-07-18T13:55:00.000Z,113.31350499999999,,,,,ENTRY_INSIDE_TAPE_RANGE,1h,111.27,113.64,60
TAPE_RECHECK,AAPL,,,,2021-01-12T14:34:00.000Z,129.57,,,,,ENTRY_INSIDE_TAPE_RANGE,1h,128.080002,129.69,60
TAPE_RECHECK,TSLA,,,,2025-04-09T16:14:00.000Z,233.125,,,,,ENTRY_INSIDE_TAPE_RANGE,1h,227.4269,233.83,60
TAPE_RECHECK,AMD,,,,2026-07-17T13:34:00.000Z,470.89500499999997,,,,,ENTRY_INSIDE_TAPE_RANGE,4h,460.20999,505.22,240
TAPE_RECHECK,AMD,,,,2026-07-28T13:30:00.000Z,470.89500499999997,,,,,ENTRY_INSIDE_TAPE_RANGE,4h,442.26999,472.75,240
TAPE_RECHECK,AMD,,,,2025-04-08T16:30:00.000Z,83.375,,,,,ENTRY_INSIDE_TAPE_RANGE,1h,81.435,84.67,60
TAPE_RECHECK,NVDA,,,,2025-04-28T13:30:00.000Z,108.334999,,,,,ENTRY_INSIDE_TAPE_RANGE,4h,106.02,110.36,240
