cohort,group,combined_n,combined_diff,EUR/USD n,EUR/USD diff,USD/JPY n,USD/JPY diff,1H n,1H diff,4H n,4H diff,2022 window n,2022 window diff,2025 window n,2025 window diff,label
HOUR_00,UTC_HOUR,39,-0.3330,18,-0.7430,21,-0.0360,26,-0.1648,13,-0.6592,10,-0.3712,29,-0.3118,STABLE
HOUR_01,UTC_HOUR,28,-0.5662,13,-0.9786,15,-0.2674,22,-0.3721,6,-1.2770,5,0.0396,23,-0.7052,TOO_SMALL
HOUR_02,UTC_HOUR,26,0.1200,14,-0.0583,12,0.2863,24,0.1202,2,0.0023,4,1.6874,22,-0.1784,TOO_SMALL
HOUR_03,UTC_HOUR,18,-0.5631,11,0.2567,7,-1.8847,15,-0.4830,3,-0.9803,3,0.1639,15,-0.7177,TOO_SMALL
HOUR_04,UTC_HOUR,25,-0.2030,17,-0.3132,8,0.0351,17,-0.0772,8,-0.4521,10,0.0759,15,-0.3401,TOO_SMALL
HOUR_05,UTC_HOUR,28,-0.2207,17,-0.0369,11,-0.5347,23,-0.4684,5,0.8986,1,-1.7220,27,-0.1915,TOO_SMALL
HOUR_06,UTC_HOUR,47,0.0362,31,-0.3803,16,0.8402,39,-0.0017,8,0.2022,13,-1.0883,34,0.4693,REVERSES
HOUR_07,UTC_HOUR,36,0.1821,23,0.0214,13,0.4537,25,0.5666,11,-0.6909,7,0.7870,29,0.0318,TOO_SMALL
HOUR_08,UTC_HOUR,42,-0.1175,29,0.1706,13,-0.7473,36,-0.0258,6,-0.6898,11,1.0985,31,-0.5326,TOO_SMALL
HOUR_09,UTC_HOUR,46,-0.2749,32,-0.4186,14,0.0642,42,-0.2632,4,-0.5086,9,0.2747,37,-0.4128,TOO_SMALL
HOUR_10,UTC_HOUR,26,-0.1428,19,-0.1288,7,-0.1456,23,-0.2130,3,0.3266,5,-0.0909,21,-0.1590,TOO_SMALL
HOUR_11,UTC_HOUR,35,0.7224,23,1.1353,12,-0.0781,25,0.6453,10,0.9434,4,1.7533,31,0.5715,TOO_SMALL
HOUR_12,UTC_HOUR,55,0.3105,40,0.3590,15,0.2181,38,0.3447,17,0.2604,12,1.0896,43,0.0944,STABLE
HOUR_13,UTC_HOUR,51,0.1957,37,0.0079,14,0.7165,37,0.2041,14,0.1924,12,-0.6782,39,0.4665,TOO_SMALL
HOUR_14,UTC_HOUR,38,0.3774,27,0.2564,11,0.6940,34,0.2987,4,0.9679,10,-0.3982,28,0.6607,TOO_SMALL
HOUR_15,UTC_HOUR,47,0.6064,35,0.4767,12,1.0269,36,0.6266,11,0.5481,11,-0.1907,36,0.8521,TOO_SMALL
HOUR_16,UTC_HOUR,40,-0.1693,31,-0.2002,9,0.0064,30,-0.1334,10,-0.2664,8,-0.0199,32,-0.2093,TOO_SMALL
HOUR_17,UTC_HOUR,42,-0.0639,31,0.0894,11,-0.4480,40,-0.1701,2,1.7020,12,-0.0421,30,-0.0577,TOO_SMALL
HOUR_18,UTC_HOUR,35,-0.0728,24,0.0072,11,-0.2398,28,0.0110,7,-0.4105,9,-0.9200,26,0.2255,TOO_SMALL
HOUR_19,UTC_HOUR,24,-0.8132,18,-0.8539,6,-0.6457,19,-1.0497,5,0.0852,3,0.3298,21,-0.9951,TOO_SMALL
HOUR_20,UTC_HOUR,31,0.1998,24,0.2659,7,0.0512,20,0.0089,11,0.5932,4,1.7954,27,-0.0551,TOO_SMALL
HOUR_21,UTC_HOUR,14,0.2740,10,0.6137,4,-0.5487,10,0.0877,4,0.7635,0,,14,0.2448,TOO_SMALL
HOUR_22,UTC_HOUR,18,-0.6040,11,-0.2158,7,-1.2431,16,-0.2903,2,-3.1488,6,-2.1584,12,0.1845,TOO_SMALL
HOUR_23,UTC_HOUR,19,-0.0509,9,-0.2894,10,0.1075,16,-0.1760,3,0.5880,4,-0.2401,15,-0.0010,TOO_SMALL
UTC_00:00-05:59,UTC_WINDOW,164,-0.3474,90,-0.3880,74,-0.3634,127,-0.2747,37,-0.5976,33,0.1039,131,-0.4661,REVERSES
UTC_06:00-07:59,UTC_WINDOW,83,0.1056,54,-0.2189,29,0.7061,64,0.2352,19,-0.3300,20,-0.4409,63,0.2816,REVERSES
UTC_08:00-11:59,UTC_WINDOW,149,0.0329,103,0.1763,46,-0.2701,126,-0.0042,23,0.1943,29,0.8314,120,-0.1691,REVERSES
UTC_12:00-15:59,UTC_WINDOW,191,0.4507,139,0.3456,52,0.7572,145,0.4487,46,0.4739,45,-0.0337,146,0.5997,REVERSES
UTC_16:00-19:59,UTC_WINDOW,141,-0.2607,104,-0.2132,37,-0.3448,117,-0.3058,24,-0.0721,32,-0.2875,109,-0.2501,STABLE
UTC_20:00-23:59,UTC_WINDOW,82,-0.0251,54,0.1488,28,-0.3693,62,-0.1114,20,0.2604,14,-0.4992,68,0.0673,REVERSES
ASIA,SESSION,236,-0.2496,137,-0.4045,99,-0.0582,182,-0.2199,54,-0.3472,51,-0.2626,185,-0.2454,STABLE
LONDON,SESSION,181,0.1193,124,0.2579,57,-0.1684,149,0.1253,32,0.0784,35,0.8436,146,-0.0648,REVERSES
LONDON_NY_OVERLAP,SESSION,194,0.4420,141,0.3223,53,0.7824,149,0.4480,45,0.4329,46,0.0179,148,0.5743,STABLE
NEW_YORK,SESSION,143,-0.3160,102,-0.3025,41,-0.3234,116,-0.3677,27,-0.1089,31,-0.3626,112,-0.3024,STABLE
LATE_NY_ROLLOVER,SESSION,56,-0.0581,40,0.2206,16,-0.7203,45,-0.0473,11,-0.1066,10,-0.5822,46,0.0512,REVERSES
FIX >120 before,LONDON_FIX,478,-0.0968,304,-0.0941,174,-0.1492,375,-0.0076,103,-0.4367,97,0.5787,381,-0.2896,REVERSES
FIX 60-120 before,LONDON_FIX,42,0.3019,30,0.0070,12,1.0560,32,0.1755,10,0.7199,13,-0.7480,29,0.7795,TOO_SMALL
FIX 30-60 before,LONDON_FIX,28,0.6202,20,0.4202,8,1.1413,22,0.6228,6,0.6127,6,-0.3373,22,0.8814,TOO_SMALL
FIX 0-30 before,LONDON_FIX,25,0.2884,18,0.3397,7,0.1852,21,0.1571,4,0.9508,5,-0.6968,20,0.5329,TOO_SMALL
FIX fix window,LONDON_FIX,13,0.6199,9,0.5715,4,0.7394,11,0.4265,2,1.6542,6,0.0830,7,1.1410,TOO_SMALL
FIX 0-30 after,LONDON_FIX,15,0.9378,12,0.8191,3,1.5147,12,0.9979,3,0.6947,2,1.7516,13,0.7991,TOO_SMALL
FIX 30-60 after,LONDON_FIX,18,-0.1725,15,-0.0265,3,-0.7416,12,-0.2546,6,0.0204,5,-0.6206,13,0.0109,TOO_SMALL
FIX 60-120 after,LONDON_FIX,49,-0.2204,38,-0.1623,11,-0.3432,42,-0.2427,7,-0.1257,13,0.1282,36,-0.3336,TOO_SMALL
FIX >120 after,LONDON_FIX,142,-0.2166,98,-0.1261,44,-0.4038,114,-0.2605,28,-0.0453,26,-0.5794,116,-0.1388,STABLE
ROLLOVER within 15 before,ROLLOVER,1,-2.2037,1,-2.1542,0,,1,-2.2190,0,,0,,1,-2.2343,TOO_SMALL
ROLLOVER within 15 after,ROLLOVER,13,0.0030,9,0.2533,4,-0.5487,10,0.4120,3,-1.3563,0,,13,-0.0274,TOO_SMALL
ROLLOVER within 30,ROLLOVER,21,0.2642,17,0.4866,4,-0.5487,15,0.5256,6,-0.3773,0,,21,0.2352,TOO_SMALL
ROLLOVER within 60,ROLLOVER,45,0.1246,36,0.3615,9,-0.6860,34,0.2020,11,-0.1066,6,0.5328,39,0.0465,TOO_SMALL
ROLLOVER outside 60,ROLLOVER,765,-0.1246,508,-0.3615,257,0.6860,607,-0.2020,158,0.1066,167,-0.5328,598,-0.0465,REVERSES
VOL LOW,VOLATILITY,239,-0.0902,159,-0.3201,80,0.3679,173,-0.0427,66,-0.2160,51,-0.1377,188,-0.0774,REVERSES
VOL NORMAL,VOLATILITY,322,-0.0141,220,0.0453,102,-0.1288,258,-0.0066,64,-0.0490,64,-0.1428,258,0.0153,REVERSES
VOL HIGH,VOLATILITY,249,0.1041,165,0.2617,84,-0.2172,210,0.0454,39,0.3546,58,0.2778,191,0.0591,REVERSES
NEAR PDH (<=0.25 ATR),PRICE_LOCATION,53,0.2201,36,0.3799,17,-0.1137,35,0.0435,18,0.6183,9,-0.5716,44,0.3772,MIXED
NEAR PDL (<=0.25 ATR),PRICE_LOCATION,48,0.1250,31,0.3859,17,-0.3663,27,0.1888,21,0.0829,11,0.0320,37,0.1555,MIXED
NEAR DAY OPEN (<=0.25 ATR),PRICE_LOCATION,94,-0.5458,59,-0.9392,35,0.1122,70,-0.4740,24,-0.7521,20,-0.8628,74,-0.4603,REVERSES
INSIDE prior-day range,PRICE_LOCATION,404,-0.1515,268,-0.2550,136,0.0524,333,-0.1306,71,-0.2599,98,-0.5471,306,-0.0364,REVERSES
OUTSIDE prior-day range,PRICE_LOCATION,406,0.1515,276,0.2550,130,-0.0524,308,0.1306,98,0.2599,75,0.5471,331,0.0364,REVERSES
ABOVE PDH,PRICE_LOCATION,230,-0.0101,158,0.1529,72,-0.3477,174,-0.0609,56,0.1764,41,0.4677,189,-0.1312,REVERSES
BELOW PDL,PRICE_LOCATION,176,0.2348,118,0.1898,58,0.3258,134,0.2700,42,0.1298,34,0.3152,142,0.2105,STABLE
