family,group,cohort,n,sample_warning,win_rate,avg_winner_r,avg_loser_r,expectancy_r,profit_factor,net_r,chron_max_dd_r,exp_minus_complement_r,boot_ci_lo,boot_ci_hi,perm_p_raw,p_holm,q_bh,stability,candidate
FX,UTC_HOUR,HOUR_00,39,,0.5385,1.8410,-2.2958,-0.0683,0.936,-2.67,11.82,-0.3330,-0.7497,0.5657,0.3226,1.0000,0.8134,STABLE,false
FX,UTC_HOUR,HOUR_01,28,SMALL SAMPLE,0.3929,1.8802,-1.7075,-0.2980,0.713,-8.34,15.15,-0.5662,-0.9329,0.3523,0.1576,1.0000,0.7606,TOO_SMALL,false
FX,UTC_HOUR,HOUR_02,26,SMALL SAMPLE,0.5769,1.7841,-1.5706,0.3648,1.549,9.48,5.14,0.1200,-0.2835,1.0039,0.7717,1.0000,0.9325,TOO_SMALL,false
FX,UTC_HOUR,HOUR_03,18,SMALL SAMPLE,0.5000,1.7310,-2.3351,-0.3020,0.741,-5.44,11.06,-0.5631,-1.2830,0.6960,0.2592,1.0000,0.7874,TOO_SMALL,false
FX,UTC_HOUR,HOUR_04,25,SMALL SAMPLE,0.5200,1.8024,-1.8444,0.0519,1.059,1.30,7.73,-0.2030,-0.7004,0.7770,0.6269,1.0000,0.9067,TOO_SMALL,false
FX,UTC_HOUR,HOUR_05,28,SMALL SAMPLE,0.5714,1.7980,-2.3145,0.0355,1.036,0.99,8.03,-0.2207,-0.8148,0.8099,0.5798,1.0000,0.9067,TOO_SMALL,false
FX,UTC_HOUR,HOUR_06,47,,0.6596,1.8007,-2.6582,0.2828,1.312,13.29,18.55,0.0362,-0.4114,0.9049,0.9167,1.0000,0.9578,REVERSES,false
FX,UTC_HOUR,HOUR_07,36,,0.6389,1.8071,-2.0268,0.4226,1.577,15.21,5.56,0.1821,-0.2275,1.0215,0.6097,1.0000,0.9067,TOO_SMALL,false
FX,UTC_HOUR,HOUR_08,42,,0.5476,1.7585,-1.8254,0.1372,1.166,5.76,11.95,-0.1175,-0.4046,0.6803,0.7172,1.0000,0.9067,TOO_SMALL,false
FX,UTC_HOUR,HOUR_09,46,,0.6087,1.7665,-2.7751,-0.0107,0.990,-0.49,17.20,-0.2749,-0.7190,0.6606,0.3787,1.0000,0.8785,TOO_SMALL,false
FX,UTC_HOUR,HOUR_10,26,SMALL SAMPLE,0.6154,1.7210,-2.4665,0.1104,1.116,2.87,9.61,-0.1428,-0.7603,0.9114,0.7347,1.0000,0.9067,TOO_SMALL,false
FX,UTC_HOUR,HOUR_11,35,,0.8000,1.8214,-2.5865,0.9398,2.817,32.89,8.55,0.7224,0.2573,1.5262,0.0433,1.0000,0.5236,TOO_SMALL,false
FX,UTC_HOUR,HOUR_12,55,,0.7455,1.7928,-3.1367,0.5380,1.674,29.59,16.54,0.3105,-0.3129,1.1758,0.2838,1.0000,0.7874,STABLE,false
FX,UTC_HOUR,HOUR_13,51,,0.6275,1.7767,-1.8329,0.4319,1.633,22.03,10.28,0.1957,-0.0791,0.9160,0.5108,1.0000,0.9067,TOO_SMALL,false
FX,UTC_HOUR,HOUR_14,38,,0.6842,1.8088,-1.9927,0.6083,1.967,23.12,5.74,0.3774,0.0161,1.1559,0.2807,1.0000,0.7874,TOO_SMALL,false
FX,UTC_HOUR,HOUR_15,47,,0.7021,1.8008,-1.4926,0.8198,2.844,38.53,4.07,0.6064,0.3696,1.2467,0.0496,1.0000,0.5236,TOO_SMALL,false
FX,UTC_HOUR,HOUR_16,40,,0.5250,1.7970,-1.8015,0.0877,1.102,3.51,14.65,-0.1693,-0.4913,0.6581,0.6121,1.0000,0.9067,TOO_SMALL,false
FX,UTC_HOUR,HOUR_17,42,,0.5952,1.8405,-2.2420,0.1880,1.207,7.90,10.41,-0.0639,-0.4894,0.8214,0.8480,1.0000,0.9578,TOO_SMALL,false
FX,UTC_HOUR,HOUR_18,35,,0.6000,1.8203,-2.2831,0.1789,1.196,6.26,10.35,-0.0728,-0.5693,0.8586,0.8390,1.0000,0.9578,TOO_SMALL,false
FX,UTC_HOUR,HOUR_19,24,SMALL SAMPLE,0.4583,1.8005,-2.5214,-0.5405,0.604,-12.97,25.10,-0.8132,-1.4869,0.3732,0.0600,1.0000,0.5236,TOO_SMALL,false
FX,UTC_HOUR,HOUR_20,31,,0.5806,1.8862,-1.5606,0.4408,1.674,13.66,6.62,0.1998,-0.1616,1.0349,0.6022,1.0000,0.9067,TOO_SMALL,false
FX,UTC_HOUR,HOUR_21,14,TOO SMALL FOR INFERENCE,0.7143,1.8062,-2.7030,0.5179,1.671,7.25,6.66,0.2740,-0.6885,1.5346,0.6153,1.0000,0.9067,TOO_SMALL,false
FX,UTC_HOUR,HOUR_22,18,SMALL SAMPLE,0.4444,1.7748,-2.0354,-0.3420,0.698,-6.16,13.01,-0.6040,-1.2527,0.5878,0.2141,1.0000,0.7874,TOO_SMALL,false
FX,UTC_HOUR,HOUR_23,19,SMALL SAMPLE,0.5263,1.8366,-1.6209,0.1989,1.259,3.78,4.53,-0.0509,-0.5833,0.9561,0.9177,1.0000,0.9578,TOO_SMALL,false
FX,UTC_WINDOW,UTC_00:00-05:59,164,,0.5183,1.8104,-2.0070,-0.0285,0.971,-4.67,18.50,-0.3474,-0.3420,0.2743,0.0632,1.0000,0.5236,REVERSES,false
FX,UTC_WINDOW,UTC_06:00-07:59,83,,0.6506,1.8034,-2.3752,0.3434,1.414,28.50,18.11,0.1056,-0.1300,0.7900,0.6634,1.0000,0.9067,REVERSES,false
FX,UTC_WINDOW,UTC_08:00-11:59,149,,0.6376,1.7731,-2.3593,0.2754,1.322,41.04,21.99,0.0329,-0.0554,0.6179,0.8673,1.0000,0.9578,REVERSES,false
FX,UTC_WINDOW,UTC_12:00-15:59,191,,0.6911,1.7940,-2.0940,0.5930,1.917,113.27,21.08,0.4507,0.2879,0.8692,0.0090,0.5129,0.2610,REVERSES,false
FX,UTC_WINDOW,UTC_16:00-19:59,141,,0.5532,1.8177,-2.1759,0.0333,1.034,4.70,45.90,-0.2607,-0.3374,0.3746,0.1769,1.0000,0.7606,STABLE,false
FX,UTC_WINDOW,UTC_20:00-23:59,82,,0.5610,1.8387,-1.8345,0.2261,1.281,18.54,11.09,-0.0251,-0.1788,0.6314,0.9156,1.0000,0.9578,REVERSES,false
FX,SESSION,ASIA,236,,0.5551,1.8109,-2.0981,0.0717,1.077,16.92,20.18,-0.2496,-0.1830,0.3380,0.1167,1.0000,0.6411,STABLE,false
FX,SESSION,LONDON,181,,0.6464,1.7747,-2.2793,0.3412,1.423,61.77,20.24,0.1193,0.0379,0.6279,0.5061,1.0000,0.9067,REVERSES,false
FX,SESSION,LONDON_NY_OVERLAP,194,,0.6856,1.7985,-2.0616,0.5848,1.902,113.45,21.08,0.4420,0.2950,0.8624,0.0082,0.4756,0.2610,STABLE,false
FX,SESSION,NEW_YORK,143,,0.5385,1.8247,-2.1539,-0.0116,0.988,-1.66,45.90,-0.3160,-0.3611,0.3382,0.1003,1.0000,0.6411,STABLE,false
FX,SESSION,LATE_NY_ROLLOVER,56,,0.5714,1.8222,-1.9756,0.1946,1.230,10.90,11.32,-0.0581,-0.3219,0.6841,0.8419,1.0000,0.9578,REVERSES,false
FX,LONDON_FIX,FIX >120 before,478,,0.6067,1.7925,-2.2338,0.2089,1.238,99.87,35.66,-0.0968,0.0111,0.3970,0.5202,1.0000,0.9067,REVERSES,false
FX,LONDON_FIX,FIX 60-120 before,42,,0.6429,1.8036,-1.7490,0.5348,1.856,22.46,10.28,0.3019,-0.0017,1.0492,0.3603,1.0000,0.8706,TOO_SMALL,false
FX,LONDON_FIX,FIX 30-60 before,28,SMALL SAMPLE,0.7500,1.8104,-2.0416,0.8474,2.660,23.73,3.45,0.6202,0.2042,1.4407,0.1216,1.0000,0.6411,TOO_SMALL,false
FX,LONDON_FIX,FIX 0-30 before,25,SMALL SAMPLE,0.6400,1.8048,-1.7414,0.5281,1.842,13.20,4.54,0.2884,-0.1746,1.1693,0.4929,1.0000,0.9067,TOO_SMALL,false
FX,LONDON_FIX,FIX fix window,13,TOO SMALL FOR INFERENCE,0.6923,1.8395,-1.3485,0.8586,3.069,11.16,2.81,0.6199,0.0736,1.6004,0.2799,1.0000,0.7874,TOO_SMALL,false
FX,LONDON_FIX,FIX 0-30 after,15,SMALL SAMPLE,0.8000,1.7968,-1.3417,1.1691,5.357,17.54,2.67,0.9378,0.5117,1.7843,0.0828,1.0000,0.6002,TOO_SMALL,false
FX,LONDON_FIX,FIX 30-60 after,18,SMALL SAMPLE,0.5000,1.7999,-1.6400,0.0800,1.098,1.44,4.50,-0.1725,-0.7303,0.8818,0.7243,1.0000,0.9067,TOO_SMALL,false
FX,LONDON_FIX,FIX 60-120 after,49,,0.5510,1.7942,-2.1094,0.0416,1.044,2.04,12.22,-0.2204,-0.5660,0.6152,0.4721,1.0000,0.9067,TOO_SMALL,false
FX,LONDON_FIX,FIX >120 after,142,,0.5563,1.8317,-2.1391,0.0700,1.074,9.94,29.90,-0.2166,-0.2812,0.4149,0.2646,1.0000,0.7874,STABLE,false
FX,ROLLOVER,ROLLOVER within 15 before,1,TOO SMALL FOR INFERENCE,0.0000,0.0000,-1.9524,-1.9524,0.000,-1.95,1.95,-2.2037,,,,,,TOO_SMALL,false
FX,ROLLOVER,ROLLOVER within 15 after,13,TOO SMALL FOR INFERENCE,0.6154,1.7918,-2.2127,0.2516,1.296,3.27,6.07,0.0030,-0.8911,1.2414,0.9960,1.0000,0.9960,TOO_SMALL,false
FX,ROLLOVER,ROLLOVER within 30,21,SMALL SAMPLE,0.6667,1.7829,-2.0479,0.5059,1.741,10.62,5.58,0.2642,-0.3163,1.2812,0.5712,1.0000,0.9067,TOO_SMALL,false
FX,ROLLOVER,ROLLOVER within 60,45,,0.6222,1.8258,-2.0377,0.3663,1.476,16.48,9.21,0.1246,-0.2163,0.9280,0.7062,1.0000,0.9067,TOO_SMALL,false
FX,ROLLOVER,ROLLOVER outside 60,765,,0.6039,1.8003,-2.1349,0.2417,1.286,184.89,36.97,-0.1246,0.0928,0.3900,0.6949,1.0000,0.9067,REVERSES,false
FX,VOLATILITY,VOL LOW,239,,0.6109,1.8023,-2.3539,0.1850,1.202,44.21,22.56,-0.0902,-0.1180,0.4761,0.5773,1.0000,0.9067,REVERSES,false
FX,VOLATILITY,VOL NORMAL,322,,0.5901,1.7892,-1.9897,0.2401,1.294,77.31,16.69,-0.0141,0.0249,0.4477,0.9248,1.0000,0.9578,REVERSES,false
FX,VOLATILITY,VOL HIGH,249,,0.6185,1.8169,-2.1048,0.3207,1.399,79.85,17.11,0.1041,0.0599,0.5677,0.5083,1.0000,0.9067,REVERSES,false
FX,PRICE_LOCATION,NEAR PDH (<=0.25 ATR),53,,0.6415,1.8372,-2.0204,0.4543,1.627,24.08,7.54,0.2201,-0.0589,0.9520,0.4595,1.0000,0.9067,MIXED,false
FX,PRICE_LOCATION,NEAR PDL (<=0.25 ATR),48,,0.6250,1.8302,-2.0739,0.3662,1.471,17.58,13.19,0.1250,-0.1861,0.9034,0.6905,1.0000,0.9067,MIXED,false
FX,PRICE_LOCATION,NEAR DAY OPEN (<=0.25 ATR),94,,0.5638,1.8150,-2.8824,-0.2339,0.814,-21.98,32.35,-0.5458,-0.8263,0.2993,0.0166,0.9295,0.3209,REVERSES,false
FX,PRICE_LOCATION,INSIDE prior-day range,404,,0.6040,1.7966,-2.3037,0.1727,1.189,69.76,34.65,-0.1515,-0.0450,0.3830,0.2987,1.0000,0.7874,REVERSES,false
FX,PRICE_LOCATION,OUTSIDE prior-day range,406,,0.6059,1.8070,-1.9557,0.3242,1.421,131.61,33.04,0.1515,0.1388,0.5089,0.2946,1.0000,0.7874,REVERSES,false
FX,PRICE_LOCATION,ABOVE PDH,230,,0.5739,1.8244,-1.8909,0.2414,1.300,55.51,35.38,-0.0101,-0.0083,0.4815,0.9514,1.0000,0.9681,REVERSES,false
FX,PRICE_LOCATION,BELOW PDL,176,,0.6477,1.7868,-2.0581,0.4324,1.596,76.10,14.76,0.2348,0.1471,0.7116,0.1836,1.0000,0.7606,STABLE,false
BTC,UTC_WINDOW,UTC_00:00-05:59,44,,0.6364,1.1446,-1.9115,0.0333,1.048,1.47,14.77,0.0029,-0.5831,0.5766,0.9908,1.0000,0.9908,n/a,false
BTC,UTC_WINDOW,UTC_06:00-07:59,20,SMALL SAMPLE,0.6500,1.3969,-2.1654,0.1501,1.198,3.00,6.30,0.1308,-0.6694,0.9015,0.7776,1.0000,0.9908,TOO_SMALL,false
BTC,UTC_WINDOW,UTC_08:00-11:59,14,TOO SMALL FOR INFERENCE,0.5714,1.2544,-2.0072,-0.1434,0.833,-2.01,7.56,-0.1861,-1.0840,0.7405,0.7305,1.0000,0.9908,TOO_SMALL,false
BTC,UTC_WINDOW,UTC_12:00-15:59,44,,0.6136,1.2067,-1.9167,-0.0001,1.000,-0.00,15.67,-0.0387,-0.4931,0.4961,0.9165,1.0000,0.9908,n/a,false
BTC,UTC_WINDOW,UTC_16:00-19:59,60,,0.6500,1.1676,-2.7744,-0.2121,0.782,-12.73,20.50,-0.3331,-0.9743,0.4053,0.2914,1.0000,0.9908,n/a,false
BTC,UTC_WINDOW,UTC_20:00-23:59,40,,0.7500,1.1951,-1.8700,0.4288,1.917,17.15,4.78,0.4852,-0.0062,0.8516,0.1777,1.0000,0.9908,n/a,false
BTC,GENERIC_SESSION_LABEL,ASIA,60,,0.6333,1.2101,-2.0292,0.0224,1.030,1.34,20.54,-0.0118,-0.4995,0.4958,0.9727,1.0000,0.9908,n/a,false
BTC,GENERIC_SESSION_LABEL,LONDON,24,SMALL SAMPLE,0.6250,1.3525,-1.9609,0.1100,1.150,2.64,6.49,0.0886,-0.5940,0.7614,0.8399,1.0000,0.9908,TOO_SMALL,false
BTC,GENERIC_SESSION_LABEL,LONDON_NY_OVERLAP,45,,0.6222,1.2236,-1.8533,0.0612,1.087,2.76,14.76,0.0379,-0.4413,0.5185,0.9164,1.0000,0.9908,n/a,false
BTC,GENERIC_SESSION_LABEL,NEW_YORK,59,,0.6441,1.1547,-2.7637,-0.2400,0.756,-14.16,20.50,-0.3691,-1.0146,0.3859,0.2451,1.0000,0.9908,n/a,false
BTC,GENERIC_SESSION_LABEL,LATE_NY_ROLLOVER,34,,0.7647,1.1461,-1.9370,0.4207,1.923,14.30,3.97,0.4601,-0.0628,0.8591,0.2265,1.0000,0.9908,n/a,false
BTC,WEEKDAY,WEEKDAY Mon,41,,0.6585,1.1505,-1.5947,0.2131,1.391,8.74,6.25,0.2234,-0.2054,0.6284,0.5427,1.0000,0.9908,n/a,false
BTC,WEEKDAY,WEEKDAY Tue,38,,0.5789,1.0116,-2.2397,-0.3574,0.621,-13.58,17.93,-0.4686,-0.9743,0.2054,0.2012,1.0000,0.9908,n/a,false
BTC,WEEKDAY,WEEKDAY Wed,30,,0.7000,1.4662,-2.5214,0.2699,1.357,8.10,13.82,0.2763,-0.6124,0.9778,0.5029,1.0000,0.9908,n/a,false
BTC,WEEKDAY,WEEKDAY Thu,32,,0.6875,1.4190,-3.0966,0.0079,1.008,0.25,16.74,-0.0270,-1.3410,0.9609,0.9483,1.0000,0.9908,n/a,false
BTC,WEEKDAY,WEEKDAY Fri,50,,0.6600,1.0938,-1.9360,0.0637,1.097,3.18,12.93,0.0422,-0.3869,0.4810,0.8968,1.0000,0.9908,n/a,false
BTC,WEEKDAY,WEEKDAY Sat,11,TOO SMALL FOR INFERENCE,0.4545,1.1552,-2.2701,-0.7131,0.424,-7.84,9.34,-0.7829,-1.8243,0.3861,0.1941,1.0000,0.9908,TOO_SMALL,false
BTC,WEEKDAY,WEEKDAY Sun,20,SMALL SAMPLE,0.7500,1.1343,-1.7958,0.4018,1.895,8.04,5.44,0.4075,-0.2042,0.9378,0.3891,1.0000,0.9908,TOO_SMALL,false
BTC,VOLATILITY,VOL LOW,19,SMALL SAMPLE,0.6316,1.2023,-3.0718,-0.3724,0.671,-7.08,10.13,-0.4411,-1.3535,0.5614,0.3608,1.0000,0.9908,TOO_SMALL,false
BTC,VOLATILITY,VOL NORMAL,76,,0.6316,1.2833,-1.9757,0.0826,1.114,6.28,9.51,0.0785,-0.2936,0.4530,0.7923,1.0000,0.9908,n/a,false
BTC,VOLATILITY,VOL HIGH,127,,0.6693,1.1551,-2.1549,0.0605,1.085,7.68,30.29,0.0688,-0.3558,0.4175,0.8170,1.0000,0.9908,n/a,false
