symbol,timeframe,direction,strategy_bar_time,actual_entry_time,entry_resolution,reason,minutes_available
NVDA,1h,long,2021-10-21T15:30:00.000Z,2021-10-21T16:03:00.000Z,ORDERING_UNRESOLVED,AMBIGUOUS_OPEN_OR_CLOSED,390
NVDA,1h,long,2021-11-22T16:30:00.000Z,2021-11-22T16:45:00.000Z,ORDERING_UNRESOLVED,AMBIGUOUS_OPEN_OR_CLOSED,390
NVDA,1h,long,2023-10-20T13:30:00.000Z,2023-10-20T13:35:00.000Z,ORDERING_UNRESOLVED,AMBIGUOUS_OPEN_OR_CLOSED,390
NVDA,1h,long,2024-02-12T18:30:00.000Z,2024-02-12T18:38:00.000Z,ORDERING_UNRESOLVED,AMBIGUOUS_OPEN_OR_CLOSED,390
NVDA,1h,short,2025-02-27T14:30:00.000Z,2025-02-27T14:30:00.000Z,ORDERING_UNRESOLVED,AMBIGUOUS_OPEN_OR_CLOSED,390
NVDA,1h,long,2025-06-10T13:30:00.000Z,2025-06-10T13:32:00.000Z,ORDERING_UNRESOLVED,AMBIGUOUS_OPEN_OR_CLOSED,390
NVDA,1h,long,2025-06-12T13:30:00.000Z,2025-06-12T13:30:00.000Z,ORDERING_UNRESOLVED,AMBIGUOUS_OPEN_OR_CLOSED,390
NVDA,1h,long,2025-08-07T16:30:00.000Z,2025-08-07T17:09:00.000Z,ORDERING_UNRESOLVED,AMBIGUOUS_OPEN_OR_CLOSED,390
NVDA,1h,long,2025-08-14T13:30:00.000Z,2025-08-14T13:31:00.000Z,ORDERING_UNRESOLVED,AMBIGUOUS_OPEN_OR_CLOSED,390
NVDA,1h,long,2026-06-25T13:30:00.000Z,2026-06-25T13:46:00.000Z,ORDERING_UNRESOLVED,AMBIGUOUS_OPEN_OR_CLOSED,390
NVDA,1h,short,2026-07-16T15:30:00.000Z,2026-07-16T16:27:00.000Z,ORDERING_UNRESOLVED,AMBIGUOUS_OPEN_OR_CLOSED,390
NVDA,4h,long,2024-06-20T13:30:00.000Z,2024-06-20T16:33:00.000Z,ORDERING_UNRESOLVED,AMBIGUOUS_OPEN_OR_CLOSED,390
NVDA,4h,long,2025-11-21T14:30:00.000Z,2025-11-21T14:38:00.000Z,ORDERING_UNRESOLVED,AMBIGUOUS_OPEN_OR_CLOSED,390
NVDA,4h,long,2025-11-24T14:30:00.000Z,2025-11-24T14:49:00.000Z,ORDERING_UNRESOLVED,AMBIGUOUS_OPEN_OR_CLOSED,390
META,1h,long,2021-05-12T13:30:00.000Z,2021-05-12T13:30:00.000Z,ORDERING_UNRESOLVED,AMBIGUOUS_OPEN_OR_CLOSED,390
META,1h,long,2021-06-10T13:30:00.000Z,2021-06-10T13:30:00.000Z,ORDERING_UNRESOLVED,AMBIGUOUS_OPEN_OR_CLOSED,390
META,1h,long,2021-10-25T13:30:00.000Z,2021-10-25T13:30:00.000Z,ORDERING_UNRESOLVED,AMBIGUOUS_OPEN_OR_CLOSED,389
META,1h,long,2023-10-17T18:30:00.000Z,2023-10-17T18:54:00.000Z,ORDERING_UNRESOLVED,AMBIGUOUS_OPEN_OR_CLOSED,390
META,1h,long,2023-11-17T14:30:00.000Z,2023-11-17T14:30:00.000Z,ORDERING_UNRESOLVED,AMBIGUOUS_OPEN_OR_CLOSED,390
META,1h,long,2024-12-20T14:30:00.000Z,2024-12-20T14:30:00.000Z,ORDERING_UNRESOLVED,AMBIGUOUS_OPEN_OR_CLOSED,390
META,1h,long,2025-01-08T14:30:00.000Z,2025-01-08T14:31:00.000Z,ORDERING_UNRESOLVED,AMBIGUOUS_OPEN_OR_CLOSED,390
META,1h,short,2025-03-03T14:30:00.000Z,2025-03-03T14:31:00.000Z,ORDERING_UNRESOLVED,AMBIGUOUS_OPEN_OR_CLOSED,390
META,1h,long,2025-05-29T15:30:00.000Z,2025-05-29T15:57:00.000Z,ORDERING_UNRESOLVED,AMBIGUOUS_OPEN_OR_CLOSED,390
META,1h,long,2025-05-30T13:30:00.000Z,2025-05-30T13:30:00.000Z,ORDERING_UNRESOLVED,AMBIGUOUS_OPEN_OR_CLOSED,390
META,1h,long,2025-07-25T13:30:00.000Z,2025-07-25T13:31:00.000Z,ORDERING_UNRESOLVED,AMBIGUOUS_OPEN_OR_CLOSED,390
META,1h,short,2025-08-11T13:30:00.000Z,2025-08-11T13:30:00.000Z,ORDERING_UNRESOLVED,AMBIGUOUS_OPEN_OR_CLOSED,390
META,1h,long,2025-08-18T13:30:00.000Z,2025-08-18T13:31:00.000Z,ORDERING_UNRESOLVED,AMBIGUOUS_OPEN_OR_CLOSED,390
META,1h,short,2025-09-04T13:30:00.000Z,2025-09-04T13:31:00.000Z,ORDERING_UNRESOLVED,AMBIGUOUS_OPEN_OR_CLOSED,390
META,1h,short,2025-10-10T13:30:00.000Z,2025-10-10T13:30:00.000Z,ORDERING_UNRESOLVED,AMBIGUOUS_OPEN_OR_CLOSED,390
META,1h,long,2026-03-06T14:30:00.000Z,2026-03-06T14:31:00.000Z,ORDERING_UNRESOLVED,AMBIGUOUS_OPEN_OR_CLOSED,390
META,1h,short,2026-04-08T13:30:00.000Z,2026-04-08T13:30:00.000Z,ORDERING_UNRESOLVED,AMBIGUOUS_OPEN_OR_CLOSED,390
META,1h,short,2026-08-26T13:30:00.000Z,2026-08-26T13:30:00.000Z,ORDERING_UNRESOLVED,AMBIGUOUS_OPEN_OR_CLOSED,390
META,1h,short,2026-09-09T13:30:00.000Z,2026-09-09T13:30:00.000Z,ORDERING_UNRESOLVED,AMBIGUOUS_OPEN_OR_CLOSED,390
META,4h,long,2025-01-08T14:30:00.000Z,2025-01-08T14:31:00.000Z,ORDERING_UNRESOLVED,AMBIGUOUS_OPEN_OR_CLOSED,390
GOOGL,1h,short,2022-12-13T14:30:00.000Z,,NO_1M_TAPE,NO_1M_TAPE,0
GOOGL,1h,long,2022-12-20T14:30:00.000Z,,NO_1M_TAPE,NO_1M_TAPE,0
GOOGL,1h,short,2022-12-20T18:30:00.000Z,,NO_1M_TAPE,NO_1M_TAPE,0
GOOGL,1h,short,2022-12-21T16:30:00.000Z,,NO_1M_TAPE,NO_1M_TAPE,0
GOOGL,1h,long,2023-01-18T17:30:00.000Z,,NO_1M_TAPE,NO_1M_TAPE,0
GOOGL,1h,long,2023-01-19T14:30:00.000Z,,NO_1M_TAPE,NO_1M_TAPE,0
GOOGL,1h,short,2023-01-27T18:30:00.000Z,,NO_1M_TAPE,NO_1M_TAPE,0
GOOGL,1h,short,2023-02-01T20:30:00.000Z,,NO_1M_TAPE,NO_1M_TAPE,0
GOOGL,1h,short,2023-03-29T13:30:00.000Z,2023-03-29T13:39:00.000Z,ORDERING_UNRESOLVED,AMBIGUOUS_OPEN_OR_CLOSED,390
GOOGL,1h,long,2023-06-14T17:30:00.000Z,2023-06-14T18:01:00.000Z,ORDERING_UNRESOLVED,AMBIGUOUS_OPEN_OR_CLOSED,390
GOOGL,1h,long,2023-06-26T13:30:00.000Z,2023-06-26T13:32:00.000Z,ORDERING_UNRESOLVED,AMBIGUOUS_OPEN_OR_CLOSED,390
GOOGL,1h,short,2023-10-30T13:30:00.000Z,2023-10-30T13:34:00.000Z,ORDERING_UNRESOLVED,AMBIGUOUS_OPEN_OR_CLOSED,390
GOOGL,1h,long,2023-11-10T14:30:00.000Z,2023-11-10T14:30:00.000Z,ORDERING_UNRESOLVED,AMBIGUOUS_OPEN_OR_CLOSED,390
GOOGL,1h,short,2024-05-28T13:30:00.000Z,2024-05-28T13:30:00.000Z,ORDERING_UNRESOLVED,AMBIGUOUS_OPEN_OR_CLOSED,390
GOOGL,1h,long,2024-10-21T13:30:00.000Z,2024-10-21T13:30:00.000Z,ORDERING_UNRESOLVED,AMBIGUOUS_OPEN_OR_CLOSED,390
GOOGL,1h,long,2025-01-23T18:30:00.000Z,2025-01-23T18:56:00.000Z,ORDERING_UNRESOLVED,AMBIGUOUS_OPEN_OR_CLOSED,390
GOOGL,1h,short,2025-03-03T14:30:00.000Z,2025-03-03T14:31:00.000Z,ORDERING_UNRESOLVED,AMBIGUOUS_OPEN_OR_CLOSED,390
GOOGL,1h,long,2025-08-26T19:30:00.000Z,2025-08-26T19:50:00.000Z,ORDERING_UNRESOLVED,AMBIGUOUS_OPEN_OR_CLOSED,390
GOOGL,1h,long,2026-01-21T14:30:00.000Z,2026-01-21T14:30:00.000Z,ORDERING_UNRESOLVED,AMBIGUOUS_OPEN_OR_CLOSED,390
GOOGL,1h,short,2026-04-16T13:30:00.000Z,2026-04-16T13:30:00.000Z,ORDERING_UNRESOLVED,AMBIGUOUS_OPEN_OR_CLOSED,390
GOOGL,1h,long,2026-04-29T13:30:00.000Z,2026-04-29T13:30:00.000Z,ORDERING_UNRESOLVED,AMBIGUOUS_OPEN_OR_CLOSED,390
GOOGL,1h,long,2026-06-25T13:30:00.000Z,2026-06-25T13:30:00.000Z,ORDERING_UNRESOLVED,AMBIGUOUS_OPEN_OR_CLOSED,390
GOOGL,1h,long,2026-06-26T19:30:00.000Z,2026-06-26T19:50:00.000Z,ORDERING_UNRESOLVED,AMBIGUOUS_OPEN_OR_CLOSED,390
GOOGL,1h,short,2026-08-05T13:30:00.000Z,2026-08-05T13:30:00.000Z,ORDERING_UNRESOLVED,AMBIGUOUS_OPEN_OR_CLOSED,390
GOOGL,1h,long,2026-09-01T13:30:00.000Z,2026-09-01T13:30:00.000Z,ORDERING_UNRESOLVED,AMBIGUOUS_OPEN_OR_CLOSED,390
GOOGL,4h,short,2023-03-29T13:30:00.000Z,2023-03-29T13:39:00.000Z,ORDERING_UNRESOLVED,AMBIGUOUS_OPEN_OR_CLOSED,390
GOOGL,4h,short,2026-01-02T14:30:00.000Z,2026-01-02T14:31:00.000Z,ORDERING_UNRESOLVED,AMBIGUOUS_OPEN_OR_CLOSED,390
GOOGL,4h,short,2026-04-24T13:30:00.000Z,2026-04-24T15:50:00.000Z,ORDERING_UNRESOLVED,AMBIGUOUS_OPEN_OR_CLOSED,390
AMD,1h,long,2021-01-27T14:30:00.000Z,2021-01-27T14:32:00.000Z,ORDERING_UNRESOLVED,AMBIGUOUS_OPEN_OR_CLOSED,390
AMD,1h,long,2021-11-17T14:30:00.000Z,2021-11-17T14:30:00.000Z,ORDERING_UNRESOLVED,AMBIGUOUS_OPEN_OR_CLOSED,390
AMD,1h,short,2022-12-21T14:30:00.000Z,2022-12-21T14:39:00.000Z,ORDERING_UNRESOLVED,AMBIGUOUS_OPEN_OR_CLOSED,390
AMD,1h,long,2023-07-03T17:30:00.000Z,2023-07-03T18:07:00.000Z,ORDERING_UNRESOLVED,AMBIGUOUS_OPEN_OR_CLOSED,373
AMD,1h,short,2023-10-10T13:30:00.000Z,2023-10-10T13:30:00.000Z,ORDERING_UNRESOLVED,AMBIGUOUS_OPEN_OR_CLOSED,390
AMD,1h,long,2023-10-17T13:30:00.000Z,2023-10-17T13:30:00.000Z,ORDERING_UNRESOLVED,AMBIGUOUS_OPEN_OR_CLOSED,390
AMD,1h,long,2024-01-04T14:30:00.000Z,2024-01-04T14:30:00.000Z,ORDERING_UNRESOLVED,AMBIGUOUS_OPEN_OR_CLOSED,390
AMD,1h,short,2024-04-26T13:30:00.000Z,2024-04-26T13:33:00.000Z,ORDERING_UNRESOLVED,AMBIGUOUS_OPEN_OR_CLOSED,390
AMD,1h,long,2024-05-01T13:30:00.000Z,2024-05-01T13:30:00.000Z,ORDERING_UNRESOLVED,AMBIGUOUS_OPEN_OR_CLOSED,390
AMD,1h,short,2024-05-22T13:30:00.000Z,2024-05-22T13:33:00.000Z,ORDERING_UNRESOLVED,AMBIGUOUS_OPEN_OR_CLOSED,390
AMD,1h,long,2024-11-12T14:30:00.000Z,2024-11-12T14:42:00.000Z,ORDERING_UNRESOLVED,AMBIGUOUS_OPEN_OR_CLOSED,390
AMD,1h,short,2024-12-04T14:30:00.000Z,2024-12-04T14:30:00.000Z,ORDERING_UNRESOLVED,AMBIGUOUS_OPEN_OR_CLOSED,390
AMD,1h,short,2026-01-30T18:30:00.000Z,2026-01-30T18:47:00.000Z,ORDERING_UNRESOLVED,AMBIGUOUS_OPEN_OR_CLOSED,390
AMD,1h,long,2026-05-12T13:30:00.000Z,2026-05-12T13:30:00.000Z,ORDERING_UNRESOLVED,AMBIGUOUS_OPEN_OR_CLOSED,390
AMD,1h,long,2026-08-25T17:30:00.000Z,2026-08-25T18:13:00.000Z,ORDERING_UNRESOLVED,AMBIGUOUS_OPEN_OR_CLOSED,390
AMD,1h,short,2026-08-26T13:30:00.000Z,2026-08-26T13:30:00.000Z,ORDERING_UNRESOLVED,AMBIGUOUS_OPEN_OR_CLOSED,390
AMD,4h,long,2023-07-03T17:30:00.000Z,2023-07-03T18:07:00.000Z,ORDERING_UNRESOLVED,AMBIGUOUS_OPEN_OR_CLOSED,373
AMD,4h,long,2025-08-06T13:30:00.000Z,2025-08-06T13:31:00.000Z,ORDERING_UNRESOLVED,AMBIGUOUS_OPEN_OR_CLOSED,390
QQQ,1h,long,2021-01-29T15:30:00.000Z,2021-01-29T16:28:00.000Z,ORDERING_UNRESOLVED,AMBIGUOUS_OPEN_OR_CLOSED,390
QQQ,1h,long,2021-04-14T19:30:00.000Z,2021-04-14T19:55:00.000Z,ORDERING_UNRESOLVED,AMBIGUOUS_OPEN_OR_CLOSED,385
QQQ,1h,short,2021-11-26T18:30:00.000Z,2021-11-26T18:52:00.000Z,ORDERING_UNRESOLVED,AMBIGUOUS_OPEN_OR_CLOSED,390
QQQ,1h,short,2023-01-04T18:30:00.000Z,2023-01-04T19:00:00.000Z,ORDERING_UNRESOLVED,AMBIGUOUS_OPEN_OR_CLOSED,390
QQQ,1h,short,2023-12-01T16:30:00.000Z,2023-12-01T16:53:00.000Z,ORDERING_UNRESOLVED,AMBIGUOUS_OPEN_OR_CLOSED,390
QQQ,1h,long,2024-12-18T20:30:00.000Z,2024-12-18T20:40:00.000Z,ORDERING_UNRESOLVED,AMBIGUOUS_OPEN_OR_CLOSED,390
QQQ,1h,long,2025-10-30T18:30:00.000Z,2025-10-30T19:21:00.000Z,ORDERING_UNRESOLVED,AMBIGUOUS_OPEN_OR_CLOSED,390
QQQ,4h,long,2022-03-31T17:30:00.000Z,2022-03-31T21:00:00.000Z,ORDERING_UNRESOLVED,AMBIGUOUS_OPEN_OR_CLOSED;ENTRY_OUTSIDE_RTH,629
NFLX,1h,long,2021-12-17T14:30:00.000Z,2021-12-17T14:40:00.000Z,ORDERING_UNRESOLVED,AMBIGUOUS_OPEN_OR_CLOSED,390
NFLX,1h,long,2023-06-06T13:30:00.000Z,2023-06-06T13:31:00.000Z,ORDERING_UNRESOLVED,AMBIGUOUS_OPEN_OR_CLOSED,390
NFLX,1h,short,2023-10-19T13:30:00.000Z,2023-10-19T13:30:00.000Z,ORDERING_UNRESOLVED,AMBIGUOUS_OPEN_OR_CLOSED,390
NFLX,1h,long,2023-11-17T14:30:00.000Z,2023-11-17T14:30:00.000Z,ORDERING_UNRESOLVED,AMBIGUOUS_OPEN_OR_CLOSED,388
NFLX,1h,short,2024-01-10T14:30:00.000Z,2024-01-10T14:36:00.000Z,ORDERING_UNRESOLVED,AMBIGUOUS_OPEN_OR_CLOSED,390
NFLX,1h,short,2024-01-11T14:30:00.000Z,2024-01-11T14:31:00.000Z,ORDERING_UNRESOLVED,AMBIGUOUS_OPEN_OR_CLOSED,390
NFLX,1h,short,2024-01-12T14:30:00.000Z,2024-01-12T14:30:00.000Z,ORDERING_UNRESOLVED,AMBIGUOUS_OPEN_OR_CLOSED,390
NFLX,1h,long,2024-03-26T13:30:00.000Z,2024-03-26T13:31:00.000Z,ORDERING_UNRESOLVED,AMBIGUOUS_OPEN_OR_CLOSED,374
NFLX,1h,long,2024-04-22T13:30:00.000Z,2024-04-22T13:37:00.000Z,ORDERING_UNRESOLVED,AMBIGUOUS_OPEN_OR_CLOSED,390
NFLX,1h,long,2024-11-14T14:30:00.000Z,2024-11-14T14:30:00.000Z,ORDERING_UNRESOLVED,AMBIGUOUS_OPEN_OR_CLOSED,386
NFLX,1h,long,2026-04-16T13:30:00.000Z,2026-04-16T13:35:00.000Z,ORDERING_UNRESOLVED,AMBIGUOUS_OPEN_OR_CLOSED,390
NFLX,1h,long,2026-09-18T13:30:00.000Z,2026-09-18T13:30:00.000Z,ORDERING_UNRESOLVED,AMBIGUOUS_OPEN_OR_CLOSED,390
NFLX,4h,short,2026-02-26T14:30:00.000Z,2026-02-26T15:56:00.000Z,ORDERING_UNRESOLVED,AMBIGUOUS_OPEN_OR_CLOSED,390
NFLX,4h,short,2026-04-08T13:30:00.000Z,2026-04-08T13:30:00.000Z,ORDERING_UNRESOLVED,AMBIGUOUS_OPEN_OR_CLOSED,390
NFLX,4h,long,2026-09-18T13:30:00.000Z,2026-09-18T13:30:00.000Z,ORDERING_UNRESOLVED,AMBIGUOUS_OPEN_OR_CLOSED,390
MSFT,1h,long,2021-04-28T19:30:00.000Z,2021-04-28T19:35:00.000Z,ORDERING_UNRESOLVED,AMBIGUOUS_OPEN_OR_CLOSED,371
MSFT,1h,long,2021-06-16T17:30:00.000Z,2021-06-16T18:00:00.000Z,ORDERING_UNRESOLVED,AMBIGUOUS_OPEN_OR_CLOSED,389
MSFT,1h,long,2021-06-25T19:30:00.000Z,2021-06-25T19:53:00.000Z,ORDERING_UNRESOLVED,AMBIGUOUS_OPEN_OR_CLOSED,390
MSFT,1h,long,2022-06-02T13:30:00.000Z,2022-06-02T13:30:00.000Z,ORDERING_UNRESOLVED,AMBIGUOUS_OPEN_OR_CLOSED,390
MSFT,1h,long,2022-11-28T16:30:00.000Z,2022-11-28T17:03:00.000Z,ORDERING_UNRESOLVED,AMBIGUOUS_OPEN_OR_CLOSED,390
MSFT,1h,short,2023-12-20T14:30:00.000Z,2023-12-20T14:30:00.000Z,ORDERING_UNRESOLVED,AMBIGUOUS_OPEN_OR_CLOSED,390
MSFT,1h,long,2024-02-13T14:30:00.000Z,2024-02-13T14:30:00.000Z,ORDERING_UNRESOLVED,AMBIGUOUS_OPEN_OR_CLOSED,390
MSFT,1h,long,2024-08-05T13:30:00.000Z,2024-08-05T13:31:00.000Z,ORDERING_UNRESOLVED,AMBIGUOUS_OPEN_OR_CLOSED,390
MSFT,1h,short,2024-10-28T13:30:00.000Z,2024-10-28T13:30:00.000Z,ORDERING_UNRESOLVED,AMBIGUOUS_OPEN_OR_CLOSED,389
MSFT,1h,short,2025-04-23T13:30:00.000Z,2025-04-23T13:37:00.000Z,ORDERING_UNRESOLVED,AMBIGUOUS_OPEN_OR_CLOSED,390
MSFT,1h,long,2025-10-02T14:30:00.000Z,2025-10-02T15:02:00.000Z,ORDERING_UNRESOLVED,AMBIGUOUS_OPEN_OR_CLOSED,390
MSFT,1h,long,2025-10-09T13:30:00.000Z,2025-10-09T13:30:00.000Z,ORDERING_UNRESOLVED,AMBIGUOUS_OPEN_OR_CLOSED,390
MSFT,1h,long,2025-10-30T13:30:00.000Z,2025-10-30T14:10:00.000Z,ORDERING_UNRESOLVED,AMBIGUOUS_OPEN_OR_CLOSED,390
MSFT,1h,short,2026-09-17T13:30:00.000Z,2026-09-17T13:30:00.000Z,ORDERING_UNRESOLVED,AMBIGUOUS_OPEN_OR_CLOSED,390
MSFT,4h,long,2021-04-28T17:30:00.000Z,2021-04-28T19:35:00.000Z,ORDERING_UNRESOLVED,AMBIGUOUS_OPEN_OR_CLOSED,371
MSFT,4h,long,2021-11-26T18:30:00.000Z,2021-11-26T19:09:00.000Z,ORDERING_UNRESOLVED,AMBIGUOUS_OPEN_OR_CLOSED,390
TSLA,1h,long,2021-07-08T13:30:00.000Z,2021-07-08T13:30:00.000Z,ORDERING_UNRESOLVED,AMBIGUOUS_OPEN_OR_CLOSED,390
TSLA,1h,long,2022-01-27T19:30:00.000Z,2022-01-27T20:21:00.000Z,ORDERING_UNRESOLVED,AMBIGUOUS_OPEN_OR_CLOSED,390
TSLA,1h,long,2022-05-12T13:30:00.000Z,2022-05-12T13:30:00.000Z,ORDERING_UNRESOLVED,AMBIGUOUS_OPEN_OR_CLOSED,390
TSLA,1h,long,2022-05-12T15:30:00.000Z,2022-05-12T16:10:00.000Z,ORDERING_UNRESOLVED,AMBIGUOUS_OPEN_OR_CLOSED,390
TSLA,1h,long,2023-10-26T13:30:00.000Z,2023-10-26T13:46:00.000Z,ORDERING_UNRESOLVED,AMBIGUOUS_OPEN_OR_CLOSED,390
TSLA,1h,long,2023-10-30T13:30:00.000Z,2023-10-30T14:27:00.000Z,ORDERING_UNRESOLVED,AMBIGUOUS_OPEN_OR_CLOSED,390
TSLA,1h,long,2023-10-30T14:30:00.000Z,2023-10-30T15:23:00.000Z,ORDERING_UNRESOLVED,AMBIGUOUS_OPEN_OR_CLOSED,390
TSLA,1h,long,2023-10-30T16:30:00.000Z,2023-10-30T16:45:00.000Z,ORDERING_UNRESOLVED,AMBIGUOUS_OPEN_OR_CLOSED,390
TSLA,1h,short,2023-11-02T13:30:00.000Z,2023-11-02T13:43:00.000Z,ORDERING_UNRESOLVED,AMBIGUOUS_OPEN_OR_CLOSED,390
TSLA,1h,short,2023-11-06T17:30:00.000Z,2023-11-06T18:26:00.000Z,ORDERING_UNRESOLVED,AMBIGUOUS_OPEN_OR_CLOSED,390
TSLA,1h,short,2024-02-07T14:30:00.000Z,2024-02-07T14:30:00.000Z,ORDERING_UNRESOLVED,AMBIGUOUS_OPEN_OR_CLOSED,390
TSLA,1h,short,2024-05-15T13:30:00.000Z,2024-05-15T13:30:00.000Z,ORDERING_UNRESOLVED,AMBIGUOUS_OPEN_OR_CLOSED,390
TSLA,1h,long,2024-08-22T15:30:00.000Z,2024-08-22T15:43:00.000Z,ORDERING_UNRESOLVED,AMBIGUOUS_OPEN_OR_CLOSED,390
TSLA,1h,long,2025-01-27T14:30:00.000Z,2025-01-27T14:30:00.000Z,ORDERING_UNRESOLVED,AMBIGUOUS_OPEN_OR_CLOSED,390
TSLA,1h,short,2025-02-06T19:30:00.000Z,2025-02-06T20:26:00.000Z,ORDERING_UNRESOLVED,AMBIGUOUS_OPEN_OR_CLOSED,390
TSLA,1h,long,2025-12-09T14:30:00.000Z,2025-12-09T14:32:00.000Z,ORDERING_UNRESOLVED,AMBIGUOUS_OPEN_OR_CLOSED,390
TSLA,1h,long,2026-01-30T18:30:00.000Z,2026-01-30T18:47:00.000Z,ORDERING_UNRESOLVED,AMBIGUOUS_OPEN_OR_CLOSED,390
TSLA,1h,short,2026-04-13T13:30:00.000Z,2026-04-13T13:49:00.000Z,ORDERING_UNRESOLVED,AMBIGUOUS_OPEN_OR_CLOSED,390
TSLA,4h,long,2022-02-24T14:30:00.000Z,2022-02-24T14:30:00.000Z,ORDERING_UNRESOLVED,AMBIGUOUS_OPEN_OR_CLOSED,389
TSLA,4h,short,2022-12-12T14:30:00.000Z,2022-12-12T14:34:00.000Z,ORDERING_UNRESOLVED,AMBIGUOUS_OPEN_OR_CLOSED,390
TSLA,4h,long,2023-07-03T17:30:00.000Z,2023-07-03T18:14:00.000Z,ORDERING_UNRESOLVED,AMBIGUOUS_OPEN_OR_CLOSED,390
TSLA,4h,long,2026-01-30T18:30:00.000Z,2026-01-30T18:47:00.000Z,ORDERING_UNRESOLVED,AMBIGUOUS_OPEN_OR_CLOSED,390
AAPL,1h,long,2021-07-13T17:30:00.000Z,2021-07-13T18:04:00.000Z,ORDERING_UNRESOLVED,AMBIGUOUS_OPEN_OR_CLOSED,389
AAPL,1h,long,2021-09-14T16:30:00.000Z,2021-09-14T17:05:00.000Z,ORDERING_UNRESOLVED,AMBIGUOUS_OPEN_OR_CLOSED,390
AAPL,1h,long,2021-10-01T13:30:00.000Z,2021-10-01T14:15:00.000Z,ORDERING_UNRESOLVED,AMBIGUOUS_OPEN_OR_CLOSED,390
AAPL,1h,long,2022-12-14T19:30:00.000Z,2022-12-14T19:34:00.000Z,ORDERING_UNRESOLVED,AMBIGUOUS_OPEN_OR_CLOSED,390
AAPL,1h,long,2023-04-26T13:30:00.000Z,2023-04-26T13:30:00.000Z,ORDERING_UNRESOLVED,AMBIGUOUS_OPEN_OR_CLOSED,390
AAPL,1h,long,2023-07-18T13:30:00.000Z,2023-07-18T13:30:00.000Z,ORDERING_UNRESOLVED,AMBIGUOUS_OPEN_OR_CLOSED,390
AAPL,1h,long,2023-09-25T13:30:00.000Z,2023-09-25T13:30:00.000Z,ORDERING_UNRESOLVED,AMBIGUOUS_OPEN_OR_CLOSED,390
AAPL,1h,long,2023-10-27T13:30:00.000Z,2023-10-27T14:17:00.000Z,ORDERING_UNRESOLVED,AMBIGUOUS_OPEN_OR_CLOSED,390
AAPL,1h,short,2023-12-28T14:30:00.000Z,2023-12-28T14:30:00.000Z,ORDERING_UNRESOLVED,AMBIGUOUS_OPEN_OR_CLOSED,390
AAPL,1h,short,2024-03-27T13:30:00.000Z,2024-03-27T13:59:00.000Z,ORDERING_UNRESOLVED,AMBIGUOUS_OPEN_OR_CLOSED,390
AAPL,1h,short,2024-04-10T18:30:00.000Z,2024-04-10T19:17:00.000Z,ORDERING_UNRESOLVED,AMBIGUOUS_OPEN_OR_CLOSED,390
AAPL,1h,long,2025-03-21T13:30:00.000Z,2025-03-21T13:30:00.000Z,ORDERING_UNRESOLVED,AMBIGUOUS_OPEN_OR_CLOSED,390
AAPL,1h,long,2025-11-10T18:30:00.000Z,2025-11-10T19:10:00.000Z,ORDERING_UNRESOLVED,AMBIGUOUS_OPEN_OR_CLOSED,390
AAPL,1h,short,2026-01-30T18:30:00.000Z,2026-01-30T18:47:00.000Z,ORDERING_UNRESOLVED,AMBIGUOUS_OPEN_OR_CLOSED,390
AAPL,1h,long,2026-03-02T14:30:00.000Z,2026-03-02T14:30:00.000Z,ORDERING_UNRESOLVED,AMBIGUOUS_OPEN_OR_CLOSED,390
AAPL,1h,short,2026-03-04T14:30:00.000Z,2026-03-04T14:33:00.000Z,ORDERING_UNRESOLVED,AMBIGUOUS_OPEN_OR_CLOSED,390
AAPL,1h,long,2026-08-31T16:30:00.000Z,2026-08-31T16:30:00.000Z,ORDERING_UNRESOLVED,AMBIGUOUS_OPEN_OR_CLOSED,390
AAPL,4h,long,2022-06-13T13:30:00.000Z,2022-06-13T13:30:00.000Z,ORDERING_UNRESOLVED,AMBIGUOUS_OPEN_OR_CLOSED,390
AAPL,4h,short,2026-03-23T13:30:00.000Z,2026-03-23T13:30:00.000Z,ORDERING_UNRESOLVED,AMBIGUOUS_OPEN_OR_CLOSED,390
SPY,1h,long,2021-01-25T15:30:00.000Z,2021-01-25T16:08:00.000Z,ORDERING_UNRESOLVED,AMBIGUOUS_OPEN_OR_CLOSED,390
SPY,1h,long,2021-04-30T13:30:00.000Z,2021-04-30T13:30:00.000Z,ORDERING_UNRESOLVED,AMBIGUOUS_OPEN_OR_CLOSED,390
SPY,1h,short,2021-05-21T13:30:00.000Z,2021-05-21T13:30:00.000Z,ORDERING_UNRESOLVED,AMBIGUOUS_OPEN_OR_CLOSED,390
SPY,1h,long,2021-07-15T13:30:00.000Z,2021-07-15T13:30:00.000Z,ORDERING_UNRESOLVED,AMBIGUOUS_OPEN_OR_CLOSED,387
SPY,1h,short,2022-10-13T14:30:00.000Z,2022-10-13T15:20:00.000Z,ORDERING_UNRESOLVED,AMBIGUOUS_OPEN_OR_CLOSED,390
SPY,1h,long,2023-11-28T17:30:00.000Z,2023-11-28T18:02:00.000Z,ORDERING_UNRESOLVED,AMBIGUOUS_OPEN_OR_CLOSED,390
SPY,1h,long,2024-09-18T17:30:00.000Z,2024-09-18T18:00:00.000Z,ORDERING_UNRESOLVED,AMBIGUOUS_OPEN_OR_CLOSED,390
SPY,1h,short,2025-04-09T16:30:00.000Z,2025-04-09T17:20:00.000Z,ORDERING_UNRESOLVED,AMBIGUOUS_OPEN_OR_CLOSED,390
SPY,1h,long,2025-05-27T16:30:00.000Z,2025-05-27T17:13:00.000Z,ORDERING_UNRESOLVED,AMBIGUOUS_OPEN_OR_CLOSED,390
SPY,1h,long,2025-10-22T16:30:00.000Z,2025-10-22T16:31:00.000Z,ORDERING_UNRESOLVED,AMBIGUOUS_OPEN_OR_CLOSED,390
SPY,1h,long,2025-10-29T18:30:00.000Z,2025-10-29T18:39:00.000Z,ORDERING_UNRESOLVED,AMBIGUOUS_OPEN_OR_CLOSED,390
SPY,1h,long,2026-01-08T14:30:00.000Z,2026-01-08T14:42:00.000Z,ORDERING_UNRESOLVED,AMBIGUOUS_OPEN_OR_CLOSED,390
SPY,1h,short,2026-01-21T18:30:00.000Z,2026-01-21T19:27:00.000Z,ORDERING_UNRESOLVED,AMBIGUOUS_OPEN_OR_CLOSED,390
SPY,1h,long,2026-06-09T16:30:00.000Z,2026-06-09T16:38:00.000Z,ORDERING_UNRESOLVED,AMBIGUOUS_OPEN_OR_CLOSED,390
SPY,1h,long,2026-06-26T19:30:00.000Z,2026-06-26T19:59:00.000Z,ORDERING_UNRESOLVED,AMBIGUOUS_OPEN_OR_CLOSED,390
SPY,1h,long,2026-07-10T14:30:00.000Z,2026-07-10T14:32:00.000Z,ORDERING_UNRESOLVED,AMBIGUOUS_OPEN_OR_CLOSED,390
SPY,1h,long,2026-07-13T13:30:00.000Z,2026-07-13T14:16:00.000Z,ORDERING_UNRESOLVED,AMBIGUOUS_OPEN_OR_CLOSED,390
SPY,4h,short,2023-07-03T17:30:00.000Z,2023-07-03T18:08:00.000Z,ORDERING_UNRESOLVED,AMBIGUOUS_OPEN_OR_CLOSED,390
SPY,4h,long,2026-06-09T13:30:00.000Z,2026-06-09T16:38:00.000Z,ORDERING_UNRESOLVED,AMBIGUOUS_OPEN_OR_CLOSED,390
AMZN,1h,long,2021-01-25T15:30:00.000Z,2021-01-25T16:03:00.000Z,ORDERING_UNRESOLVED,AMBIGUOUS_OPEN_OR_CLOSED,384
AMZN,1h,short,2021-02-16T14:30:00.000Z,2021-02-16T14:58:00.000Z,ORDERING_UNRESOLVED,AMBIGUOUS_OPEN_OR_CLOSED,373
AMZN,1h,long,2021-07-30T13:30:00.000Z,2021-07-30T13:32:00.000Z,ORDERING_UNRESOLVED,AMBIGUOUS_OPEN_OR_CLOSED,389
AMZN,1h,short,2021-10-22T16:30:00.000Z,2021-10-22T16:54:00.000Z,ORDERING_UNRESOLVED,AMBIGUOUS_OPEN_OR_CLOSED,383
AMZN,1h,long,2021-12-21T14:30:00.000Z,2021-12-21T15:10:00.000Z,ORDERING_UNRESOLVED,AMBIGUOUS_OPEN_OR_CLOSED,375
AMZN,1h,short,2022-12-13T14:30:00.000Z,2022-12-13T14:30:00.000Z,ORDERING_UNRESOLVED,AMBIGUOUS_OPEN_OR_CLOSED,390
AMZN,1h,short,2023-01-04T14:30:00.000Z,2023-01-04T14:30:00.000Z,ORDERING_UNRESOLVED,AMBIGUOUS_OPEN_OR_CLOSED,390
AMZN,1h,short,2023-10-30T14:30:00.000Z,2023-10-30T14:47:00.000Z,ORDERING_UNRESOLVED,AMBIGUOUS_OPEN_OR_CLOSED,390
AMZN,1h,long,2024-02-08T14:30:00.000Z,2024-02-08T14:32:00.000Z,ORDERING_UNRESOLVED,AMBIGUOUS_OPEN_OR_CLOSED,390
AMZN,1h,long,2024-02-16T14:30:00.000Z,2024-02-16T14:32:00.000Z,ORDERING_UNRESOLVED,AMBIGUOUS_OPEN_OR_CLOSED,390
AMZN,1h,short,2024-02-21T14:30:00.000Z,2024-02-21T14:32:00.000Z,ORDERING_UNRESOLVED,AMBIGUOUS_OPEN_OR_CLOSED,390
AMZN,1h,long,2024-04-25T13:30:00.000Z,2024-04-25T13:30:00.000Z,ORDERING_UNRESOLVED,AMBIGUOUS_OPEN_OR_CLOSED,390
AMZN,1h,short,2024-05-01T13:30:00.000Z,2024-05-01T13:30:00.000Z,ORDERING_UNRESOLVED,AMBIGUOUS_OPEN_OR_CLOSED,390
AMZN,1h,short,2024-06-05T13:30:00.000Z,2024-06-05T13:30:00.000Z,ORDERING_UNRESOLVED,AMBIGUOUS_OPEN_OR_CLOSED,390
AMZN,1h,short,2024-06-21T13:30:00.000Z,2024-06-21T13:30:00.000Z,ORDERING_UNRESOLVED,AMBIGUOUS_OPEN_OR_CLOSED,390
AMZN,1h,short,2024-11-01T13:30:00.000Z,2024-11-01T13:31:00.000Z,ORDERING_UNRESOLVED,AMBIGUOUS_OPEN_OR_CLOSED,390
AMZN,1h,long,2024-12-18T20:30:00.000Z,2024-12-18T20:40:00.000Z,ORDERING_UNRESOLVED,AMBIGUOUS_OPEN_OR_CLOSED,390
AMZN,1h,short,2025-01-06T14:30:00.000Z,2025-01-06T14:30:00.000Z,ORDERING_UNRESOLVED,AMBIGUOUS_OPEN_OR_CLOSED,390
AMZN,1h,short,2025-01-21T14:30:00.000Z,2025-01-21T14:31:00.000Z,ORDERING_UNRESOLVED,AMBIGUOUS_OPEN_OR_CLOSED,390
AMZN,1h,short,2025-09-15T13:30:00.000Z,2025-09-15T13:30:00.000Z,ORDERING_UNRESOLVED,AMBIGUOUS_OPEN_OR_CLOSED,390
AMZN,1h,long,2025-10-16T16:30:00.000Z,2025-10-16T16:41:00.000Z,ORDERING_UNRESOLVED,AMBIGUOUS_OPEN_OR_CLOSED,390
AMZN,1h,long,2026-06-01T13:30:00.000Z,2026-06-01T13:30:00.000Z,ORDERING_UNRESOLVED,AMBIGUOUS_OPEN_OR_CLOSED,390
AMZN,1h,short,2026-06-29T15:30:00.000Z,2026-06-29T15:34:00.000Z,ORDERING_UNRESOLVED,AMBIGUOUS_OPEN_OR_CLOSED,390
AMZN,1h,long,2026-07-23T15:30:00.000Z,2026-07-23T16:03:00.000Z,ORDERING_UNRESOLVED,AMBIGUOUS_OPEN_OR_CLOSED,390
AMZN,4h,short,2021-11-26T18:30:00.000Z,2021-11-26T19:12:00.000Z,ORDERING_UNRESOLVED,AMBIGUOUS_OPEN_OR_CLOSED,383
AMZN,4h,short,2024-11-01T13:30:00.000Z,2024-11-01T13:31:00.000Z,ORDERING_UNRESOLVED,AMBIGUOUS_OPEN_OR_CLOSED,390
AMZN,4h,long,2026-06-09T13:30:00.000Z,2026-06-09T14:35:00.000Z,ORDERING_UNRESOLVED,AMBIGUOUS_OPEN_OR_CLOSED,390
