arm,key,instrument,timeframe,window,direction,ipo_origin_time,zone_high,zone_low,entry_time,entry_price,s2_price,target_price,has_preentry_impulse,association,impulse_direction,impulse_start_time,impulse_end_time,impulse_confirmed_time,impulse_span_bars,impulse_bos_price,impulse_origin_broken,impulse_displacement_atr,impulse_body_dominance,impulse_efficiency,bars_origin_to_impulse,bars_impulse_to_entry,confirmed_before_entry,exit_time,exit_price,exit_reason,gross_r,cost_r,net_r,ordering_resolution,ambiguity_detail,excluded_from_stats
IMPULSE_AFTER_ENTRY,EUR/USD|2022-07-01|1h|411@418,EUR/USD,1h,EUR/USD_2022-07-01,demand,2022-03-16T22:00:00Z,1.10345,1.102175,2022-03-17T05:00:00Z,1.102175,1.1009,1.1047249999999997,true,IMPULSE_IMMEDIATELY_AFTER_IPO,bullish,2022-03-17T10:00:00Z,2022-03-17T17:00:00Z,2022-03-17T17:00:00Z,7,1.1138,false,,,,19,-12,false,2022-03-17T08:02:00Z,1.1047249999999997,TARGET,2,0.12549019607843975,1.8745098039215602,1M_RESOLVED,,false
IMPULSE_AFTER_ENTRY,EUR/USD|2022-07-01|1h|456@469,EUR/USD,1h,EUR/USD_2022-07-01,supply,2022-03-18T19:00:00Z,1.10515,1.1046,2022-03-21T08:00:00Z,1.10515,1.1057,1.1040500000000004,true,IMPULSE_IMMEDIATELY_AFTER_IPO,bearish,2022-03-21T16:00:00Z,2022-03-22T00:00:00Z,2022-03-22T00:00:00Z,8,1.0981,false,,,,29,-16,false,2022-03-21T11:02:00Z,1.1040500000000004,TARGET,2,0.2909090909091817,1.7090909090908184,1M_RESOLVED,,false
IMPULSE_AFTER_ENTRY,EUR/USD|2022-07-01|1h|498@502,EUR/USD,1h,EUR/USD_2022-07-01,supply,2022-03-22T13:00:00Z,1.10285,1.1016,2022-03-22T17:00:00Z,1.10285,1.1041,1.1003500000000002,true,IMPULSE_IMMEDIATELY_AFTER_IPO,bearish,2022-03-22T22:00:00Z,2022-03-23T13:00:00Z,2022-03-23T13:00:00Z,15,1.0964,false,,,,24,-20,false,2022-03-23T09:41:00Z,1.1003500000000002,TARGET,2,0.12800000000000275,1.8719999999999972,1M_RESOLVED,,false
IMPULSE_AFTER_ENTRY,EUR/USD|2022-07-01|1h|519@524,EUR/USD,1h,EUR/USD_2022-07-01,supply,2022-03-23T10:00:00Z,1.10015,1.0996,2022-03-23T15:00:00Z,1.10015,1.1007,1.0990499999999999,true,IMPULSE_OVERLAPS_IPO,bearish,2022-03-22T22:00:00Z,2022-03-23T13:00:00Z,2022-03-23T13:00:00Z,15,1.0964,false,,,,3,2,false,2022-03-23T18:00:00Z,1.10085,S2_CLOSE_INVALIDATION,-1.2727272727274195,0.29090909090906425,-1.5636363636364838,HTF_UNAMBIGUOUS,,false
IMPULSE_AFTER_ENTRY,EUR/USD|2022-07-01|1h|607@615,EUR/USD,1h,EUR/USD_2022-07-01,demand,2022-03-29T00:00:00Z,1.0997,1.09835,2022-03-29T08:00:00Z,1.09835,1.097,1.1010499999999999,true,IMPULSE_IMMEDIATELY_AFTER_IPO,bullish,2022-03-29T09:00:00Z,2022-03-29T13:00:00Z,2022-03-29T13:00:00Z,4,1.1137,false,,,,13,-5,false,2022-03-29T09:08:00Z,1.1010499999999999,TARGET,2,0.11851851851852184,1.8814814814814782,1M_RESOLVED,,false
IMPULSE_AFTER_ENTRY,EUR/USD|2022-07-01|1h|635@643,EUR/USD,1h,EUR/USD_2022-07-01,demand,2022-03-30T04:00:00Z,1.1121,1.1115,2022-03-30T12:00:00Z,1.1115,1.1109,1.1126999999999998,true,IMPULSE_OVERLAPS_IPO,bullish,2022-03-29T17:00:00Z,2022-03-31T01:00:00Z,2022-03-31T01:00:00Z,32,1.1184,false,,,,21,-13,false,2022-03-30T12:37:00Z,1.1126999999999998,TARGET,2,0.2666666666666961,1.7333333333333039,1M_RESOLVED,,false
IMPULSE_AFTER_ENTRY,EUR/USD|2022-07-01|1h|947@960,EUR/USD,1h,EUR/USD_2022-07-01,supply,2022-04-17T22:00:00Z,1.081275,1.0804,2022-04-18T11:00:00Z,1.081275,1.08215,1.079525,true,IMPULSE_IMMEDIATELY_AFTER_IPO,bearish,2022-04-18T12:00:00Z,2022-04-19T02:00:00Z,2022-04-19T02:00:00Z,14,1.0761,false,,,,28,-15,false,2022-04-18T14:53:00Z,1.079525,TARGET,2,0.1828571428571514,1.8171428571428485,1M_RESOLVED,,false
IMPULSE_AFTER_ENTRY,EUR/USD|2022-07-01|1h|968@977,EUR/USD,1h,EUR/USD_2022-07-01,supply,2022-04-18T19:00:00Z,1.07815,1.0778,2022-04-19T04:00:00Z,1.07815,1.0785,1.0774499999999998,true,IMPULSE_OVERLAPS_IPO,bearish,2022-04-17T23:00:00Z,2022-04-19T02:00:00Z,2022-04-19T02:00:00Z,27,1.0761,false,,,,7,2,false,2022-04-19T04:41:00Z,1.0774499999999998,TARGET,2,0.45714285714276254,1.5428571428572375,1M_RESOLVED,,false
IMPULSE_AFTER_ENTRY,EUR/USD|2022-07-01|1h|1008@1014,EUR/USD,1h,EUR/USD_2022-07-01,demand,2022-04-20T11:00:00Z,1.0859,1.0842,2022-04-20T17:00:00Z,1.0842,1.0825,1.0876000000000001,true,IMPULSE_IMMEDIATELY_AFTER_IPO,bullish,2022-04-20T12:00:00Z,2022-04-21T07:00:00Z,2022-04-21T07:00:00Z,19,1.0936,false,,,,20,-14,false,2022-04-21T06:30:00Z,1.0876000000000001,TARGET,2,0.09411764705882161,1.9058823529411784,1M_RESOLVED,,false
IMPULSE_AFTER_ENTRY,EUR/USD|2022-07-01|1h|1282@1294,EUR/USD,1h,EUR/USD_2022-07-01,supply,2022-05-05T19:00:00Z,1.05345,1.0518,2022-05-06T07:00:00Z,1.05345,1.0551,1.0501500000000001,true,IMPULSE_OVERLAPS_IPO,bearish,2022-05-05T10:00:00Z,2022-05-06T06:00:00Z,2022-05-06T06:00:00Z,20,1.04835,false,,,,11,1,false,2022-05-06T08:00:00Z,1.0557,S2_CLOSE_INVALIDATION,-1.3636363636364737,0.09696969696970113,-1.4606060606061748,HTF_UNAMBIGUOUS,,false
IMPULSE_AFTER_ENTRY,EUR/USD|2022-07-01|1h|1312@1319,EUR/USD,1h,EUR/USD_2022-07-01,supply,2022-05-09T01:00:00Z,1.05205,1.0514,2022-05-09T08:00:00Z,1.05205,1.0527,1.0507499999999999,true,IMPULSE_OVERLAPS_IPO,bearish,2022-05-06T10:00:00Z,2022-05-09T06:00:00Z,2022-05-09T06:00:00Z,20,1.0495,false,,,,5,2,false,2022-05-09T08:43:00Z,1.0507499999999999,TARGET,2,0.24615384615383124,1.7538461538461687,1M_RESOLVED,,false
IMPULSE_AFTER_ENTRY,EUR/USD|2022-07-01|1h|1529@1540,EUR/USD,1h,EUR/USD_2022-07-01,demand,2022-05-20T02:00:00Z,1.0574,1.0565,2022-05-20T13:00:00Z,1.0565,1.0556,1.0582999999999998,true,IMPULSE_IMMEDIATELY_AFTER_IPO,bullish,2022-05-20T18:00:00Z,2022-05-23T09:00:00Z,2022-05-23T09:00:00Z,15,1.0687,false,,,,31,-20,false,2022-05-20T16:00:00Z,1.0549,S2_CLOSE_INVALIDATION,-1.7777777777780246,0.17777777777779738,-1.955555555555822,HTF_UNAMBIGUOUS,,false
IMPULSE_AFTER_ENTRY,EUR/USD|2022-07-01|1h|1797@1801,EUR/USD,1h,EUR/USD_2022-07-01,demand,2022-06-06T06:00:00Z,1.0734,1.072625,2022-06-06T10:00:00Z,1.072625,1.07185,1.0741749999999999,true,IMPULSE_OVERLAPS_IPO,bullish,2022-06-02T02:00:00Z,2022-06-06T08:00:00Z,2022-06-06T08:00:00Z,54,1.0752,false,,,,2,2,false,2022-06-06T13:00:00Z,1.0714,S2_CLOSE_INVALIDATION,-1.5806451612904242,0.20645161290323377,-1.787096774193658,HTF_UNAMBIGUOUS,,false
IMPULSE_AFTER_ENTRY,EUR/USD|2022-07-01|1h|2054@2061,EUR/USD,1h,EUR/USD_2022-07-01,demand,2022-06-20T23:00:00Z,1.0521,1.05175,2022-06-21T06:00:00Z,1.05175,1.0514,1.05245,true,IMPULSE_OVERLAPS_IPO,bullish,2022-06-19T22:00:00Z,2022-06-21T09:00:00Z,2022-06-21T09:00:00Z,35,1.0583,false,,,,10,-3,false,2022-06-21T06:36:00Z,1.05245,TARGET,2,0.45714285714276254,1.5428571428572375,1M_RESOLVED,,false
IMPULSE_AFTER_ENTRY,EUR/USD|2022-07-01|1h|2200@2208,EUR/USD,1h,EUR/USD_2022-07-01,supply,2022-06-29T01:00:00Z,1.0525,1.0517,2022-06-29T09:00:00Z,1.0525,1.0533,1.0509000000000002,true,IMPULSE_IMMEDIATELY_AFTER_IPO,bearish,2022-06-29T11:00:00Z,2022-06-29T19:00:00Z,2022-06-29T19:00:00Z,8,1.0435,false,,,,18,-10,false,2022-06-29T09:59:00Z,1.0509000000000002,TARGET,2,0.20000000000002205,1.799999999999978,HTF_UNAMBIGUOUS,,false
IMPULSE_AFTER_ENTRY,EUR/USD|2022-07-01|4h|493@498,EUR/USD,4h,EUR/USD_2022-07-01,supply,2022-04-06T08:00:00Z,1.090825,1.0891,2022-04-07T04:00:00Z,1.090825,1.09255,1.087375,true,IMPULSE_IMMEDIATELY_AFTER_IPO,bearish,2022-04-07T13:00:00Z,2022-04-08T13:00:00Z,2022-04-08T13:00:00Z,12,1.0836,false,,,,21,-16,false,2022-04-07T09:19:00Z,1.087375,TARGET,2,0.09275362318840706,1.907246376811593,1M_RESOLVED,,false
IMPULSE_AFTER_ENTRY,EUR/USD|2022-07-01|4h|493@500,EUR/USD,4h,EUR/USD_2022-07-01,supply,2022-04-06T08:00:00Z,1.090825,1.0891,2022-04-07T09:00:00Z,1.090825,1.09255,1.087375,true,IMPULSE_IMMEDIATELY_AFTER_IPO,bearish,2022-04-07T13:00:00Z,2022-04-08T13:00:00Z,2022-04-08T13:00:00Z,12,1.0836,false,,,,21,-14,false,2022-04-07T19:18:00Z,1.087375,TARGET,2,0.09275362318840706,1.907246376811593,1M_RESOLVED,,false
IMPULSE_AFTER_ENTRY,EUR/USD|2022-07-01|4h|493@502,EUR/USD,4h,EUR/USD_2022-07-01,supply,2022-04-06T08:00:00Z,1.090825,1.0891,2022-04-07T13:00:00Z,1.090825,1.09255,1.087375,true,IMPULSE_IMMEDIATELY_AFTER_IPO,bearish,2022-04-07T13:00:00Z,2022-04-08T13:00:00Z,2022-04-08T13:00:00Z,12,1.0836,false,,,,21,-12,false,2022-04-07T19:18:00Z,1.087375,TARGET,2,0.09275362318840706,1.907246376811593,1M_RESOLVED,,false
IMPULSE_AFTER_ENTRY,EUR/USD|2022-07-01|4h|531@547,EUR/USD,4h,EUR/USD_2022-07-01,supply,2022-04-11T17:00:00Z,1.0886,1.0877,2022-04-13T16:00:00Z,1.0886,1.0895,1.0868000000000002,true,IMPULSE_OVERLAPS_IPO,bearish,2022-04-08T09:00:00Z,2022-04-14T12:00:00Z,2022-04-14T12:00:00Z,40,1.0758,false,,,,21,-5,false,2022-04-13T20:00:00Z,1.0896,S2_CLOSE_INVALIDATION,-1.1111111111111112,0.17777777777779738,-1.2888888888889085,HTF_UNAMBIGUOUS,,false
IMPULSE_AFTER_ENTRY,EUR/USD|2022-07-01|4h|597@601,EUR/USD,4h,EUR/USD_2022-07-01,supply,2022-04-25T08:00:00Z,1.073725,1.072,2022-04-26T00:00:00Z,1.073725,1.07545,1.070275,true,IMPULSE_OVERLAPS_IPO,bearish,2022-04-21T04:00:00Z,2022-04-28T12:00:00Z,2022-04-28T12:00:00Z,34,1.0472,false,,,,19,-15,false,2022-04-26T06:57:00Z,1.070275,TARGET,2,0.09275362318840706,1.907246376811593,1M_RESOLVED,,false
IMPULSE_AFTER_ENTRY,EUR/USD|2022-07-01|4h|630@647,EUR/USD,4h,EUR/USD_2022-07-01,demand,2022-05-02T16:00:00Z,1.0526,1.05085,2022-05-05T12:00:00Z,1.05085,1.0491,1.0543500000000003,true,IMPULSE_IMMEDIATELY_AFTER_IPO,bullish,2022-05-04T04:00:00Z,2022-05-05T00:00:00Z,2022-05-05T00:00:00Z,5,1.0642,false,,,,14,3,false,2022-05-05T19:35:00Z,1.0543500000000003,TARGET,2,0.0914285714285641,1.908571428571436,1M_RESOLVED,,false
IMPULSE_AFTER_ENTRY,EUR/USD|2022-07-01|4h|844@853,EUR/USD,4h,EUR/USD_2022-07-01,demand,2022-06-20T04:00:00Z,1.05425,1.0526749999999998,2022-06-21T16:00:00Z,1.0526749999999998,1.0511,1.0558249999999996,true,IMPULSE_IMMEDIATELY_AFTER_IPO,bullish,2022-06-20T16:00:00Z,2022-06-21T08:00:00Z,2022-06-21T08:00:00Z,4,1.0583,false,,,,7,2,false,2022-06-22T04:00:00Z,1.0505,S2_CLOSE_INVALIDATION,-1.3809523809523676,0.1015873015873092,-1.4825396825396768,HTF_UNAMBIGUOUS,,false
IMPULSE_AFTER_ENTRY,EUR/USD|2025-04-01|1h|400@406,EUR/USD,1h,EUR/USD_2025-04-01,demand,2024-12-10T01:00:00Z,1.05541,1.0549499999999998,2024-12-10T07:00:00Z,1.0549499999999998,1.05449,1.0558699999999996,true,IMPULSE_IMMEDIATELY_AFTER_IPO,bullish,2024-12-10T15:00:00Z,2024-12-11T02:00:00Z,2024-12-11T02:00:00Z,11,1.05397,false,,,,25,-19,false,2024-12-10T08:00:00Z,1.05383,S2_CLOSE_INVALIDATION,-2.434782608695694,0.34782608695659367,-2.7826086956522875,HTF_UNAMBIGUOUS,,false
IMPULSE_AFTER_ENTRY,EUR/USD|2025-04-01|1h|425@436,EUR/USD,1h,EUR/USD_2025-04-01,supply,2024-12-11T02:00:00Z,1.053625,1.05328,2024-12-11T13:00:00Z,1.053625,1.05397,1.052935,true,IMPULSE_ORIGIN_INSIDE_IPO,bearish,2024-12-11T02:00:00Z,2024-12-11T10:00:00Z,2024-12-11T10:00:00Z,8,1.04869,false,,,,8,3,false,2024-12-11T13:30:00Z,1.052935,TARGET,2,0.46376811594197564,1.5362318840580245,1M_RESOLVED,,false
IMPULSE_AFTER_ENTRY,EUR/USD|2025-04-01|1h|869@878,EUR/USD,1h,EUR/USD_2025-04-01,supply,2025-01-09T08:00:00Z,1.029585,1.02834,2025-01-09T17:00:00Z,1.029585,1.03083,1.027095,true,IMPULSE_IMMEDIATELY_AFTER_IPO,bearish,2025-01-10T08:00:00Z,2025-01-10T13:00:00Z,2025-01-10T13:00:00Z,5,1.02106,false,,,,29,-20,false,2025-01-10T13:30:00Z,1.027095,TARGET,2,0.12851405622490575,1.8714859437750944,1M_RESOLVED,,false
IMPULSE_AFTER_ENTRY,EUR/USD|2025-04-01|1h|993@1025,EUR/USD,1h,EUR/USD_2025-04-01,demand,2025-01-16T12:00:00Z,1.02906,1.027725,2025-01-17T20:00:00Z,1.027725,1.02639,1.0303950000000002,true,IMPULSE_IMMEDIATELY_AFTER_IPO,bullish,2025-01-19T23:00:00Z,2025-01-20T14:00:00Z,2025-01-20T14:00:00Z,15,1.04305,false,,,,49,-17,false,2025-01-20T03:58:00Z,1.0303950000000002,TARGET,2,0.11985018726590989,1.88014981273409,1M_RESOLVED,,false
IMPULSE_AFTER_ENTRY,EUR/USD|2025-04-01|1h|1203@1210,EUR/USD,1h,EUR/USD_2025-04-01,supply,2025-01-29T08:00:00Z,1.0423399999999998,1.04158,2025-01-29T15:00:00Z,1.0423399999999998,1.0431,1.0408199999999996,true,IMPULSE_OVERLAPS_IPO,bearish,2025-01-27T22:00:00Z,2025-01-29T13:00:00Z,2025-01-29T13:00:00Z,39,1.03821,false,,,,5,2,false,2025-01-29T19:00:00Z,1.0408199999999996,TARGET,2,0.2105263157894477,1.7894736842105523,1M_RESOLVED,,false
IMPULSE_AFTER_ENTRY,EUR/USD|2025-04-01|1h|1232@1239,EUR/USD,1h,EUR/USD_2025-04-01,supply,2025-01-30T13:00:00Z,1.0431,1.04012,2025-01-30T20:00:00Z,1.0431,1.04608,1.03714,true,IMPULSE_IMMEDIATELY_AFTER_IPO,bearish,2025-01-30T20:00:00Z,2025-01-31T01:00:00Z,2025-01-31T01:00:00Z,5,1.03763,false,,,,12,-5,false,2025-01-31T09:01:00Z,1.03714,TARGET,2,0.05369127516778555,1.9463087248322144,1M_RESOLVED,,false
IMPULSE_AFTER_ENTRY,EUR/USD|2025-04-01|1h|1538@1546,EUR/USD,1h,EUR/USD_2025-04-01,supply,2025-02-18T07:00:00Z,1.04641,1.04583,2025-02-18T15:00:00Z,1.04641,1.04699,1.04525,true,IMPULSE_IMMEDIATELY_AFTER_IPO,bearish,2025-02-19T06:00:00Z,2025-02-19T10:00:00Z,2025-02-19T10:00:00Z,4,1.04186,false,,,,27,-19,false,2025-02-18T17:02:00Z,1.04525,TARGET,2,0.2758620689655054,1.7241379310344946,1M_RESOLVED,,false
IMPULSE_AFTER_ENTRY,EUR/USD|2025-04-01|1h|1604@1610,EUR/USD,1h,EUR/USD_2025-04-01,demand,2025-02-21T01:00:00Z,1.04936,1.048895,2025-02-21T07:00:00Z,1.048895,1.04843,1.0498249999999998,true,IMPULSE_IMMEDIATELY_AFTER_IPO,bullish,2025-02-21T16:00:00Z,2025-02-24T02:00:00Z,2025-02-24T02:00:00Z,10,1.05287,false,,,,25,-19,false,2025-02-21T07:12:00Z,1.0498249999999998,TARGET,2,0.3440860215054225,1.6559139784945776,1M_RESOLVED,,false
IMPULSE_AFTER_ENTRY,EUR/USD|2025-04-01|1h|1781@1786,EUR/USD,1h,EUR/USD_2025-04-01,demand,2025-03-04T10:00:00Z,1.05198,1.0511,2025-03-04T15:00:00Z,1.0511,1.05022,1.05286,true,IMPULSE_IMMEDIATELY_AFTER_IPO,bullish,2025-03-05T03:00:00Z,2025-03-05T09:00:00Z,2025-03-05T09:00:00Z,6,1.07225,false,,,,23,-18,false,2025-03-04T16:01:00Z,1.05286,TARGET,2,0.18181818181818352,1.8181818181818166,HTF_UNAMBIGUOUS,,false
IMPULSE_AFTER_ENTRY,EUR/USD|2025-04-01|1h|1822@1836,EUR/USD,1h,EUR/USD_2025-04-01,demand,2025-03-06T03:00:00Z,1.0806,1.0796999999999999,2025-03-06T17:00:00Z,1.0796999999999999,1.0788,1.0814999999999997,true,IMPULSE_IMMEDIATELY_AFTER_IPO,bullish,2025-03-06T18:00:00Z,2025-03-07T09:00:00Z,2025-03-07T09:00:00Z,15,1.08717,false,,,,30,-16,false,2025-03-06T18:00:00Z,1.078383,S2_CLOSE_INVALIDATION,-1.4633333333332619,0.17777777777779738,-1.6411111111110592,HTF_UNAMBIGUOUS,,false
IMPULSE_AFTER_ENTRY,EUR/USD|2025-04-01|1h|1901@1905,EUR/USD,1h,EUR/USD_2025-04-01,demand,2025-03-11T10:00:00Z,1.09092,1.08956,2025-03-11T14:00:00Z,1.08956,1.0882,1.0922800000000001,true,IMPULSE_OVERLAPS_IPO,bullish,2025-03-11T05:00:00Z,2025-03-11T18:00:00Z,2025-03-11T18:00:00Z,13,1.09479,false,,,,8,-4,false,2025-03-11T15:05:00Z,1.0922800000000001,TARGET,2,0.11764705882352701,1.882352941176473,1M_RESOLVED,,false
IMPULSE_AFTER_ENTRY,EUR/USD|2025-04-01|1h|1960@1968,EUR/USD,1h,EUR/USD_2025-04-01,supply,2025-03-13T21:00:00Z,1.0851600000000001,1.08441,2025-03-14T05:00:00Z,1.0851600000000001,1.08591,1.0836600000000005,true,IMPULSE_OVERLAPS_IPO,bearish,2025-03-13T02:00:00Z,2025-03-14T02:00:00Z,2025-03-14T02:00:00Z,24,1.0834,false,,,,5,3,false,2025-03-14T06:29:00Z,1.0836600000000005,TARGET,2,0.21333333333338841,1.7866666666666116,1M_RESOLVED,,false
IMPULSE_AFTER_ENTRY,EUR/USD|2025-04-01|1h|2042@2054,EUR/USD,1h,EUR/USD_2025-04-01,supply,2025-03-19T08:00:00Z,1.0901450000000001,1.08918,2025-03-19T20:00:00Z,1.0901450000000001,1.09111,1.0882150000000004,true,IMPULSE_IMMEDIATELY_AFTER_IPO,bearish,2025-03-20T02:00:00Z,2025-03-20T13:00:00Z,2025-03-20T13:00:00Z,11,1.08145,false,,,,29,-17,false,2025-03-19T23:00:00Z,1.09118,S2_CLOSE_INVALIDATION,-1.0725388601036507,0.16580310880831034,-1.238341968911961,HTF_UNAMBIGUOUS,,false
IMPULSE_AFTER_ENTRY,EUR/USD|2025-04-01|1h|2173@2177,EUR/USD,1h,EUR/USD_2025-04-01,supply,2025-03-26T20:00:00Z,1.0753650000000001,1.07501,2025-03-27T00:00:00Z,1.0753650000000001,1.07572,1.0746550000000004,true,IMPULSE_OVERLAPS_IPO,bearish,2025-03-26T09:00:00Z,2025-03-26T22:00:00Z,2025-03-26T22:00:00Z,13,1.07326,false,,,,2,2,false,2025-03-27T01:00:00Z,1.076538,S2_CLOSE_INVALIDATION,-3.3042253521133933,0.450704225352261,-3.754929577465654,HTF_UNAMBIGUOUS,,false
IMPULSE_AFTER_ENTRY,EUR/USD|2025-04-01|4h|452@470,EUR/USD,4h,EUR/USD_2025-04-01,supply,2024-12-20T16:00:00Z,1.04218,1.03957,2024-12-26T16:00:00Z,1.04218,1.04479,1.03696,true,IMPULSE_IMMEDIATELY_AFTER_IPO,bearish,2024-12-27T12:00:00Z,2024-12-30T12:00:00Z,2024-12-30T12:00:00Z,7,1.03714,false,,,,30,-12,false,2024-12-30T08:00:00Z,1.044808,S2_CLOSE_INVALIDATION,-1.006896551724081,0.06130268199233714,-1.0681992337164183,HTF_UNAMBIGUOUS,,false
IMPULSE_AFTER_ENTRY,EUR/USD|2025-07-01|1h|447@455,EUR/USD,1h,EUR/USD_2025-07-01,supply,2025-03-13T21:00:00Z,1.0851600000000001,1.08441,2025-03-14T05:00:00Z,1.0851600000000001,1.08591,1.0836600000000005,true,IMPULSE_OVERLAPS_IPO,bearish,2025-03-13T02:00:00Z,2025-03-14T02:00:00Z,2025-03-14T02:00:00Z,24,1.0834,false,,,,5,3,false,2025-03-14T06:29:00Z,1.0836600000000005,TARGET,2,0.21333333333338841,1.7866666666666116,1M_RESOLVED,,false
IMPULSE_AFTER_ENTRY,EUR/USD|2025-07-01|1h|529@541,EUR/USD,1h,EUR/USD_2025-07-01,supply,2025-03-19T08:00:00Z,1.0901450000000001,1.08918,2025-03-19T20:00:00Z,1.0901450000000001,1.09111,1.0882150000000004,true,IMPULSE_IMMEDIATELY_AFTER_IPO,bearish,2025-03-20T02:00:00Z,2025-03-20T13:00:00Z,2025-03-20T13:00:00Z,11,1.08145,false,,,,29,-17,false,2025-03-19T23:00:00Z,1.09118,S2_CLOSE_INVALIDATION,-1.0725388601036507,0.16580310880831034,-1.238341968911961,HTF_UNAMBIGUOUS,,false
IMPULSE_AFTER_ENTRY,EUR/USD|2025-07-01|1h|660@664,EUR/USD,1h,EUR/USD_2025-07-01,supply,2025-03-26T20:00:00Z,1.0753650000000001,1.07501,2025-03-27T00:00:00Z,1.0753650000000001,1.07572,1.0746550000000004,true,IMPULSE_OVERLAPS_IPO,bearish,2025-03-26T09:00:00Z,2025-03-26T22:00:00Z,2025-03-26T22:00:00Z,13,1.07326,false,,,,2,2,false,2025-03-27T01:00:00Z,1.076538,S2_CLOSE_INVALIDATION,-3.3042253521133933,0.450704225352261,-3.754929577465654,HTF_UNAMBIGUOUS,,false
IMPULSE_AFTER_ENTRY,EUR/USD|2025-07-01|1h|739@745,EUR/USD,1h,EUR/USD_2025-07-01,supply,2025-04-01T03:00:00Z,1.0824799999999999,1.08211,2025-04-01T09:00:00Z,1.0824799999999999,1.08285,1.0817399999999995,true,IMPULSE_IMMEDIATELY_AFTER_IPO,bearish,2025-04-01T04:00:00Z,2025-04-01T11:00:00Z,2025-04-01T11:00:00Z,7,1.07781,false,,,,8,-2,false,2025-04-01T09:17:00Z,1.0817399999999995,TARGET,2,0.43243243243219465,1.5675675675678054,1M_RESOLVED,,false
IMPULSE_AFTER_ENTRY,EUR/USD|2025-07-01|1h|1762@1766,EUR/USD,1h,EUR/USD_2025-07-01,demand,2025-06-01T23:00:00Z,1.1361,1.13558,2025-06-02T03:00:00Z,1.13558,1.13506,1.1366200000000002,true,IMPULSE_OVERLAPS_IPO,bullish,2025-05-30T20:00:00Z,2025-06-02T09:00:00Z,2025-06-02T09:00:00Z,11,1.14373,false,,,,10,-6,false,2025-06-02T04:53:00Z,1.1366200000000002,TARGET,2,0.30769230769226275,1.6923076923077374,HTF_UNAMBIGUOUS,,false
IMPULSE_AFTER_ENTRY,EUR/USD|2025-07-01|1h|2012@2018,EUR/USD,1h,EUR/USD_2025-07-01,demand,2025-06-16T11:00:00Z,1.15841,1.15767,2025-06-16T17:00:00Z,1.15767,1.15693,1.15915,true,IMPULSE_OVERLAPS_IPO,bullish,2025-06-13T10:00:00Z,2025-06-16T14:00:00Z,2025-06-16T14:00:00Z,27,1.16153,false,,,,3,3,false,2025-06-16T19:00:00Z,1.15556,S2_CLOSE_INVALIDATION,-2.8513513513515703,0.21621621621622708,-3.067567567567797,HTF_UNAMBIGUOUS,,false
IMPULSE_AFTER_ENTRY,EUR/USD|2025-07-01|1h|2160@2171,EUR/USD,1h,EUR/USD_2025-07-01,demand,2025-06-24T15:00:00Z,1.16369,1.162195,2025-06-25T02:00:00Z,1.162195,1.1607,1.1651850000000001,true,IMPULSE_IMMEDIATELY_AFTER_IPO,bullish,2025-06-25T12:00:00Z,2025-06-25T19:00:00Z,2025-06-25T19:00:00Z,7,1.16656,false,,,,28,-17,false,2025-06-25T07:00:00Z,1.15987,S2_CLOSE_INVALIDATION,-1.555183946488358,0.10702341137123575,-1.6622073578595937,HTF_UNAMBIGUOUS,,false
IMPULSE_AFTER_ENTRY,EUR/USD|2025-07-01|1h|2152@2178,EUR/USD,1h,EUR/USD_2025-07-01,demand,2025-06-24T07:00:00Z,1.16109,1.159525,2025-06-25T09:00:00Z,1.159525,1.15796,1.1626549999999995,true,IMPULSE_IMMEDIATELY_AFTER_IPO,bullish,2025-06-25T12:00:00Z,2025-06-26T03:00:00Z,2025-06-26T03:00:00Z,15,1.17135,false,,,,44,-18,false,2025-06-25T15:02:00Z,1.1626549999999995,TARGET,2,0.10223642172525162,1.8977635782747484,HTF_UNAMBIGUOUS,,false
IMPULSE_AFTER_ENTRY,EUR/USD|2025-07-01|1h|2193@2198,EUR/USD,1h,EUR/USD_2025-07-01,demand,2025-06-26T00:00:00Z,1.1689,1.168425,2025-06-26T05:00:00Z,1.168425,1.16795,1.169375,true,IMPULSE_OVERLAPS_IPO,bullish,2025-06-25T12:00:00Z,2025-06-26T08:00:00Z,2025-06-26T08:00:00Z,20,1.17453,false,,,,8,-3,false,2025-06-26T06:53:00Z,1.169375,TARGET,2,0.33684210526315567,1.6631578947368444,HTF_UNAMBIGUOUS,,false
IMPULSE_AFTER_ENTRY,EUR/USD|2025-07-01|1h|2204@2212,EUR/USD,1h,EUR/USD_2025-07-01,demand,2025-06-26T11:00:00Z,1.17161,1.17048,2025-06-26T19:00:00Z,1.17048,1.16935,1.1727400000000001,true,IMPULSE_IMMEDIATELY_AFTER_IPO,bullish,2025-06-27T06:00:00Z,2025-06-27T13:00:00Z,2025-06-27T13:00:00Z,7,1.17541,false,,,,26,-18,false,2025-06-26T22:00:00Z,1.1683,S2_CLOSE_INVALIDATION,-1.9292035398229428,0.14159292035397286,-2.0707964601769158,HTF_UNAMBIGUOUS,,false
IMPULSE_AFTER_ENTRY,EUR/USD|2025-07-01|1h|2243@2248,EUR/USD,1h,EUR/USD_2025-07-01,demand,2025-06-30T03:00:00Z,1.17227,1.171705,2025-06-30T08:00:00Z,1.171705,1.17114,1.1728349999999998,true,IMPULSE_ORIGIN_INSIDE_IPO,bullish,2025-06-30T03:00:00Z,2025-06-30T06:00:00Z,2025-06-30T06:00:00Z,3,1.17509,false,,,,3,2,false,2025-06-30T08:57:00Z,1.1728349999999998,TARGET,2,0.2831858407080014,1.7168141592919985,HTF_UNAMBIGUOUS,,false
IMPULSE_AFTER_ENTRY,EUR/USD|2025-07-01|4h|516@528,EUR/USD,4h,EUR/USD_2025-07-01,demand,2025-04-07T17:00:00Z,1.09517,1.0928415,2025-04-09T17:00:00Z,1.0928415,1.090513,1.0974985,true,IMPULSE_IMMEDIATELY_AFTER_IPO,bullish,2025-04-09T17:00:00Z,2025-04-11T05:00:00Z,2025-04-11T05:00:00Z,9,1.14732,false,,,,21,-9,false,2025-04-09T18:43:00Z,1.0974985,TARGET,2,0.06871376422589781,1.931286235774102,HTF_UNAMBIGUOUS,,false
IMPULSE_AFTER_ENTRY,EUR/USD|2025-07-01|4h|658@662,EUR/USD,4h,EUR/USD_2025-07-01,supply,2025-05-09T05:00:00Z,1.1238899999999998,1.12181,2025-05-11T21:00:00Z,1.1238899999999998,1.12597,1.1197299999999997,true,IMPULSE_IMMEDIATELY_AFTER_IPO,bearish,2025-05-09T13:00:00Z,2025-05-12T17:00:00Z,2025-05-12T17:00:00Z,7,1.1065,false,,,,9,-5,false,2025-05-12T07:00:00Z,1.1197299999999997,TARGET,2,0.0769230769230739,1.923076923076926,1M_RESOLVED,,false
IMPULSE_AFTER_ENTRY,EUR/USD|2025-11-01|1h|497@504,EUR/USD,1h,EUR/USD_2025-11-01,supply,2025-07-24T13:00:00Z,1.17538,1.17308,2025-07-24T20:00:00Z,1.17538,1.17768,1.1707800000000002,true,IMPULSE_IMMEDIATELY_AFTER_IPO,bearish,2025-07-25T06:00:00Z,2025-07-25T13:00:00Z,2025-07-25T13:00:00Z,7,1.17032,false,,,,24,-17,false,2025-07-25T13:05:00Z,1.1707800000000002,TARGET,2,0.06956521739130529,1.9304347826086947,1M_RESOLVED,,false
IMPULSE_AFTER_ENTRY,EUR/USD|2025-11-01|1h|560@565,EUR/USD,1h,EUR/USD_2025-11-01,supply,2025-07-29T04:00:00Z,1.158165,1.15746,2025-07-29T09:00:00Z,1.158165,1.15887,1.1567549999999995,true,IMPULSE_OVERLAPS_IPO,bearish,2025-07-29T02:00:00Z,2025-07-29T07:00:00Z,2025-07-29T07:00:00Z,5,1.15274,false,,,,3,2,false,2025-07-29T11:06:00Z,1.1567549999999995,TARGET,2,0.2269503546098719,1.773049645390128,1M_RESOLVED,,false
IMPULSE_AFTER_ENTRY,EUR/USD|2025-11-01|1h|615@618,EUR/USD,1h,EUR/USD_2025-11-01,supply,2025-07-31T11:00:00Z,1.1443599999999998,1.14356,2025-07-31T14:00:00Z,1.1443599999999998,1.14516,1.1427599999999996,true,IMPULSE_OVERLAPS_IPO,bearish,2025-07-30T07:00:00Z,2025-08-01T01:00:00Z,2025-08-01T01:00:00Z,42,1.14048,false,,,,14,-11,false,2025-07-31T15:50:00Z,1.1427599999999996,TARGET,2,0.19999999999996654,1.8000000000000336,1M_RESOLVED,,false
IMPULSE_AFTER_ENTRY,EUR/USD|2025-11-01|1h|618@623,EUR/USD,1h,EUR/USD_2025-11-01,supply,2025-07-31T14:00:00Z,1.142855,1.14069,2025-07-31T19:00:00Z,1.142855,1.14502,1.138525,true,IMPULSE_OVERLAPS_IPO,bearish,2025-07-30T07:00:00Z,2025-08-01T01:00:00Z,2025-08-01T01:00:00Z,42,1.14048,false,,,,11,-6,false,2025-08-01T12:00:00Z,1.1545,S2_CLOSE_INVALIDATION,-5.378752886836155,0.07390300230946976,-5.452655889145625,HTF_UNAMBIGUOUS,,false
IMPULSE_AFTER_ENTRY,EUR/USD|2025-11-01|1h|646@682,EUR/USD,1h,EUR/USD_2025-11-01,demand,2025-08-01T18:00:00Z,1.15481,1.1534849999999999,2025-08-05T07:00:00Z,1.1534849999999999,1.15216,1.1561349999999995,true,IMPULSE_IMMEDIATELY_AFTER_IPO,bullish,2025-08-05T11:00:00Z,2025-08-05T16:00:00Z,2025-08-05T16:00:00Z,5,1.15862,false,,,,45,-9,false,2025-08-05T14:54:00Z,1.1561349999999995,TARGET,2,0.12075471698115044,1.8792452830188495,HTF_UNAMBIGUOUS,,false
IMPULSE_AFTER_ENTRY,EUR/USD|2025-11-01|1h|646@684,EUR/USD,1h,EUR/USD_2025-11-01,demand,2025-08-01T18:00:00Z,1.15481,1.1534849999999999,2025-08-05T09:00:00Z,1.1534849999999999,1.15216,1.1561349999999995,true,IMPULSE_IMMEDIATELY_AFTER_IPO,bullish,2025-08-05T11:00:00Z,2025-08-05T16:00:00Z,2025-08-05T16:00:00Z,5,1.15862,false,,,,45,-7,false,2025-08-05T14:54:00Z,1.1561349999999995,TARGET,2,0.12075471698115044,1.8792452830188495,HTF_UNAMBIGUOUS,,false
IMPULSE_AFTER_ENTRY,EUR/USD|2025-11-01|1h|737@756,EUR/USD,1h,EUR/USD_2025-11-01,demand,2025-08-07T14:00:00Z,1.16503,1.163215,2025-08-08T09:00:00Z,1.163215,1.1614,1.1668450000000004,true,IMPULSE_IMMEDIATELY_AFTER_IPO,bullish,2025-08-08T19:00:00Z,2025-08-11T03:00:00Z,2025-08-11T03:00:00Z,8,1.16763,false,,,,37,-18,false,2025-08-11T02:53:00Z,1.1668450000000004,TARGET,2,0.08815426997244587,1.9118457300275542,1M_RESOLVED,,false
IMPULSE_AFTER_ENTRY,EUR/USD|2025-11-01|1h|1643@1663,EUR/USD,1h,EUR/USD_2025-11-01,supply,2025-09-30T08:00:00Z,1.1752150000000001,1.17432,2025-10-01T04:00:00Z,1.1752150000000001,1.17611,1.1734250000000004,true,IMPULSE_IMMEDIATELY_AFTER_IPO,bearish,2025-10-01T07:00:00Z,2025-10-01T10:00:00Z,2025-10-01T10:00:00Z,3,1.17159,false,,,,26,-6,false,2025-10-01T06:00:00Z,1.17677,S2_CLOSE_INVALIDATION,-1.7374301675979913,0.17877094972069674,-1.9162011173186881,HTF_UNAMBIGUOUS,,false
IMPULSE_AFTER_ENTRY,EUR/USD|2025-11-01|1h|1665@1671,EUR/USD,1h,EUR/USD_2025-11-01,supply,2025-10-01T06:00:00Z,1.176265,1.17507,2025-10-01T12:00:00Z,1.176265,1.17746,1.1738749999999998,true,IMPULSE_IMMEDIATELY_AFTER_IPO,bearish,2025-10-01T07:00:00Z,2025-10-01T10:00:00Z,2025-10-01T10:00:00Z,3,1.17159,false,,,,4,2,false,2025-10-01T14:21:00Z,1.1738749999999998,TARGET,2,0.13389121338911494,1.866108786610885,HTF_UNAMBIGUOUS,,false
IMPULSE_AFTER_ENTRY,EUR/USD|2025-11-01|1h|1674@1695,EUR/USD,1h,EUR/USD_2025-11-01,demand,2025-10-01T15:00:00Z,1.17493,1.1735250000000002,2025-10-02T12:00:00Z,1.1735250000000002,1.17212,1.1763350000000004,true,IMPULSE_IMMEDIATELY_AFTER_IPO,bullish,2025-10-03T05:00:00Z,2025-10-03T08:00:00Z,2025-10-03T08:00:00Z,3,1.17446,false,,,,41,-20,false,2025-10-02T14:00:00Z,1.17135,S2_CLOSE_INVALIDATION,-1.5480427046264087,0.11387900355871071,-1.6619217081851194,HTF_UNAMBIGUOUS,,false
IMPULSE_AFTER_ENTRY,EUR/USD|2025-11-01|1h|1746@1756,EUR/USD,1h,EUR/USD_2025-11-01,supply,2025-10-06T14:00:00Z,1.1706400000000001,1.16951,2025-10-07T00:00:00Z,1.1706400000000001,1.17177,1.1683800000000004,true,IMPULSE_IMMEDIATELY_AFTER_IPO,bearish,2025-10-07T16:00:00Z,2025-10-07T19:00:00Z,2025-10-07T19:00:00Z,3,1.16477,false,,,,29,-19,false,2025-10-07T06:08:00Z,1.1683800000000004,TARGET,2,0.1415929203540007,1.8584070796459993,1M_RESOLVED,,false
IMPULSE_AFTER_ENTRY,EUR/USD|2025-11-01|1h|1790@1799,EUR/USD,1h,EUR/USD_2025-11-01,supply,2025-10-08T10:00:00Z,1.162265,1.16092,2025-10-08T19:00:00Z,1.162265,1.16361,1.1595750000000002,true,IMPULSE_OVERLAPS_IPO,bearish,2025-10-07T16:00:00Z,2025-10-08T16:00:00Z,2025-10-08T16:00:00Z,24,1.15985,false,,,,6,3,false,2025-10-08T22:00:00Z,1.16374,S2_CLOSE_INVALIDATION,-1.0966542750929147,0.11895910780669769,-1.2156133828996123,HTF_UNAMBIGUOUS,,false
IMPULSE_AFTER_ENTRY,EUR/USD|2025-11-01|1h|1983@1993,EUR/USD,1h,EUR/USD_2025-11-01,supply,2025-10-20T11:00:00Z,1.165045,1.16444,2025-10-20T21:00:00Z,1.165045,1.16565,1.1638350000000002,true,IMPULSE_IMMEDIATELY_AFTER_IPO,bearish,2025-10-21T00:00:00Z,2025-10-21T14:00:00Z,2025-10-21T14:00:00Z,14,1.15977,false,,,,27,-17,false,2025-10-21T02:38:00Z,1.1638350000000002,TARGET,2,0.26446280991737,1.73553719008263,1M_RESOLVED,,false
IMPULSE_AFTER_ENTRY,EUR/USD|2025-11-01|4h|483@486,EUR/USD,4h,EUR/USD_2025-11-01,demand,2025-08-06T21:00:00Z,1.16664,1.16587,2025-08-07T09:00:00Z,1.16587,1.1651,1.1674099999999998,true,IMPULSE_IMMEDIATELY_AFTER_IPO,bullish,2025-08-11T13:00:00Z,2025-08-12T13:00:00Z,2025-08-12T13:00:00Z,6,1.16975,false,,,,23,-20,false,2025-08-07T13:00:00Z,1.16383,S2_CLOSE_INVALIDATION,-2.649350649350919,0.2077922077922247,-2.8571428571431436,HTF_UNAMBIGUOUS,,false
IMPULSE_AFTER_ENTRY,EUR/USD|2025-11-01|4h|518@539,EUR/USD,4h,EUR/USD_2025-11-01,demand,2025-08-14T13:00:00Z,1.1672,1.16512,2025-08-19T21:00:00Z,1.16512,1.16304,1.1692799999999997,true,IMPULSE_IMMEDIATELY_AFTER_IPO,bullish,2025-08-22T01:00:00Z,2025-08-22T17:00:00Z,2025-08-22T17:00:00Z,4,1.17432,false,,,,38,-17,false,2025-08-21T13:00:00Z,1.16118,S2_CLOSE_INVALIDATION,-1.8942307692308165,0.07692307692308212,-1.9711538461538987,HTF_UNAMBIGUOUS,,false
IMPULSE_AFTER_ENTRY,EUR/USD|2025-11-01|4h|551@554,EUR/USD,4h,EUR/USD_2025-11-01,supply,2025-08-21T21:00:00Z,1.160965,1.16022,2025-08-22T09:00:00Z,1.160965,1.16171,1.159475,true,IMPULSE_IMMEDIATELY_AFTER_IPO,bearish,2025-08-26T13:00:00Z,2025-08-27T09:00:00Z,2025-08-27T09:00:00Z,5,1.15744,false,,,,22,-19,false,2025-08-22T13:00:00Z,1.1721,S2_CLOSE_INVALIDATION,-14.94630872483216,0.2147651006711422,-15.161073825503303,HTF_UNAMBIGUOUS,,false
IMPULSE_AFTER_ENTRY,EUR/USD|2025-11-01|4h|745@748,EUR/USD,4h,EUR/USD_2025-11-01,supply,2025-10-06T00:00:00Z,1.17204,1.17101,2025-10-06T12:00:00Z,1.17204,1.17307,1.1699799999999998,true,IMPULSE_IMMEDIATELY_AFTER_IPO,bearish,2025-10-09T04:00:00Z,2025-10-09T16:00:00Z,2025-10-09T16:00:00Z,3,1.15421,false,,,,22,-19,false,2025-10-07T01:39:00Z,1.1699799999999998,TARGET,2,0.1553398058252297,1.8446601941747702,HTF_UNAMBIGUOUS,,false
IMPULSE_AFTER_ENTRY,EUR/USD|2025-11-01|4h|745@750,EUR/USD,4h,EUR/USD_2025-11-01,supply,2025-10-06T00:00:00Z,1.17204,1.17101,2025-10-06T20:00:00Z,1.17204,1.17307,1.1699799999999998,true,IMPULSE_IMMEDIATELY_AFTER_IPO,bearish,2025-10-09T04:00:00Z,2025-10-09T16:00:00Z,2025-10-09T16:00:00Z,3,1.15421,false,,,,22,-17,false,2025-10-07T01:39:00Z,1.1699799999999998,TARGET,2,0.1553398058252297,1.8446601941747702,HTF_UNAMBIGUOUS,,false
IMPULSE_AFTER_ENTRY,BTC/USD|2022-07-01|1h|898@901,BTC/USD,1h,BTC/USD_2022-07-01,supply,2022-05-06T09:00:00Z,36287.96484,36169.39062,2022-05-06T12:00:00Z,36287.96484,36406.53906,36050.816399999996,true,IMPULSE_OVERLAPS_IPO,bearish,2022-05-06T06:00:00Z,2022-05-06T13:00:00Z,2022-05-06T13:00:00Z,7,35321.44922,false,,,,4,-1,false,2022-05-06T12:46:00Z,36050.816399999996,TARGET,2,0.9181076166471763,1.0818923833528236,HTF_UNAMBIGUOUS,,false
IMPULSE_AFTER_ENTRY,BTC/USD|2022-07-01|1h|1027@1033,BTC/USD,1h,BTC/USD_2022-07-01,supply,2022-05-11T18:00:00Z,29987.19922,29767.86914,2022-05-12T00:00:00Z,29987.19922,30206.5293,29548.53906,true,IMPULSE_OVERLAPS_IPO,bearish,2022-05-11T14:00:00Z,2022-05-11T21:00:00Z,2022-05-11T21:00:00Z,7,27835.18945,false,,,,3,3,false,2022-05-12T01:23:00Z,29548.53906,TARGET,2,0.4101653437595067,1.5898346562404932,1M_RESOLVED,,false
IMPULSE_AFTER_ENTRY,BTC/USD|2022-07-01|1h|1033@1058,BTC/USD,1h,BTC/USD_2022-07-01,supply,2022-05-12T00:00:00Z,29565.785154999998,28981.64062,2022-05-13T01:00:00Z,29565.785154999998,30149.92969,28397.49608499999,true,IMPULSE_IMMEDIATELY_AFTER_IPO,bearish,2022-05-13T14:00:00Z,2022-05-13T18:00:00Z,2022-05-13T18:00:00Z,4,29414.43945,false,,,,42,-17,false,2022-05-13T03:00:00Z,30567.90039,S2_CLOSE_INVALIDATION,-1.7155261668244415,0.15184145387065812,-1.8673676206950995,HTF_UNAMBIGUOUS,,false
IMPULSE_AFTER_ENTRY,BTC/USD|2022-07-01|1h|1082@1097,BTC/USD,1h,BTC/USD_2022-07-01,supply,2022-05-14T01:00:00Z,29588.845705,29375.81055,2022-05-14T16:00:00Z,29588.845705,29801.88086,29162.775394999997,true,IMPULSE_OVERLAPS_IPO,bearish,2022-05-13T14:00:00Z,2022-05-14T14:00:00Z,2022-05-14T14:00:00Z,24,28669.31055,false,,,,13,2,false,2022-05-14T22:00:00Z,30248.68945,S2_CLOSE_INVALIDATION,-3.097346750117358,0.416675534678769,-3.514022284796127,HTF_UNAMBIGUOUS,,false
IMPULSE_AFTER_ENTRY,BTC/USD|2022-07-01|1h|1317@1323,BTC/USD,1h,BTC/USD_2022-07-01,supply,2022-05-23T20:00:00Z,29253.264649999997,29058.58008,2022-05-24T02:00:00Z,29253.264649999997,29447.94922,28863.895509999995,true,IMPULSE_OVERLAPS_IPO,bearish,2022-05-23T11:00:00Z,2022-05-24T14:00:00Z,2022-05-24T14:00:00Z,27,28721.46094,false,,,,18,-12,false,2022-05-24T14:07:00Z,28863.895509999995,TARGET,2,0.45077940152113455,1.5492205984788654,1M_RESOLVED,,false
IMPULSE_AFTER_ENTRY,BTC/USD|2022-07-01|1h|1408@1412,BTC/USD,1h,BTC/USD_2022-07-01,supply,2022-05-27T15:00:00Z,28790.09961,28652.85938,2022-05-27T19:00:00Z,28790.09961,28927.33984,28515.619150000002,true,IMPULSE_OVERLAPS_IPO,bearish,2022-05-27T13:00:00Z,2022-05-27T18:00:00Z,2022-05-27T18:00:00Z,5,28290.0097656,false,,,,3,1,false,2022-05-28T12:00:00Z,28979.85938,S2_CLOSE_INVALIDATION,-1.3826832700586509,0.6293365934318266,-2.0120198634904773,HTF_UNAMBIGUOUS,,false
IMPULSE_AFTER_ENTRY,BTC/USD|2022-07-01|1h|1408@1414,BTC/USD,1h,BTC/USD_2022-07-01,supply,2022-05-27T15:00:00Z,28790.09961,28652.85938,2022-05-27T21:00:00Z,28790.09961,28927.33984,28515.619150000002,true,IMPULSE_OVERLAPS_IPO,bearish,2022-05-27T13:00:00Z,2022-05-27T18:00:00Z,2022-05-27T18:00:00Z,5,28290.0097656,false,,,,3,3,false,2022-05-28T12:00:00Z,28979.85938,S2_CLOSE_INVALIDATION,-1.3826832700586509,0.6293365934318266,-2.0120198634904773,HTF_UNAMBIGUOUS,,false
IMPULSE_AFTER_ENTRY,BTC/USD|2022-07-01|1h|1575@1664,BTC/USD,1h,BTC/USD_2022-07-01,demand,2022-06-03T14:00:00Z,29743.41016,29542.294925000002,2022-06-07T07:00:00Z,29542.294925000002,29341.17969,29944.525395000004,true,IMPULSE_IMMEDIATELY_AFTER_IPO,bullish,2022-06-07T11:00:00Z,2022-06-07T20:00:00Z,2022-06-07T20:00:00Z,9,31557.76953,false,,,,102,-13,false,2022-06-07T14:47:00Z,29944.525395000004,TARGET,2,0.44067713107363304,1.559322868926367,1M_RESOLVED,,false
IMPULSE_AFTER_ENTRY,BTC/USD|2022-07-01|1h|1855@1860,BTC/USD,1h,BTC/USD_2022-07-01,supply,2022-06-15T06:00:00Z,21188.054685,20988.24023,2022-06-15T11:00:00Z,21188.054685,21387.86914,20788.425775,true,IMPULSE_OVERLAPS_IPO,bearish,2022-06-14T16:00:00Z,2022-06-15T09:00:00Z,2022-06-15T09:00:00Z,17,20134,false,,,,3,2,false,2022-06-15T13:00:00Z,21546,S2_CLOSE_INVALIDATION,-1.7913884908877156,0.3181159443895092,-2.1095044352772248,HTF_UNAMBIGUOUS,,false
IMPULSE_AFTER_ENTRY,BTC/USD|2022-07-01|1h|1931@1943,BTC/USD,1h,BTC/USD_2022-07-01,supply,2022-06-18T10:00:00Z,19338.594726,19160.11914,2022-06-18T22:00:00Z,19338.594726,19517.070312,18981.643554,true,IMPULSE_OVERLAPS_IPO,bearish,2022-06-18T00:00:00Z,2022-06-18T20:00:00Z,2022-06-18T20:00:00Z,20,17635.83008,false,,,,10,2,false,2022-06-18T23:16:00Z,18981.643554,TARGET,2,0.32506285861417394,1.674937141385826,1M_RESOLVED,,false
IMPULSE_AFTER_ENTRY,BTC/USD|2022-07-01|1h|1970@1988,BTC/USD,1h,BTC/USD_2022-07-01,demand,2022-06-20T01:00:00Z,20146.46094,19906.310550000002,2022-06-20T19:00:00Z,19906.310550000002,19666.16016,20386.611330000007,true,IMPULSE_IMMEDIATELY_AFTER_IPO,bullish,2022-06-21T03:00:00Z,2022-06-21T14:00:00Z,2022-06-21T14:00:00Z,11,21691.56055,false,,,,37,-19,false,2022-06-20T20:53:00Z,20386.611330000007,TARGET,2,0.24867305712057924,1.7513269428794207,1M_RESOLVED,,false
IMPULSE_AFTER_ENTRY,BTC/USD|2022-07-01|4h|757@768,BTC/USD,4h,BTC/USD_2022-07-01,supply,2022-06-14T04:00:00Z,22494.160157799997,21800.0097656,2022-06-16T00:00:00Z,22494.160157799997,23188.31055,21105.859373399995,true,IMPULSE_IMMEDIATELY_AFTER_IPO,bearish,2022-06-17T08:00:00Z,2022-06-18T20:00:00Z,2022-06-18T20:00:00Z,9,17635.83008,false,,,,28,-17,false,2022-06-16T10:27:00Z,21105.859373399995,TARGET,2,0.09721593653433634,1.9027840634656636,HTF_UNAMBIGUOUS,,false
IMPULSE_AFTER_ENTRY,BTC/USD|2025-04-01|1h|482@494,BTC/USD,1h,BTC/USD_2025-04-01,demand,2025-01-18T05:00:00Z,103771.21,103294.60500000001,2025-01-18T17:00:00Z,103294.60500000001,102818,104247.81500000003,true,IMPULSE_IMMEDIATELY_AFTER_IPO,bullish,2025-01-18T08:00:00Z,2025-01-19T06:00:00Z,2025-01-19T06:00:00Z,22,105634.78,false,,,,25,-13,false,2025-01-18T18:32:00Z,104247.81500000003,TARGET,2,0.6501900210866298,1.3498099789133702,1M_RESOLVED,,false
IMPULSE_AFTER_ENTRY,BTC/USD|2025-04-01|1h|1397@1402,BTC/USD,1h,BTC/USD_2025-04-01,supply,2025-02-25T08:00:00Z,89506.015,89012.03,2025-02-25T13:00:00Z,89506.015,90000,88518.045,true,IMPULSE_OVERLAPS_IPO,bearish,2025-02-25T03:00:00Z,2025-02-25T10:00:00Z,2025-02-25T10:00:00Z,7,86888.1,false,,,,2,3,false,2025-02-25T14:38:00Z,88518.045,TARGET,2,0.543575300869459,1.456424699130541,1M_RESOLVED,,false
IMPULSE_AFTER_ENTRY,BTC/USD|2025-04-01|1h|1632@1645,BTC/USD,1h,BTC/USD_2025-04-01,demand,2025-03-07T03:00:00Z,87694,87236.285,2025-03-07T16:00:00Z,87236.285,86778.57,88151.715,true,IMPULSE_OVERLAPS_IPO,bullish,2025-03-07T00:00:00Z,2025-03-07T14:00:00Z,2025-03-07T14:00:00Z,14,91100,false,,,,11,2,false,2025-03-07T17:45:00Z,88151.715,TARGET,2,0.571772511278857,1.428227488721143,1M_RESOLVED,,false
IMPULSE_AFTER_ENTRY,BTC/USD|2025-04-01|1h|1629@1646,BTC/USD,1h,BTC/USD_2025-04-01,demand,2025-03-07T00:00:00Z,91283.02,87975.025,2025-03-07T17:00:00Z,87975.025,84667.03,94591.01499999998,true,IMPULSE_ORIGIN_INSIDE_IPO,bullish,2025-03-07T00:00:00Z,2025-03-07T14:00:00Z,2025-03-07T14:00:00Z,14,91100,false,,,,14,3,false,2025-03-09T12:00:00Z,84599.99,S2_CLOSE_INVALIDATION,-1.0202660523972962,0.07978400058041211,-1.1000500529777082,HTF_UNAMBIGUOUS,,false
IMPULSE_AFTER_ENTRY,BTC/USD|2025-04-01|1h|1759@1762,BTC/USD,1h,BTC/USD_2025-04-01,demand,2025-03-12T10:00:00Z,82771.05,82438.57,2025-03-12T13:00:00Z,82438.57,82106.09,83103.53000000003,true,IMPULSE_OVERLAPS_IPO,bullish,2025-03-12T06:00:00Z,2025-03-12T12:00:00Z,2025-03-12T12:00:00Z,6,84539.85,false,,,,2,1,false,2025-03-12T14:00:00Z,81535.72,S2_CLOSE_INVALIDATION,-2.71550168431177,0.7438513895572433,-3.4593530738690133,HTF_UNAMBIGUOUS,,false
IMPULSE_AFTER_ENTRY,BTC/USD|2025-04-01|1h|1755@1763,BTC/USD,1h,BTC/USD_2025-04-01,demand,2025-03-12T06:00:00Z,81987.44,81641.72,2025-03-12T14:00:00Z,81641.72,81296,82333.16,true,IMPULSE_ORIGIN_INSIDE_IPO,bullish,2025-03-12T06:00:00Z,2025-03-12T12:00:00Z,2025-03-12T12:00:00Z,6,84539.85,false,,,,6,2,false,2025-03-12T17:09:00Z,82333.16,TARGET,2,0.7084494967025314,1.2915505032974686,1M_RESOLVED,,false
IMPULSE_AFTER_ENTRY,BTC/USD|2025-04-01|4h|664@668,BTC/USD,4h,BTC/USD_2025-04-01,supply,2025-02-27T20:00:00Z,83822.16500000001,82716.49,2025-02-28T12:00:00Z,83822.16500000001,84927.84,81610.81500000003,true,IMPULSE_OVERLAPS_IPO,bearish,2025-02-24T00:00:00Z,2025-02-28T08:00:00Z,2025-02-28T08:00:00Z,26,78258.52,false,,,,3,1,false,2025-03-01T00:00:00Z,85330.84,S2_CLOSE_INVALIDATION,-1.364483234223442,0.22743255929635986,-1.591915793519802,HTF_UNAMBIGUOUS,,false
IMPULSE_AFTER_ENTRY,BTC/USD|2025-04-01|4h|664@670,BTC/USD,4h,BTC/USD_2025-04-01,supply,2025-02-27T20:00:00Z,83822.16500000001,82716.49,2025-02-28T20:00:00Z,83822.16500000001,84927.84,81610.81500000003,true,IMPULSE_OVERLAPS_IPO,bearish,2025-02-24T00:00:00Z,2025-02-28T08:00:00Z,2025-02-28T08:00:00Z,26,78258.52,false,,,,3,3,false,2025-03-01T00:00:00Z,85330.84,S2_CLOSE_INVALIDATION,-1.364483234223442,0.22743255929635986,-1.591915793519802,HTF_UNAMBIGUOUS,,false
IMPULSE_AFTER_ENTRY,BTC/USD|2025-07-01|1h|960@973,BTC/USD,1h,BTC/USD_2025-07-01,demand,2025-05-09T03:00:00Z,102800.69,102582.345,2025-05-09T16:00:00Z,102582.345,102364,103019.035,true,IMPULSE_IMMEDIATELY_AFTER_IPO,bullish,2025-05-09T22:00:00Z,2025-05-10T07:00:00Z,2025-05-10T07:00:00Z,9,104100,false,,,,28,-15,false,2025-05-09T17:20:00Z,103019.035,TARGET,2,1.4094530902928775,0.5905469097071225,1M_RESOLVED,,false
IMPULSE_AFTER_ENTRY,BTC/USD|2025-07-01|1h|1045@1049,BTC/USD,1h,BTC/USD_2025-07-01,supply,2025-05-12T16:00:00Z,102748.45999999999,102421.83,2025-05-12T20:00:00Z,102748.45999999999,103075.09,102095.19999999998,true,IMPULSE_OVERLAPS_IPO,bearish,2025-05-12T07:00:00Z,2025-05-12T18:00:00Z,2025-05-12T18:00:00Z,11,100718.37,false,,,,2,2,false,2025-05-13T01:41:00Z,102095.19999999998,TARGET,2,0.943714233230247,1.056285766769753,1M_RESOLVED,,false
IMPULSE_AFTER_ENTRY,BTC/USD|2025-07-01|1h|1242@1252,BTC/USD,1h,BTC/USD_2025-07-01,demand,2025-05-20T21:00:00Z,107225.68,106678.885,2025-05-21T07:00:00Z,106678.885,106132.09,107772.47499999999,true,IMPULSE_IMMEDIATELY_AFTER_IPO,bullish,2025-05-21T17:00:00Z,2025-05-22T03:00:00Z,2025-05-22T03:00:00Z,10,111880,false,,,,30,-20,false,2025-05-21T14:42:00Z,107772.47499999999,TARGET,2,0.5852955037994148,1.4147044962005852,1M_RESOLVED,,false
IMPULSE_AFTER_ENTRY,BTC/USD|2025-07-01|1h|2009@2014,BTC/USD,1h,BTC/USD_2025-07-01,supply,2025-06-21T20:00:00Z,102547.44,102206,2025-06-22T01:00:00Z,102547.44,102888.88,101864.56,true,IMPULSE_IMMEDIATELY_AFTER_IPO,bearish,2025-06-22T12:00:00Z,2025-06-22T16:00:00Z,2025-06-22T16:00:00Z,4,98673.66,false,,,,20,-15,false,2025-06-22T13:21:00Z,101864.56,TARGET,2,0.9010142924086163,1.0989857075913836,1M_RESOLVED,,false
IMPULSE_AFTER_ENTRY,BTC/USD|2025-07-01|1h|2063@2068,BTC/USD,1h,BTC/USD_2025-07-01,demand,2025-06-24T02:00:00Z,105450.75,105090.22,2025-06-24T07:00:00Z,105090.22,104729.69,105811.28,true,IMPULSE_IMMEDIATELY_AFTER_IPO,bullish,2025-06-24T13:00:00Z,2025-06-25T02:00:00Z,2025-06-25T02:00:00Z,13,106791.18,false,,,,24,-19,false,2025-06-24T16:43:00Z,105811.28,TARGET,2,0.8744644273708181,1.125535572629182,HTF_UNAMBIGUOUS,,false
IMPULSE_AFTER_ENTRY,BTC/USD|2025-11-01|1h|434@441,BTC/USD,1h,BTC/USD_2025-11-01,supply,2025-08-18T05:00:00Z,115344,115000,2025-08-18T12:00:00Z,115344,115688,114656,true,IMPULSE_OVERLAPS_IPO,bearish,2025-08-17T22:00:00Z,2025-08-18T09:00:00Z,2025-08-18T09:00:00Z,11,114640.14,false,,,,4,3,false,2025-08-18T15:00:00Z,116145.34,S2_CLOSE_INVALIDATION,-2.3294767441860365,1.005906976744186,-3.3353837209302224,HTF_UNAMBIGUOUS,,false
IMPULSE_AFTER_ENTRY,BTC/USD|2025-11-01|1h|596@599,BTC/USD,1h,BTC/USD_2025-11-01,supply,2025-08-24T23:00:00Z,113529.73000000001,113366.49,2025-08-25T02:00:00Z,113529.73000000001,113692.97,113203.25000000003,true,IMPULSE_IMMEDIATELY_AFTER_IPO,bearish,2025-08-25T03:00:00Z,2025-08-25T13:00:00Z,2025-08-25T13:00:00Z,10,110588,false,,,,14,-11,false,2025-08-25T03:54:00Z,113203.25000000003,TARGET,2,2.0864321857389085,-0.08643218573890854,1M_RESOLVED,,false
IMPULSE_AFTER_ENTRY,BTC/USD|2025-11-01|1h|1805@1811,BTC/USD,1h,BTC/USD_2025-11-01,supply,2025-10-14T08:00:00Z,111826.815,111513.63,2025-10-14T14:00:00Z,111826.815,112140,111200.445,true,IMPULSE_OVERLAPS_IPO,bearish,2025-10-13T19:00:00Z,2025-10-14T13:00:00Z,2025-10-14T13:00:00Z,18,109866,false,,,,5,1,false,2025-10-14T15:12:00Z,111200.445,TARGET,2,1.0711893768858742,0.9288106231141258,1M_RESOLVED,,false
IMPULSE_AFTER_ENTRY,BTC/USD|2025-11-01|1h|2111@2119,BTC/USD,1h,BTC/USD_2025-11-01,demand,2025-10-27T02:00:00Z,115445.39,115130.495,2025-10-27T10:00:00Z,115130.495,114815.6,115760.28499999997,true,IMPULSE_OVERLAPS_IPO,bullish,2025-10-26T21:00:00Z,2025-10-27T07:00:00Z,2025-10-27T07:00:00Z,10,116400,false,,,,5,3,false,2025-10-27T14:00:00Z,114810.05,S2_CLOSE_INVALIDATION,-1.0176249225932552,1.0968465202686974,-2.1144714428619524,HTF_UNAMBIGUOUS,,false
IMPULSE_AFTER_ENTRY,BTC/USD|2025-11-01|1h|2183@2187,BTC/USD,1h,BTC/USD_2025-11-01,supply,2025-10-30T02:00:00Z,110671.515,110331.04,2025-10-30T06:00:00Z,110671.515,111011.99,109990.56499999999,true,IMPULSE_IMMEDIATELY_AFTER_IPO,bearish,2025-10-30T07:00:00Z,2025-10-30T19:00:00Z,2025-10-30T19:00:00Z,12,106304.34,false,,,,17,-13,false,2025-10-30T07:00:00Z,111366.72,S2_CLOSE_INVALIDATION,-2.0418679785593357,0.9751510243042641,-3.0170190028636,HTF_UNAMBIGUOUS,,false
IMPULSE_AFTER_ENTRY,BTC/USD|2025-11-01|1h|2178@2188,BTC/USD,1h,BTC/USD_2025-11-01,supply,2025-10-29T21:00:00Z,111584.01000000001,111368.02,2025-10-30T07:00:00Z,111584.01000000001,111800,111152.03000000003,true,IMPULSE_IMMEDIATELY_AFTER_IPO,bearish,2025-10-30T07:00:00Z,2025-10-30T19:00:00Z,2025-10-30T19:00:00Z,12,106304.34,false,,,,22,-12,false,2025-10-30T08:09:00Z,111152.03000000003,TARGET,2,1.549849668966223,0.4501503310337771,HTF_UNAMBIGUOUS,,false
IMPULSE_AFTER_ENTRY,BTC/USD|2025-11-01|4h|448@453,BTC/USD,4h,BTC/USD_2025-11-01,supply,2025-08-24T20:00:00Z,112662.91,111632.85,2025-08-25T16:00:00Z,112662.91,113692.97,110602.79000000001,true,IMPULSE_OVERLAPS_IPO,bearish,2025-08-24T00:00:00Z,2025-08-26T00:00:00Z,2025-08-26T00:00:00Z,12,108666.66,false,,,,7,-2,false,2025-08-25T20:00:00Z,110602.79000000001,TARGET,2,0.3281252839640417,1.6718747160359584,1M_RESOLVED,,false
IMPULSE_AFTER_ENTRY,BTC/USD|2025-11-01|4h|733@737,BTC/USD,4h,BTC/USD_2025-11-01,supply,2025-10-11T08:00:00Z,111260.95,110162.23,2025-10-12T00:00:00Z,111260.95,112359.67,109063.51,true,IMPULSE_IMMEDIATELY_AFTER_IPO,bearish,2025-10-13T16:00:00Z,2025-10-14T12:00:00Z,2025-10-14T12:00:00Z,5,109866,false,,,,19,-15,false,2025-10-12T12:00:00Z,113198.2,S2_CLOSE_INVALIDATION,-1.7631880733944936,0.30379245849716,-2.0669805318916534,HTF_UNAMBIGUOUS,,false
IMPULSE_AFTER_ENTRY,BTC/USD|2025-11-01|4h|792@796,BTC/USD,4h,BTC/USD_2025-11-01,demand,2025-10-21T04:00:00Z,109059.23,108266.475,2025-10-21T20:00:00Z,108266.475,107473.72,109851.98500000002,true,IMPULSE_IMMEDIATELY_AFTER_IPO,bullish,2025-10-22T20:00:00Z,2025-10-24T12:00:00Z,2025-10-24T12:00:00Z,10,112104.98,false,,,,20,-16,false,2025-10-23T06:16:00Z,109851.98500000002,TARGET,2,0.40970971485515467,1.5902902851448453,1M_RESOLVED,,false
IMPULSE_AFTER_ENTRY,BTC/USD|2025-11-01|4h|792@798,BTC/USD,4h,BTC/USD_2025-11-01,demand,2025-10-21T04:00:00Z,109059.23,108266.475,2025-10-22T04:00:00Z,108266.475,107473.72,109851.98500000002,true,IMPULSE_IMMEDIATELY_AFTER_IPO,bullish,2025-10-22T20:00:00Z,2025-10-24T12:00:00Z,2025-10-24T12:00:00Z,10,112104.98,false,,,,20,-14,false,2025-10-23T06:16:00Z,109851.98500000002,TARGET,2,0.40970971485515467,1.5902902851448453,1M_RESOLVED,,false
IMPULSE_AFTER_ENTRY,USD/JPY|2022-11-01|1h|424@437,USD/JPY,1h,USD/JPY_2022-11-01,supply,2022-09-08T12:00:00Z,143.78499499999998,143.405,2022-09-09T01:00:00Z,143.78499499999998,144.16499,143.02500499999996,true,IMPULSE_IMMEDIATELY_AFTER_IPO,bearish,2022-09-08T21:00:00Z,2022-09-09T10:00:00Z,2022-09-09T10:00:00Z,13,141.505,false,,,,22,-9,false,2022-09-09T04:06:00Z,143.02500499999996,TARGET,2,0.04210581718180413,1.957894182818196,1M_RESOLVED,,false
IMPULSE_AFTER_ENTRY,USD/JPY|2022-11-01|1h|453@458,USD/JPY,1h,USD/JPY_2022-11-01,supply,2022-09-09T17:00:00Z,142.615005,142.535,2022-09-11T22:00:00Z,142.615005,142.69501,142.454995,true,IMPULSE_IMMEDIATELY_AFTER_IPO,bearish,2022-09-12T13:00:00Z,2022-09-12T16:00:00Z,2022-09-12T16:00:00Z,3,142.16499,false,,,,23,-18,false,2022-09-12T00:00:00Z,142.80499,S2_CLOSE_INVALIDATION,-2.3746640834948747,0.19998750078120148,-2.574651584276076,HTF_UNAMBIGUOUS,,false
IMPULSE_AFTER_ENTRY,USD/JPY|2022-11-01|1h|502@507,USD/JPY,1h,USD/JPY_2022-11-01,demand,2022-09-13T18:00:00Z,144.495,144.39499999999998,2022-09-13T23:00:00Z,144.39499999999998,144.295,144.59499999999997,true,IMPULSE_OVERLAPS_IPO,bullish,2022-09-13T12:00:00Z,2022-09-13T22:00:00Z,2022-09-13T22:00:00Z,10,144.955,false,,,,4,1,false,2022-09-14T00:17:00Z,144.59499999999997,TARGET,2,0.1600000000000091,1.839999999999991,1M_RESOLVED,,false
IMPULSE_AFTER_ENTRY,USD/JPY|2022-11-01|1h|497@508,USD/JPY,1h,USD/JPY_2022-11-01,demand,2022-09-13T13:00:00Z,144.685,144.24,2022-09-14T00:00:00Z,144.24,143.795,145.13000000000005,true,IMPULSE_OVERLAPS_IPO,bullish,2022-09-13T12:00:00Z,2022-09-13T22:00:00Z,2022-09-13T22:00:00Z,10,144.955,false,,,,9,2,false,2022-09-14T06:00:00Z,143.61501,S2_CLOSE_INVALIDATION,-1.4044719101122842,0.035955056179773535,-1.4404269662920577,HTF_UNAMBIGUOUS,,false
IMPULSE_AFTER_ENTRY,USD/JPY|2022-11-01|1h|547@558,USD/JPY,1h,USD/JPY_2022-11-01,supply,2022-09-15T15:00:00Z,143.475,143.355,2022-09-16T02:00:00Z,143.475,143.595,143.23499999999999,true,IMPULSE_IMMEDIATELY_AFTER_IPO,bearish,2022-09-15T16:00:00Z,2022-09-16T00:00:00Z,2022-09-16T00:00:00Z,8,142.855,false,,,,9,2,false,2022-09-16T04:47:00Z,143.23499999999999,TARGET,2,0.13333333333332828,1.8666666666666718,1M_RESOLVED,,false
IMPULSE_AFTER_ENTRY,USD/JPY|2022-11-01|1h|705@713,USD/JPY,1h,USD/JPY_2022-11-01,demand,2022-09-26T05:00:00Z,144.245,143.91,2022-09-26T13:00:00Z,143.91,143.575,144.58,true,IMPULSE_IMMEDIATELY_AFTER_IPO,bullish,2022-09-26T08:00:00Z,2022-09-26T18:00:00Z,2022-09-26T18:00:00Z,10,144.785,false,,,,13,-5,false,2022-09-26T16:06:00Z,144.58,TARGET,2,0.047761194029849616,1.9522388059701503,HTF_UNAMBIGUOUS,,false
IMPULSE_AFTER_ENTRY,USD/JPY|2022-11-01|1h|773@788,USD/JPY,1h,USD/JPY_2022-11-01,demand,2022-09-29T01:00:00Z,144.38,144.295005,2022-09-29T16:00:00Z,144.295005,144.21001,144.464995,true,IMPULSE_IMMEDIATELY_AFTER_IPO,bullish,2022-09-29T16:00:00Z,2022-09-30T02:00:00Z,2022-09-30T02:00:00Z,10,144.765,false,,,,25,-10,false,2022-09-29T16:47:00Z,144.464995,TARGET,2,0.1882463674333958,1.8117536325666042,1M_RESOLVED,,false
IMPULSE_AFTER_ENTRY,USD/JPY|2022-11-01|1h|877@893,USD/JPY,1h,USD/JPY_2022-11-01,demand,2022-10-05T08:00:00Z,144.535,144.41,2022-10-06T00:00:00Z,144.41,144.285,144.66,true,IMPULSE_IMMEDIATELY_AFTER_IPO,bullish,2022-10-06T12:00:00Z,2022-10-06T20:00:00Z,2022-10-06T20:00:00Z,8,145.145,false,,,,36,-20,false,2022-10-06T01:25:00Z,144.66,TARGET,2,0.128,1.8719999999999999,HTF_UNAMBIGUOUS,,false
IMPULSE_AFTER_ENTRY,USD/JPY|2022-11-01|4h|566@571,USD/JPY,4h,USD/JPY_2022-11-01,demand,2022-10-17T04:00:00Z,148.80499,148.695,2022-10-18T00:00:00Z,148.695,148.58501,148.91497999999996,true,IMPULSE_OVERLAPS_IPO,bullish,2022-10-11T16:00:00Z,2022-10-18T12:00:00Z,2022-10-18T12:00:00Z,29,149.33,false,,,,8,-3,false,2022-10-18T02:03:00Z,148.91497999999996,TARGET,2,0.14546776979727805,1.854532230202722,1M_RESOLVED,,false
IMPULSE_AFTER_ENTRY,USD/JPY|2025-04-01|1h|504@509,USD/JPY,1h,USD/JPY_2025-04-01,demand,2025-02-12T02:00:00Z,153.53,153.445,2025-02-12T07:00:00Z,153.445,153.36,153.61499999999995,true,IMPULSE_IMMEDIATELY_AFTER_IPO,bullish,2025-02-12T12:00:00Z,2025-02-12T16:00:00Z,2025-02-12T16:00:00Z,4,154.8,false,,,,14,-9,false,2025-02-12T07:55:00Z,153.61499999999995,TARGET,2,0.18823529411769238,1.8117647058823076,1M_RESOLVED,,false
IMPULSE_AFTER_ENTRY,USD/JPY|2025-04-01|1h|575@582,USD/JPY,1h,USD/JPY_2025-04-01,supply,2025-02-17T01:00:00Z,151.825005,151.74001,2025-02-17T08:00:00Z,151.825005,151.91,151.65501500000002,true,IMPULSE_OVERLAPS_IPO,bearish,2025-02-16T23:00:00Z,2025-02-17T15:00:00Z,2025-02-17T15:00:00Z,16,151.34,false,,,,14,-7,false,2025-02-17T10:45:00Z,151.65501500000002,TARGET,2,0.1882463674333958,1.8117536325666042,1M_RESOLVED,,false
IMPULSE_AFTER_ENTRY,USD/JPY|2025-04-01|1h|707@714,USD/JPY,1h,USD/JPY_2025-04-01,supply,2025-02-24T13:00:00Z,149.745,149.61,2025-02-24T20:00:00Z,149.745,149.88,149.47500000000002,true,IMPULSE_IMMEDIATELY_AFTER_IPO,bearish,2025-02-25T11:00:00Z,2025-02-25T15:00:00Z,2025-02-25T15:00:00Z,4,148.57001,false,,,,26,-19,false,2025-02-24T23:00:00Z,149.91,S2_CLOSE_INVALIDATION,-1.2222222222222456,0.1185185185185265,-1.340740740740772,HTF_UNAMBIGUOUS,,false
IMPULSE_AFTER_ENTRY,USD/JPY|2025-04-01|1h|772@792,USD/JPY,1h,USD/JPY_2025-04-01,demand,2025-02-27T06:00:00Z,149.42,149.31,2025-02-28T02:00:00Z,149.31,149.2,149.53000000000003,true,IMPULSE_IMMEDIATELY_AFTER_IPO,bullish,2025-02-28T02:00:00Z,2025-02-28T08:00:00Z,2025-02-28T08:00:00Z,6,150.69,false,,,,26,-6,false,2025-02-28T02:56:00Z,149.53000000000003,TARGET,2,0.1454545454545274,1.8545454545454727,1M_RESOLVED,,false
IMPULSE_AFTER_ENTRY,USD/JPY|2025-04-01|1h|943@949,USD/JPY,1h,USD/JPY_2025-04-01,supply,2025-03-10T09:00:00Z,147.254995,147.14999,2025-03-10T15:00:00Z,147.254995,147.36,147.044985,true,IMPULSE_OVERLAPS_IPO,bearish,2025-03-07T19:00:00Z,2025-03-10T14:00:00Z,2025-03-10T14:00:00Z,19,146.63,false,,,,5,1,false,2025-03-10T17:37:00Z,147.044985,TARGET,2,0.15237369649063523,1.8476263035093647,1M_RESOLVED,,false
IMPULSE_AFTER_ENTRY,USD/JPY|2025-04-01|1h|943@951,USD/JPY,1h,USD/JPY_2025-04-01,supply,2025-03-10T09:00:00Z,147.254995,147.14999,2025-03-10T17:00:00Z,147.254995,147.36,147.044985,true,IMPULSE_OVERLAPS_IPO,bearish,2025-03-07T19:00:00Z,2025-03-10T14:00:00Z,2025-03-10T14:00:00Z,19,146.63,false,,,,5,3,false,2025-03-10T17:37:00Z,147.044985,TARGET,2,0.15237369649063523,1.8476263035093647,1M_RESOLVED,,false
IMPULSE_AFTER_ENTRY,USD/JPY|2025-04-01|1h|1008@1015,USD/JPY,1h,USD/JPY_2025-04-01,supply,2025-03-13T02:00:00Z,148.17001,148.10001,2025-03-13T09:00:00Z,148.17001,148.24001,148.03000999999995,true,IMPULSE_OVERLAPS_IPO,bearish,2025-03-12T12:00:00Z,2025-03-13T06:00:00Z,2025-03-13T06:00:00Z,18,147.58,false,,,,4,3,false,2025-03-13T11:19:00Z,148.03000999999995,TARGET,2,0.22857142857135804,1.771428571428642,1M_RESOLVED,,false
IMPULSE_AFTER_ENTRY,USD/JPY|2025-04-01|1h|1051@1061,USD/JPY,1h,USD/JPY_2025-04-01,demand,2025-03-16T22:00:00Z,148.8,148.685005,2025-03-17T08:00:00Z,148.685005,148.57001,148.91499499999998,true,IMPULSE_IMMEDIATELY_AFTER_IPO,bullish,2025-03-16T23:00:00Z,2025-03-17T06:00:00Z,2025-03-17T06:00:00Z,7,149.10001,false,,,,8,2,false,2025-03-17T08:21:00Z,148.91499499999998,TARGET,2,0.1391364841949731,1.8608635158050268,1M_RESOLVED,,false
IMPULSE_AFTER_ENTRY,USD/JPY|2025-04-01|1h|1054@1062,USD/JPY,1h,USD/JPY_2025-04-01,demand,2025-03-17T01:00:00Z,148.89999,148.729995,2025-03-17T09:00:00Z,148.729995,148.56,149.069985,true,IMPULSE_OVERLAPS_IPO,bullish,2025-03-16T23:00:00Z,2025-03-17T06:00:00Z,2025-03-17T06:00:00Z,7,149.10001,false,,,,5,3,false,2025-03-17T10:00:00Z,148.5,S2_CLOSE_INVALIDATION,-1.35295155739876,0.09412041530633247,-1.4470719727050925,HTF_UNAMBIGUOUS,,false
IMPULSE_AFTER_ENTRY,USD/JPY|2025-04-01|1h|1188@1193,USD/JPY,1h,USD/JPY_2025-04-01,demand,2025-03-24T16:00:00Z,150.75999,150.644995,2025-03-24T21:00:00Z,150.644995,150.53,150.87498499999998,true,IMPULSE_OVERLAPS_IPO,bullish,2025-03-24T10:00:00Z,2025-03-25T08:00:00Z,2025-03-25T08:00:00Z,22,150.77,false,,,,16,-11,false,2025-03-25T00:01:00Z,150.87498499999998,TARGET,2,0.1391364841949731,1.8608635158050268,1M_RESOLVED,,false
IMPULSE_AFTER_ENTRY,USD/JPY|2025-04-01|1h|1188@1197,USD/JPY,1h,USD/JPY_2025-04-01,demand,2025-03-24T16:00:00Z,150.75999,150.644995,2025-03-25T01:00:00Z,150.644995,150.53,150.87498499999998,true,IMPULSE_OVERLAPS_IPO,bullish,2025-03-24T10:00:00Z,2025-03-25T08:00:00Z,2025-03-25T08:00:00Z,22,150.77,false,,,,16,-7,false,2025-03-25T05:00:00Z,150.42999,S2_CLOSE_INVALIDATION,-1.869689986521182,0.1391364841949731,-2.008826470716155,HTF_UNAMBIGUOUS,,false
IMPULSE_AFTER_ENTRY,USD/JPY|2025-04-01|1h|1188@1199,USD/JPY,1h,USD/JPY_2025-04-01,demand,2025-03-24T16:00:00Z,150.75999,150.644995,2025-03-25T03:00:00Z,150.644995,150.53,150.87498499999998,true,IMPULSE_OVERLAPS_IPO,bullish,2025-03-24T10:00:00Z,2025-03-25T08:00:00Z,2025-03-25T08:00:00Z,22,150.77,false,,,,16,-5,false,2025-03-25T05:00:00Z,150.42999,S2_CLOSE_INVALIDATION,-1.869689986521182,0.1391364841949731,-2.008826470716155,HTF_UNAMBIGUOUS,,false
IMPULSE_AFTER_ENTRY,USD/JPY|2025-04-01|1h|1221@1228,USD/JPY,1h,USD/JPY_2025-04-01,demand,2025-03-26T01:00:00Z,150.28,150.16500150000002,2025-03-26T08:00:00Z,150.16500150000002,150.050003,150.39499850000004,true,IMPULSE_IMMEDIATELY_AFTER_IPO,bullish,2025-03-26T10:00:00Z,2025-03-26T15:00:00Z,2025-03-26T15:00:00Z,5,150.75,false,,,,14,-7,false,2025-03-26T12:53:00Z,150.39499850000004,TARGET,2,0.1391322495510655,1.8608677504489344,1M_RESOLVED,,false
IMPULSE_AFTER_ENTRY,USD/JPY|2025-04-01|1h|1221@1230,USD/JPY,1h,USD/JPY_2025-04-01,demand,2025-03-26T01:00:00Z,150.28,150.16500150000002,2025-03-26T10:00:00Z,150.16500150000002,150.050003,150.39499850000004,true,IMPULSE_IMMEDIATELY_AFTER_IPO,bullish,2025-03-26T10:00:00Z,2025-03-26T15:00:00Z,2025-03-26T15:00:00Z,5,150.75,false,,,,14,-5,false,2025-03-26T12:53:00Z,150.39499850000004,TARGET,2,0.1391322495510655,1.8608677504489344,1M_RESOLVED,,false
IMPULSE_AFTER_ENTRY,USD/JPY|2025-04-01|4h|514@517,USD/JPY,4h,USD/JPY_2025-04-01,supply,2025-03-04T04:00:00Z,149.25,148.92999,2025-03-04T16:00:00Z,149.25,149.57001,148.60998,true,IMPULSE_IMMEDIATELY_AFTER_IPO,bearish,2025-03-05T00:00:00Z,2025-03-06T12:00:00Z,2025-03-06T12:00:00Z,9,147.32001,false,,,,14,-11,false,2025-03-04T20:00:00Z,149.84,S2_CLOSE_INVALIDATION,-1.8436923846130124,0.04999843754882717,-1.8936908221618396,HTF_UNAMBIGUOUS,,false
IMPULSE_AFTER_ENTRY,USD/JPY|2025-07-01|1h|588@610,USD/JPY,1h,USD/JPY_2025-07-01,supply,2025-05-19T04:00:00Z,145.28050000000002,145.216,2025-05-20T02:00:00Z,145.28050000000002,145.345,145.15150000000006,true,IMPULSE_IMMEDIATELY_AFTER_IPO,bearish,2025-05-20T00:00:00Z,2025-05-20T07:00:00Z,2025-05-20T07:00:00Z,7,144.087997,false,,,,27,-5,false,2025-05-20T02:57:00Z,145.15150000000006,TARGET,2,0.24806201550394855,1.7519379844960514,1M_RESOLVED,,false
IMPULSE_AFTER_ENTRY,USD/JPY|2025-07-01|1h|693@708,USD/JPY,1h,USD/JPY_2025-07-01,supply,2025-05-23T13:00:00Z,142.709995,142.52499,2025-05-26T05:00:00Z,142.709995,142.895,142.33998499999996,true,IMPULSE_IMMEDIATELY_AFTER_IPO,bearish,2025-05-26T21:00:00Z,2025-05-27T01:00:00Z,2025-05-27T01:00:00Z,4,142.11,false,,,,35,-20,false,2025-05-26T07:00:00Z,142.896,S2_CLOSE_INVALIDATION,-1.0054052593171874,0.08648414907704352,-1.091889408394231,HTF_UNAMBIGUOUS,,false
IMPULSE_AFTER_ENTRY,USD/JPY|2025-07-01|1h|1026@1039,USD/JPY,1h,USD/JPY_2025-07-01,supply,2025-06-12T14:00:00Z,143.588005,143.423,2025-06-13T03:00:00Z,143.588005,143.75301,143.25799500000005,true,IMPULSE_OVERLAPS_IPO,bearish,2025-06-11T20:00:00Z,2025-06-13T00:00:00Z,2025-06-13T00:00:00Z,28,142.78999,false,,,,10,3,false,2025-06-13T07:00:00Z,143.795,S2_CLOSE_INVALIDATION,-1.254477137056475,0.09696675858308534,-1.3514438956395602,HTF_UNAMBIGUOUS,,false
IMPULSE_AFTER_ENTRY,USD/JPY|2025-07-01|1h|1097@1108,USD/JPY,1h,USD/JPY_2025-07-01,demand,2025-06-17T15:00:00Z,145.207,145.10849725,2025-06-18T02:00:00Z,145.10849725,145.0099945,145.30550275,true,IMPULSE_IMMEDIATELY_AFTER_IPO,bullish,2025-06-17T21:00:00Z,2025-06-18T19:00:00Z,2025-06-18T19:00:00Z,22,145.224,false,,,,28,-17,false,2025-06-18T06:00:00Z,144.89999,S2_CLOSE_INVALIDATION,-2.11676577557488,0.1624320133194343,-2.2791977888943142,HTF_UNAMBIGUOUS,,false
IMPULSE_AFTER_ENTRY,USD/JPY|2025-07-01|1h|1178@1190,USD/JPY,1h,USD/JPY_2025-07-01,demand,2025-06-23T02:00:00Z,146.701,146.53449999999998,2025-06-23T14:00:00Z,146.53449999999998,146.368,146.86749999999995,true,IMPULSE_OVERLAPS_IPO,bullish,2025-06-19T01:00:00Z,2025-06-23T11:00:00Z,2025-06-23T11:00:00Z,56,148.029007,false,,,,9,3,false,2025-06-23T16:00:00Z,146.362,S2_CLOSE_INVALIDATION,-1.0360360360360406,0.09609609609610476,-1.1321321321321454,HTF_UNAMBIGUOUS,,false
IMPULSE_AFTER_ENTRY,USD/JPY|2025-11-01|1h|597@604,USD/JPY,1h,USD/JPY_2025-11-01,demand,2025-09-19T08:00:00Z,148.033005,147.91950250000002,2025-09-19T15:00:00Z,147.91950250000002,147.806,148.14650750000004,true,IMPULSE_OVERLAPS_IPO,bullish,2025-09-19T04:00:00Z,2025-09-22T03:00:00Z,2025-09-22T03:00:00Z,21,148.37601,false,,,,17,-10,false,2025-09-22T00:02:00Z,148.14650750000004,TARGET,2,0.14096605801633105,1.859033941983669,1M_RESOLVED,,false
IMPULSE_AFTER_ENTRY,USD/JPY|2025-11-01|1h|735@740,USD/JPY,1h,USD/JPY_2025-11-01,supply,2025-09-29T06:00:00Z,148.779,148.705,2025-09-29T11:00:00Z,148.779,148.853,148.63099999999997,true,IMPULSE_OVERLAPS_IPO,bearish,2025-09-26T10:00:00Z,2025-09-29T13:00:00Z,2025-09-29T13:00:00Z,25,148.47501,false,,,,7,-2,false,2025-09-29T11:58:00Z,148.63099999999997,TARGET,2,0.21621621621618034,1.7837837837838197,1M_RESOLVED,,false
IMPULSE_AFTER_ENTRY,USD/JPY|2025-11-01|1h|786@792,USD/JPY,1h,USD/JPY_2025-11-01,supply,2025-10-01T09:00:00Z,147.146006,147.065002,2025-10-01T15:00:00Z,147.146006,147.22701,146.98399799999999,true,IMPULSE_IMMEDIATELY_AFTER_IPO,bearish,2025-10-02T06:00:00Z,2025-10-02T09:00:00Z,2025-10-02T09:00:00Z,3,146.59399,false,,,,24,-18,false,2025-10-02T01:38:00Z,146.98399799999999,TARGET,2,0.19752111006862108,1.8024788899313788,1M_RESOLVED,,false
IMPULSE_AFTER_ENTRY,USD/JPY|2025-11-01|1h|907@916,USD/JPY,1h,USD/JPY_2025-11-01,demand,2025-10-08T12:00:00Z,152.74699,152.5895,2025-10-08T21:00:00Z,152.5895,152.43201,152.90447999999998,true,IMPULSE_IMMEDIATELY_AFTER_IPO,bullish,2025-10-09T02:00:00Z,2025-10-09T07:00:00Z,2025-10-09T07:00:00Z,5,153.217,false,,,,19,-10,false,2025-10-09T06:14:00Z,152.90447999999998,TARGET,2,0.10159375198425576,1.8984062480157442,1M_RESOLVED,,false
IMPULSE_AFTER_ENTRY,USD/JPY|2025-11-01|1h|982@988,USD/JPY,1h,USD/JPY_2025-11-01,demand,2025-10-13T17:00:00Z,152.347,152.28750000000002,2025-10-13T23:00:00Z,152.28750000000002,152.228,152.40650000000005,true,IMPULSE_OVERLAPS_IPO,bullish,2025-10-10T20:00:00Z,2025-10-14T00:00:00Z,2025-10-14T00:00:00Z,26,152.61301,false,,,,7,-1,false,2025-10-13T23:54:00Z,152.40650000000005,TARGET,2,0.2689075630251464,1.7310924369748535,1M_RESOLVED,,false
IMPULSE_AFTER_ENTRY,USD/JPY|2025-11-01|1h|1091@1101,USD/JPY,1h,USD/JPY_2025-11-01,demand,2025-10-20T08:00:00Z,150.79601,150.683505,2025-10-20T18:00:00Z,150.683505,150.571,150.908515,true,IMPULSE_IMMEDIATELY_AFTER_IPO,bullish,2025-10-21T05:00:00Z,2025-10-21T12:00:00Z,2025-10-21T12:00:00Z,7,152.174,false,,,,28,-18,false,2025-10-21T01:46:00Z,150.908515,TARGET,2,0.1422159015154898,1.8577840984845102,HTF_UNAMBIGUOUS,,false
IMPULSE_AFTER_ENTRY,USD/JPY|2025-11-01|4h|432@442,USD/JPY,4h,USD/JPY_2025-11-01,supply,2025-09-16T09:00:00Z,147.058,146.86,2025-09-18T01:00:00Z,147.058,147.256,146.66199999999998,true,IMPULSE_OVERLAPS_IPO,bearish,2025-09-07T21:00:00Z,2025-09-17T17:00:00Z,2025-09-17T17:00:00Z,47,145.476,false,,,,8,2,false,2025-09-18T05:00:00Z,147.42999,S2_CLOSE_INVALIDATION,-1.8787373737373576,0.08080808080807775,-1.9595454545454354,HTF_UNAMBIGUOUS,,false
IMPULSE_AFTER_ENTRY,USD/JPY|2025-11-01|4h|451@455,USD/JPY,4h,USD/JPY_2025-11-01,demand,2025-09-19T13:00:00Z,148.159,147.97199999999998,2025-09-22T05:00:00Z,147.97199999999998,147.785,148.34599999999995,true,IMPULSE_IMMEDIATELY_AFTER_IPO,bullish,2025-09-23T17:00:00Z,2025-09-24T17:00:00Z,2025-09-24T17:00:00Z,6,148.91499,false,,,,19,-15,false,2025-09-22T13:00:00Z,147.741,S2_CLOSE_INVALIDATION,-1.2352941176469874,0.08556149732621081,-1.3208556149731983,HTF_UNAMBIGUOUS,,false
IMPULSE_AFTER_ENTRY,USD/JPY|2025-11-01|4h|598@603,USD/JPY,4h,USD/JPY_2025-11-01,demand,2025-10-23T16:00:00Z,152.797,152.642505,2025-10-24T12:00:00Z,152.642505,152.48801,152.951495,true,IMPULSE_OVERLAPS_IPO,bullish,2025-10-22T16:00:00Z,2025-10-24T04:00:00Z,2025-10-24T04:00:00Z,9,153.061996,false,,,,3,2,false,2025-10-24T13:48:00Z,152.951495,TARGET,2,0.10356322211074982,1.8964367778892501,1M_RESOLVED,,false
