symbol,direction,open_time,closed_at,hold_hours,raw_close_reason,normalized,maxHoldHours_frozen,pnl,pnl_pips,entry_price,exit_price,stop_loss_AT_CLOSE,take_profit
AUD/USD,long,2026-09-03T13:40:48.548Z,2026-09-04T20:06:09.715Z,30.423,reverse_signal,OTHER,,162.0,13.5,0.71938,0.72073,,
XAU/USD,short,2026-09-03T00:00:26.693Z,2026-09-03T00:07:05.596Z,0.111,sl_hit,SL,4,-277.13,-395.9,4384.73671,4388.69564,4388.69564,4376.81885
NZD/USD,short,2026-09-02T22:02:21.401Z,2026-09-03T04:33:01.201Z,6.511,sl_hit,SL,4,-270.0,-18.0,0.58495,0.58675,0.58675,0.58135
BTC/USD,short,2026-09-03T06:10:08.216Z,2026-09-03T07:06:06.811Z,0.933,sl_hit,SL,4,-275.24,-210.1,77713.89,77924.0,77924,77293.67
EUR/USD,long,2026-09-02T23:20:14.307Z,2026-09-03T07:39:01.590Z,8.313,sl_hit,SL,4,258.62,19.3,1.15854,1.16047,1.16047,1.16254
XAU/USD,short,2026-09-03T08:00:31.189Z,2026-09-03T08:06:05.937Z,0.093,sl_hit,SL,4,-552.23,-343.0,4428.9265,4432.35648,4432.35648,4422.06654
EUR/USD,long,2026-09-03T09:30:16.489Z,2026-09-03T13:43:03.821Z,4.213,sl_hit,SL,4,193.2,16.8,1.16028,1.16196,1.16196,1.16428
NZD/USD,short,2026-04-29T23:10:13.940Z,2026-04-30T07:10:00.961Z,7.996,sl_hit,SL,,2.2,0.4,0.58327,0.58323,0.58323,0.58057
EUR/JPY,long,2026-04-30T08:10:24.202Z,2026-04-30T08:40:01.332Z,0.494,sl_hit,SL,,-101.32,-30.0,187.18653,186.88653,186.88653,187.63653
ETH/USD,long,2026-07-23T07:25:16.915Z,2026-07-23T09:55:04.349Z,2.497,sl_hit,SL,4,1084.2,1084.2,1916.83,1927.672,1927.672,1946.52
ETH/USD,long,2026-07-23T10:05:20.527Z,2026-07-23T10:35:03.664Z,0.495,tp_hit,TP,4,359.5,359.5,1924.58,1928.175,1921.05,1928.175
EUR/AUD,long,2026-07-24T11:45:11.558Z,2026-07-24T14:20:12.289Z,2.584,sl_hit,SL,4,441.64,15.7,1.62819,1.62976,1.62976,1.63199
USD/CAD,short,2026-07-06T10:25:14.126Z,2026-07-06T22:55:04.511Z,12.497,reverse_signal,OTHER,,265.75,10.4,1.42163,1.42059,,
AUD/USD,long,2026-07-06T07:55:13.929Z,2026-07-07T01:05:08.262Z,17.165,sl_hit,SL,4,579.02,13.1,0.69365,0.69496,0.69496,0.69597
EUR/AUD,long,2026-07-06T13:45:29.177Z,2026-07-07T08:45:17.639Z,18.997,reverse_signal,OTHER,,-39.67,-5.1,1.64675,1.64624,,
XAU/USD,short,2026-05-29T13:10:26.582Z,2026-05-29T13:30:11.285Z,0.329,sl_hit,SL,24,-464.48,-203.7,4525.4277,4527.46491,4527.46491,4521.35328
GBP/USD,short,2026-09-15T11:35:03.960Z,2026-09-16T08:05:03.279Z,20.5,sl_hit,SL,4,278.0,20.0,1.34888,1.34688,1.34688,1.34528
ETH/USD,long,2026-09-20T01:10:04.706Z,2026-09-20T01:34:01.317Z,0.399,sl_hit,SL,4,-298.99,-598.0,2625.11,2619.1302,2619.1302,2637.0696
BTC/USD,long,2026-09-05T19:55:02.651Z,2026-09-06T03:45:01.059Z,7.833,tp_hit,TP,4,534.0,300.0,79758.01,80058.01,79608.01,80058.01
BTC/USD,long,2026-09-06T14:20:04.435Z,2026-09-06T14:24:01.170Z,0.066,sl_hit,SL,4,-270.0,-150.0,79785.99,79635.99,79635.99,80085.99
BTC/USD,long,2026-09-06T14:40:04.211Z,2026-09-06T15:02:01.163Z,0.366,sl_hit,SL,4,-271.49,-174.0,79619.99,79445.96,79445.96,79968.05
XAU/USD,long,2026-09-04T13:31:46.486Z,2026-09-07T08:20:16.056Z,66.808,reverse_signal,OTHER,,37.66,627.7,4414.00084,4420.27822,,
EUR/JPY,long,2026-05-26T17:10:13.703Z,2026-05-27T00:35:14.880Z,7.417,reverse_signal,OTHER,,412.8,13.1,185.16891,185.30036,,
XAU/USD,short,2026-09-07T08:20:16.056Z,2026-09-07T09:34:01.878Z,1.229,tp_hit,TP,4,279.96,1555.4,4420.27822,4404.72471357,4428.05497321,4404.72471357
GBP/NZD,long,2026-05-26T16:01:33.883Z,2026-05-27T02:05:01.667Z,10.058,sl_hit,SL,24,-880.27,-30.0,2.30312,2.30012,2.30012,2.30912
EUR/AUD,long,2026-05-26T15:11:04.942Z,2026-05-27T02:15:01.338Z,11.066,sl_hit,SL,24,1060.21,29.6,1.62166,1.62462,1.62462,1.62666
BTC/USD,long,2026-09-07T14:20:17.508Z,2026-09-07T15:32:09.393Z,1.198,sl_hit,SL,4,-535.5,-150.0,79148.0,78998.0,78998,79448
XAU/USD,short,2026-09-10T06:45:15.426Z,2026-09-10T08:45:07.019Z,1.998,tp_hit,TP,4,569.46,2711.7,4424.44619,4397.32926007,4438.00465496,4397.32926007
NZD/USD,short,2026-05-27T00:35:08.570Z,2026-05-27T02:15:04.656Z,1.666,sl_hit,SL,24,-1015.0,-25.0,0.58457,0.58707,0.58707,0.58154
BTC/USD,long,2026-09-07T15:50:14.789Z,2026-09-07T17:47:01.003Z,1.946,tp_hit,TP,4,1071.38,340.1,78830.06,79170.18,78660,79170.18
BTC/USD,long,2026-09-10T07:55:08.106Z,2026-09-10T10:35:03.898Z,2.665,sl_hit,SL,4,-534.26,-252.0,78104.01,77852.0,77852,78608.03
EUR/GBP,short,2026-05-27T02:55:11.104Z,2026-05-27T07:45:05.224Z,4.832,sl_hit,SL,24,-605.13,-9.0,0.86507,0.86597,0.86597,0.86327
XAU/USD,short,2026-09-08T00:02:17.964Z,2026-09-08T01:16:06.946Z,1.23,sl_hit,SL,4,-280.0,-700.0,4422.91964,4429.91964,4429.91964,4408.91964
GBP/USD,long,2026-09-07T20:20:10.582Z,2026-09-08T07:45:16.972Z,11.418,sl_hit,SL,4,-493.23,-12.3,1.3541,1.35287,1.35287,1.35656
EUR/USD,short,2026-09-09T15:06:58.412Z,2026-09-10T12:18:05.390Z,21.185,tp_hit,TP,4,1034.56,24.4,1.16391,1.16147,1.16513,1.16147
GBP/JPY,long,2026-05-26T17:30:32.079Z,2026-05-27T07:55:04.114Z,14.409,sl_hit,SL,24,31.25,1.0,214.21604,214.226,214.226,214.57322
XAU/USD,long,2026-09-08T14:42:28.852Z,2026-09-08T16:12:16.321Z,1.497,sl_hit,SL,4,-546.0,-700.0,4394.5385,4387.5385,4387.5385,4408.5385
NZD/USD,short,2026-09-16 10:20:06.94563+00,2026-09-16 18:39:01.276194+00,8.315,tp_hit,TP,,1003.68,,,0.57189,,
USD/JPY,long,2026-09-16 07:40:09.912038+00,2026-09-16 18:20:02.533382+00,10.665,tp_hit,TP,,871.19,,,155.507852,,
GBP/USD,short,2026-09-18T17:20:05.806Z,2026-09-20T21:01:00.929Z,51.682,sl_hit,SL,4,89.0,5.0,1.33932,1.33882,1.33882,1.334564
NZD/JPY,short,2026-06-29T03:01:19.403Z,2026-06-29T07:45:13.883Z,4.732,sl_hit,SL,4,-487.92,-24.9,91.29448,91.54353,91.54353,90.79638
XAU/USD,short,2026-07-01T12:20:23.884Z,2026-07-01T13:31:45.679Z,1.189,sl_hit,SL,4,-266.43,-1110.1,4025.02258,4036.12385,4036.12385,4002.82004
EUR/CHF,long,2026-06-30T04:07:09.252Z,2026-07-01T13:40:08.929Z,33.55,sl_hit,SL,4,58.64,1.9,0.92235,0.92254,0.92254,0.92389
EUR/NZD,short,2026-06-29T07:46:04.787Z,2026-06-29T08:25:07.093Z,0.651,sl_hit,SL,4,-364.44,-12.9,2.01626,2.01755,2.01755,2.01368
XAU/USD,short,2026-07-01T17:47:36.927Z,2026-07-01T18:30:37.779Z,0.717,tp_hit,TP,4,1032.2,537.6,4070.87372,4065.4977,4073.56173,4065.4977
USD/CHF,short,2026-06-26T15:02:30.555Z,2026-06-29T08:25:07.725Z,65.377,sl_hit,SL,4,13.59,1.0,0.80912,0.80902,0.80902,0.80552
NZD/USD,short,2026-06-28T23:50:13.580Z,2026-06-29T08:26:22.526Z,8.602,reverse_signal,OTHER,,-116.2,-8.3,0.56411,0.56494,,
USD/CAD,short,2026-07-01T15:00:52.064Z,2026-07-02T09:15:12.700Z,18.239,sl_hit,SL,4,339.66,12.3,1.42091,1.41968,1.41968,1.41731
GBP/CHF,long,2026-06-29T04:51:11.915Z,2026-06-29T11:15:25.109Z,6.404,sl_hit,SL,4,25.48,1.0,1.06905,1.06915,1.06915,1.07293
AUD/USD,long,2026-07-01T18:14:53.768Z,2026-07-02T12:45:13.589Z,18.506,tp_hit,TP,4,503.44,24.8,0.6896,0.69208,0.69066,0.69208
USD/CAD,short,2026-06-29T17:25:45.948Z,2026-06-29T23:10:03.566Z,5.738,sl_hit,SL,4,27.1,1.0,1.42061,1.42051,1.42051,1.41701
AUD/JPY,short,2026-06-29T22:21:07.661Z,2026-06-30T00:55:01.571Z,2.565,sl_hit,SL,4,362.95,14.9,111.56363,111.415,111.415,111.16479
CHF/JPY,short,2026-06-29T21:21:34.784Z,2026-06-30T02:55:02.858Z,5.558,sl_hit,SL,4,9.46,1.0,200.50365,200.494,200.494,200.00365
NZD/CHF,short,2026-06-29T08:27:12.563Z,2026-06-30T04:15:11.677Z,19.8,sl_hit,SL,4,21.5,1.0,0.45716,0.45706,0.45706,0.4549
EUR/GBP,long,2026-06-29T17:17:08.840Z,2026-06-30T05:05:04.260Z,11.799,sl_hit,SL,4,-245.07,-11.8,0.86205,0.86087,0.86087,0.86441
AUD/CAD,long,2026-04-29T20:31:08.326Z,2026-04-30T01:00:01.864Z,4.482,sl_hit,SL,,4.9,1.0,0.97392,0.97402,0.97402,0.97692
EUR/GBP,short,2026-09-16T12:10:12.245Z,2026-09-17T11:13:01.515Z,23.047,sl_hit,SL,4,-499.14,-15.0,0.85733,0.85883,0.85883,0.85433
EUR/USD,short,2026-09-18T17:20:03.147Z,2026-09-20T21:31:00.979Z,52.183,sl_hit,SL,4,125.0,5.0,1.14827,1.14777,1.14777,1.14427
USD/JPY,long,2026-09-17T06:10:08.345Z,2026-09-17T15:06:23.603Z,8.938,sl_hit,SL,4,28.36,5.0,155.77537,155.825,155.825,157.5927304
USD/CAD,long,2026-09-18T19:35:07.859Z,2026-09-20T23:05:01.274Z,51.498,sl_hit,SL,4,82.91,5.0,1.39907,1.39957,1.39957,1.40217
XAU/USD,short,2026-09-09T14:16:59.566Z,2026-09-09T15:08:23.785Z,0.857,tp_hit,TP,4,1110.35,2523.5,4421.50651,4396.27131,4434.12411,4396.27131
BTC/USD,long,2026-09-09T17:16:43.004Z,2026-09-09T17:43:03.002Z,0.439,sl_hit,SL,4,-540.0,-150.0,78871.62,78721.62,78721.62,79171.62
BTC/USD,long,2026-09-09T18:06:09.139Z,2026-09-09T18:44:39.139Z,0.642,sl_hit,SL,4,-539.64,-221.2,78748.01,78526.8475,78526.8475,79190.335
USD/CAD,long,2026-06-19T09:20:02.152Z,2026-06-19T13:10:08.426Z,3.835,tp_hit,TP,4,854.28,24.2,1.41387,1.41629,1.41266,1.41629
EUR/CHF,short,2026-04-28T13:51:03.010Z,2026-04-29T09:30:07.796Z,19.651,sl_hit,SL,,17.83,3.2,0.92447,0.92415,0.92415,0.92177
BTC/USD,long,2026-04-29T12:41:14.714Z,2026-04-29T13:30:01.397Z,0.813,sl_hit,SL,,-65.79,-119.6,77130.62,77011.0,77011,77406.065
NZD/USD,long,2026-04-29T15:10:17.210Z,2026-04-29T18:10:04.618Z,2.997,sl_hit,SL,,-61.6,-11.0,0.58435,0.58325,0.58325,0.58705
EUR/USD,long,2026-04-29T15:30:16.010Z,2026-04-29T18:40:03.157Z,3.163,sl_hit,SL,,-102.0,-20.0,1.16932,1.16732,1.16732,1.17232
AUD/CAD,long,2026-04-29T16:21:07.678Z,2026-04-29T18:40:04.096Z,2.316,sl_hit,SL,,-81.68,-16.2,0.97503,0.97341,0.97341,0.97803
BTC/USD,long,2026-04-29T19:41:17.365Z,2026-04-29T20:40:02.803Z,0.979,tp_hit,TP,,146.25,225.0,75445.99,75670.99,75559.7,75670.99
USD/CAD,short,2026-04-29T20:20:15.090Z,2026-04-29T21:10:02.419Z,0.83,sl_hit,SL,,5.41,1.0,1.36864,1.36854,1.36854,1.36594
EUR/NZD,short,2026-04-29T18:31:11.957Z,2026-04-29T21:20:01.500Z,2.814,sl_hit,SL,,40.01,10.1,2.00413,2.00312,2.00312,2.00038
EUR/AUD,short,2026-04-29T16:41:15.248Z,2026-04-30T05:00:06.353Z,12.314,sl_hit,SL,,61.78,15.5,1.63951,1.63796,1.63796,1.63576
EUR/CAD,short,2026-06-24T23:50:21.124Z,2026-06-25T01:15:08.945Z,1.413,sl_hit,SL,4,-295.03,-8.4,1.61631,1.61715,1.61715,1.61463
GBP/AUD,short,2026-04-29T20:21:01.261Z,2026-04-30T06:00:10.840Z,9.653,sl_hit,SL,,65.43,20.0,1.89386,1.89186,1.89186,1.88936
GBP/CHF,long,2026-06-25T00:17:35.421Z,2026-06-25T02:35:02.577Z,2.291,sl_hit,SL,4,-184.89,-6.0,1.0697,1.0691,1.0691,1.0709
NZD/USD,short,2026-07-07T12:35:52.053Z,2026-07-07T14:55:06.950Z,2.321,sl_hit,SL,4,192.5,7.7,0.56982,0.56905,0.56905,0.56784
BTC/USD,short,2026-07-10T04:20:06.020Z,2026-07-10T08:35:16.452Z,4.253,sl_hit,SL,24,-52.5,-150.0,63952.14,64102.14,64102.14,63652.14
GBP/USD,long,2026-07-10T08:25:27.019Z,2026-07-10T11:35:01.297Z,3.16,sl_hit,SL,4,95.7,6.6,1.3419,1.34256,1.34256,1.34558
EUR/AUD,long,2026-07-10T08:25:06.315Z,2026-07-10T13:25:01.547Z,4.999,sl_hit,SL,4,-533.81,-32.0,1.64644,1.64324,1.64324,1.65284
CAD/JPY,long,2026-07-10T07:25:12.959Z,2026-07-10T13:25:03.022Z,5.997,sl_hit,SL,4,155.23,10.0,114.19255,114.293,114.293,114.49451
USD/CAD,short,2026-07-10T06:05:12.232Z,2026-07-10T13:55:07.882Z,7.832,sl_hit,SL,4,75.91,4.3,1.41613,1.4157,1.4157,1.41351
BTC/USD,short,2026-07-10T14:15:09.361Z,2026-07-10T15:35:04.148Z,1.332,sl_hit,SL,24,36.08,164.0,64208.42,64044.4,64044.4,63729.72
AUD/USD,long,2026-07-10T08:45:15.853Z,2026-07-10T18:05:05.961Z,9.331,sl_hit,SL,4,194.7,11.0,0.69437,0.69547,0.69547,0.69735
GBP/CAD,short,2026-07-10T16:15:16.020Z,2026-07-12T17:35:01.684Z,49.329,sl_hit,SL,4,-264.71,-30.0,1.89587,1.89887,1.89887,1.88987
BTC/USD,long,2026-04-30T03:11:20.480Z,2026-04-30T04:10:00.951Z,0.978,sl_hit,SL,,45.27,67.6,75778.44,75846.0,75846,76003.44
XAU/USD,short,2026-07-07T11:45:21.963Z,2026-07-07T12:05:01.543Z,0.328,sl_hit,SL,4,-270.54,-510.5,4145.45344,4150.55800214,4150.55800214,4134.11055
CAD/JPY,short,2026-07-06T08:05:17.882Z,2026-07-07T12:45:30.130Z,28.67,reverse_signal,OTHER,,245.61,28.6,114.0952,113.80922,,
EUR/AUD,short,2026-07-07T14:15:22.884Z,2026-07-08T02:40:01.950Z,12.411,sl_hit,SL,4,361.15,24.9,1.64687,1.64438,1.64438,1.64325
USD/CAD,long,2026-07-07T14:45:35.616Z,2026-07-08T06:35:01.869Z,15.824,sl_hit,SL,4,-261.52,-18.0,1.41985,1.41805,1.41805,1.42345
BTC/USD,short,2026-07-07T21:30:06.374Z,2026-07-08T07:45:16.833Z,10.253,sl_hit,SL,24,57.2,715.0,63457.64,62742.6,62742.6,62445.54
EUR/AUD,long,2026-07-08T06:15:14.641Z,2026-07-08T08:45:08.203Z,2.498,tp_hit,TP,4,524.37,41.0,1.64539,1.64949,1.6477,1.64949
GBP/USD,long,2026-07-07T19:20:20.994Z,2026-07-08T09:15:05.823Z,13.912,sl_hit,SL,4,-265.65,-23.1,1.33513,1.33282,1.33282,1.33975
NZD/USD,short,2026-07-08T10:35:08.767Z,2026-07-08T13:45:28.467Z,3.172,reverse_signal,OTHER,,48.0,2.4,0.57011,0.56987,,
GBP/USD,long,2026-07-08T11:35:10.981Z,2026-07-08T15:25:05.864Z,3.832,sl_hit,SL,4,252.5,25.0,1.33373,1.33623,1.33623,1.33873
AUD/USD,short,2026-05-28T16:25:08.177Z,2026-05-29T15:00:36.800Z,22.591,sl_hit,SL,24,-1012.5,-25.0,0.71665,0.71915,0.71915,0.70802
GBP/CAD,long,2026-08-06T22:02:55.661Z,2026-08-07T06:04:29.780Z,8.026,partial_tp,OTHER,24,215.07,11.7,1.88577,1.88694,1.88491,1.88749
GBP/CAD,long,2026-08-06T22:02:55.661Z,2026-08-07T06:28:02.090Z,8.418,partial_tp,OTHER,24,266.54,14.5,1.88577,1.88722,1.88491,1.88749
GBP/CAD,long,2026-08-06T22:02:55.661Z,2026-08-07T06:28:09.977Z,8.421,partial_tp,OTHER,24,266.54,14.5,1.88577,1.88722,1.88491,1.88749
GBP/CAD,long,2026-08-06T22:02:55.661Z,2026-08-07T06:28:29.946Z,8.426,partial_tp,OTHER,24,246.32,13.4,1.88577,1.88711,1.88491,1.88749
GBP/CAD,long,2026-08-06T22:02:55.661Z,2026-08-07T09:06:04.681Z,11.053,sl_hit,SL,24,-306.68,-8.6,1.88577,1.88491,1.88491,1.88749
EUR/AUD,long,2026-08-07T07:21:51.702Z,2026-08-07T12:32:18.710Z,5.174,partial_tp,OTHER,24,272.25,16.5,1.63806,1.63971,1.63662,1.64094
USD/CHF,long,2026-09-17T06:31:05.907Z,2026-09-17T15:25:09.913Z,8.901,sl_hit,SL,4,43.07,5.0,0.82403,0.82453,0.82453,0.835984
EUR/AUD,long,2026-08-07T07:21:51.702Z,2026-08-07T12:33:06.145Z,5.187,partial_tp,OTHER,24,272.25,16.5,1.63806,1.63971,1.63662,1.64094
EUR/AUD,long,2026-08-07T07:21:51.702Z,2026-08-07T12:33:14.046Z,5.19,partial_tp,OTHER,24,272.25,16.5,1.63806,1.63971,1.63662,1.64094
EUR/AUD,long,2026-08-07T07:21:51.702Z,2026-08-07T12:34:03.776Z,5.203,sl_hit,SL,24,-508.82,-14.4,1.63806,1.63662,1.63662,1.64094
GBP/CHF,short,2026-08-10T11:31:36.268Z,2026-08-10T14:09:23.681Z,2.63,sl_hit,SL,24,-645.43,-26.0,1.09165,1.09425,1.09425,1.08579
EUR/USD,short,2026-09-18T01:10:05.135Z,2026-09-18T05:35:01.084Z,4.416,sl_hit,SL,4,41.0,5.0,1.14812,1.14762,1.14762,1.1356168
USD/JPY,short,2026-09-22T15:40:11.839Z,2026-09-22T20:02:02.114Z,4.364,sl_hit,SL,4,78.59,5.0,157.46989,157.42,157.42,156.8156916
GBP/JPY,long,2026-06-05T12:40:05.720Z,2026-06-05T15:50:02.005Z,3.166,sl_hit,SL,24,-852.48,-76.3,214.95164,214.18822,214.18822,216.47848
GBP/JPY,long,2026-06-05T16:10:10.816Z,2026-06-05T18:50:06.450Z,2.665,sl_hit,SL,24,-836.32,-36.2,213.94571,213.58375,213.58375,214.66963
BTC/USD,long,2026-09-05T00:25:02.119Z,2026-09-05T02:05:00.968Z,1.666,sl_hit,SL,4,-532.5,-150.0,79637.76,79487.76,79487.76,79937.76
BTC/USD,long,2026-09-05T04:25:05.470Z,2026-09-05T16:28:01.552Z,12.049,tp_hit,TP,4,1062.03,316.1,79570.04,79886.12,79412,79886.12
XAU/USD,short,2026-09-09T17:16:14.073Z,2026-09-09T19:04:09.403Z,1.799,tp_hit,TP,4,560.0,1400.0,4415.94501,4401.94501,4422.94501,4401.94501
NZD/USD,short,2026-09-09T13:05:24.676Z,2026-09-09T19:07:07.566Z,6.029,tp_hit,TP,4,495.0,19.8,0.58563,0.58365,0.58662,0.58365
EUR/GBP,short,2026-06-25T00:01:14.597Z,2026-06-25T04:25:04.984Z,4.397,sl_hit,SL,4,28.61,1.0,0.86247,0.86237,0.86237,0.86081
AUD/JPY,short,2026-06-24T23:51:03.599Z,2026-06-25T04:25:05.588Z,4.567,sl_hit,SL,4,10.05,1.0,111.60073,111.591,111.591,111.13667
AUD/NZD,short,2026-06-24T23:51:30.552Z,2026-06-25T04:45:06.165Z,4.893,sl_hit,SL,4,11.85,1.0,1.22228,1.22218,1.22218,1.21828
USD/JPY,long,2026-04-30T13:30:26.423Z,2026-04-30T14:10:05.295Z,0.661,sl_hit,SL,,22.89,6.9,156.709,156.778,156.778,157.159555
CAD/CHF,short,2026-06-25T15:47:52.415Z,2026-06-25T21:25:09.546Z,5.621,sl_hit,SL,4,46.93,1.0,0.5703,0.5702,0.5702,0.56828
GBP/USD,long,2026-06-01T10:00:32.646Z,2026-06-01T13:30:12.084Z,3.494,sl_hit,SL,24,-790.0,-15.8,1.34593,1.34435,1.34435,1.34909
EUR/USD,long,2026-06-01T14:40:16.545Z,2026-06-03T08:10:03.454Z,41.496,sl_hit,SL,24,34.0,1.0,1.16134,1.16144,1.16144,1.16712
ETH/USD,short,2026-06-04T13:40:08.445Z,2026-06-04T14:40:07.800Z,1.0,tp_hit,TP,24,200.03,1216.0,1788.0,1775.84,1794.08,1775.84
GBP/USD,long,2026-06-03T15:00:31.412Z,2026-06-04T15:10:06.264Z,24.16,sl_hit,SL,24,20.9,1.0,1.34374,1.34384,1.34384,1.34988
EUR/USD,long,2026-06-03T08:30:14.965Z,2026-06-04T19:10:04.203Z,34.664,sl_hit,SL,24,35.6,1.0,1.16121,1.16131,1.16131,1.16673
GBP/JPY,long,2026-06-03T19:50:23.662Z,2026-06-04T22:00:26.610Z,26.167,sl_hit,SL,24,16.98,1.0,214.78179,214.792,214.792,215.96893
AUD/USD,short,2026-09-02T06:20:17.033Z,2026-09-02T09:21:03.840Z,3.013,tp_hit,TP,4,219.6,18.0,0.71444,0.71264,0.71624,0.71264
EUR/USD,short,2026-09-18T10:00:04.008Z,2026-09-18T17:11:02.692Z,7.183,sl_hit,SL,4,43.5,5.0,1.14843,1.14793,1.14793,1.1365468
NZD/USD,long,2026-06-30T01:05:16.862Z,2026-06-30T14:55:11.889Z,13.832,tp_hit,TP,4,496.8,36.0,0.56462,0.56822,0.56686,0.56822
CAD/JPY,long,2026-06-29T14:17:46.508Z,2026-06-30T14:55:12.507Z,24.624,tp_hit,TP,4,486.55,50.0,113.87753,114.37753,114.226,114.37753
AUD/CHF,short,2026-06-30T13:56:39.630Z,2026-06-30T15:05:17.968Z,1.144,sl_hit,SL,4,-244.4,-11.2,0.55758,0.5587,0.5587,0.55534
GBP/USD,long,2026-06-30T12:55:09.008Z,2026-06-30T15:05:18.580Z,2.169,tp_hit,TP,4,492.88,48.8,1.32196,1.32684,1.32477,1.32684
AUD/NZD,short,2026-06-30T15:37:03.289Z,2026-07-01T02:10:14.562Z,10.553,tp_hit,TP,4,314.34,22.2,1.21815,1.21593,1.21742,1.21593
NZD/CHF,short,2026-06-30T04:36:06.463Z,2026-07-01T07:10:08.767Z,26.567,sl_hit,SL,4,-249.45,-20.0,0.45735,0.45935,0.45935,0.45335
USD/CHF,short,2026-06-30T17:05:39.629Z,2026-07-01T10:00:20.283Z,16.911,sl_hit,SL,4,-247.21,-15.9,0.80865,0.81024,0.81024,0.80547
XAU/USD,long,2026-07-01T09:40:20.081Z,2026-07-01T10:20:03.714Z,0.662,sl_hit,SL,4,261.96,396.9,3980.61687,3984.586,3984.586,3995.92319
EUR/GBP,short,2026-06-30T16:26:02.115Z,2026-07-01T11:10:06.971Z,18.735,sl_hit,SL,4,382.31,11.5,0.86146,0.86031,0.86031,0.85846
XAU/USD,long,2026-07-01T10:31:07.130Z,2026-07-01T11:20:08.164Z,0.817,tp_hit,TP,4,1028.31,2570.8,3985.81763,4011.52547,4001.65,4011.52547
XAU/USD,long,2026-07-01T11:30:36.399Z,2026-07-01T12:10:22.103Z,0.663,reverse_signal,OTHER,,26.37,202.8,4022.54913,4024.57756,,
USD/CAD,short,2026-07-01T00:00:33.154Z,2026-07-01T12:40:04.953Z,12.659,sl_hit,SL,4,-245.39,-18.0,1.42085,1.42265,1.42265,1.41725
USD/JPY,short,2026-05-06T07:25:08.426Z,2026-05-06T08:05:02.947Z,0.665,tp_hit,TP,,147.54,24.0,156.527505,156.287495,156.64751,156.287495
AUD/USD,short,2026-09-22T19:53:01.972Z,2026-09-22T21:37:01.313Z,1.733,sl_hit,SL,4,123.0,5.0,0.71194,0.71144,0.71144,0.70787
ETH/USD,long,2026-09-26T16:50:04.586Z,2026-09-26T21:37:00.914Z,4.782,sl_hit,SL,4,2.05,5.0,2691.23,2691.28,2691.28,2742.0568
GBP/JPY,short,2026-05-07T05:05:18.846Z,2026-05-07T09:05:07.601Z,3.997,sl_hit,SL,,-98.49,-35.0,212.59033,212.94033,212.94033,212.06533
GBP/JPY,short,2026-05-07T05:20:13.774Z,2026-05-07T09:20:04.679Z,3.997,sl_hit,SL,,-98.47,-35.0,212.65118,213.00118,213.00118,212.12618
EUR/USD,long,2026-05-07T05:35:09.236Z,2026-05-07T11:15:05.049Z,5.666,sl_hit,SL,,72.03,14.7,1.17525,1.17672,1.17672,1.17825
EUR/USD,long,2026-05-07T05:20:11.675Z,2026-05-07T11:15:12.293Z,5.917,sl_hit,SL,,71.05,14.5,1.17527,1.17672,1.17672,1.17827
EUR/GBP,long,2026-09-18T15:00:55.029Z,2026-09-18T19:25:01.675Z,4.402,sl_hit,SL,4,162.11,5.0,0.85767,0.85817,0.85817,0.86085
USD/JPY,short,2026-09-23T01:05:09.353Z,2026-09-23T05:07:01.739Z,4.031,sl_hit,SL,4,78.73,5.0,157.59663,157.547,157.547,157.1959116
ETH/USD,long,2026-09-27T13:25:05.463Z,2026-09-27T14:39:00.833Z,1.232,sl_hit,SL,4,-520.53,-1555.2,2705.9,2690.3478,2690.3478,2737.0044
US Oil,short,2026-04-28T14:01:22.318Z,2026-04-28T14:40:04.740Z,0.645,tp_hit,TP,,149.05,124.2,101.95984,100.717735,102.78791,100.717735
USD/CHF,short,2026-04-28T13:50:21.528Z,2026-04-28T19:40:03.947Z,5.828,sl_hit,SL,,19.5,3.5,0.79008,0.78973,0.78973,0.78738
AUD/USD,long,2026-04-30T04:50:12.332Z,2026-04-30T09:00:05.757Z,4.165,sl_hit,SL,,56.0,10.0,0.71184,0.71284,0.71284,0.71454
GBP/USD,short,2026-04-30T08:20:12.926Z,2026-04-30T10:30:06.132Z,2.165,sl_hit,SL,,-70.11,-17.1,1.34913,1.35084,1.35084,1.34538
CAD/JPY,long,2026-04-30T13:31:20.232Z,2026-04-30T15:00:07.956Z,1.48,tp_hit,TP,,148.4,37.5,114.64571,115.02071,114.778,115.02071
AUD/CHF,short,2026-06-30T04:16:30.806Z,2026-06-30T08:15:25.387Z,3.982,sl_hit,SL,4,-244.52,-9.8,0.556,0.55698,0.55698,0.55404
GBP/CAD,long,2026-06-29T16:48:45.835Z,2026-06-30T08:45:15.637Z,15.942,sl_hit,SL,4,8.29,1.0,1.88241,1.88251,1.88251,1.88841
USD/CHF,long,2026-04-30T14:30:30.227Z,2026-04-30T15:00:15.680Z,0.496,sl_hit,SL,,34.64,6.3,0.78239,0.78302,0.78302,0.78509
GBP/CHF,long,2026-06-28T23:11:04.820Z,2026-06-29T03:30:04.943Z,4.317,sl_hit,SL,4,25.32,1.0,1.06906,1.06916,1.06916,1.07296
GBP/JPY,short,2026-05-07T11:30:16.543Z,2026-05-08T05:20:01.470Z,17.829,sl_hit,SL,,2.71,1.0,212.87367,212.864,212.864,212.34867
USD/CAD,short,2026-06-28T22:20:16.067Z,2026-06-29T04:20:04.862Z,5.997,sl_hit,SL,4,27.69,1.0,1.41927,1.41917,1.41917,1.41577
ETH/USD,long,2026-05-09T20:50:05.554Z,2026-05-09T21:10:04.784Z,0.333,tp_hit,TP,,75.24,175.5,2328.4,2330.155,2328.41,2330.155
BTC/USD,long,2026-05-09T20:50:03.412Z,2026-05-09T21:40:01.773Z,0.833,sl_hit,SL,,0.7,1.0,80784.26,80785.3,80785.3,81009.26
ETH/USD,long,2026-05-09T23:55:03.832Z,2026-05-10T00:05:01.617Z,0.166,sl_hit,SL,,-9.94,-23.0,2327.21,2326.98,2326.98,2327.555
USD/CAD,short,2026-05-08T16:41:05.552Z,2026-05-10T04:45:01.270Z,36.065,prop_firm_emergency,OTHER,,84.0,,1.36864,1.36752,,
AUD/JPY,short,2026-06-30T01:17:10.334Z,2026-06-30T09:15:10.240Z,7.967,sl_hit,SL,4,-494.29,-26.9,111.46473,111.7339425,111.7339425,110.926305
EUR/GBP,long,2026-06-30T09:45:26.902Z,2026-06-30T10:05:22.725Z,0.332,reverse_signal,OTHER,,108.32,3.3,0.86078,0.86111,,
EUR/GBP,short,2026-06-30T11:05:21.116Z,2026-06-30T12:55:04.088Z,1.829,sl_hit,SL,4,-241.24,-7.9,0.86147,0.86226,0.86226,0.85989
EUR/USD,long,2026-05-14T18:10:01.665Z,2026-05-15T01:00:04.339Z,6.834,sl_hit,SL,24,-990.25,-21.2,1.167625,1.1655,1.1655,1.1708125
EUR/CAD,long,2026-06-28T21:02:30.493Z,2026-06-29T07:15:11.566Z,10.211,sl_hit,SL,4,19.6,1.0,1.61722,1.61732,1.61732,1.62222
USD/CAD,short,2026-05-08T16:30:19.694Z,2026-05-10T04:45:01.312Z,36.245,prop_firm_emergency,OTHER,,73.5,,1.3685,1.36752,,
EUR/USD,long,2026-05-10T21:40:01.831Z,2026-05-12T01:05:01.991Z,27.417,sl_hit,SL,,2.6,1.0,1.17701,1.17711,1.17711,1.18198
EUR/CAD,short,2026-05-10T21:50:14.139Z,2026-05-12T01:55:03.667Z,28.08,sl_hit,SL,,4.09,1.0,1.61031,1.61021,1.61021,1.60657
EUR/AUD,short,2026-05-12T06:05:00.995Z,2026-05-12T06:45:01.846Z,0.667,sl_hit,SL,,-708.98,-19.6,1.626995,1.62896,1.62896,1.6240475
EUR/AUD,short,2026-05-14T00:10:03.127Z,2026-05-14T05:55:02.926Z,5.75,tp_hit,TP,,964.07,26.6,1.61586,1.613205,1.61444,1.613205
GBP/CAD,long,2026-06-28T22:22:11.298Z,2026-06-29T05:50:06.738Z,7.465,tp_hit,TP,4,327.76,18.6,1.87235,1.87421,1.87309,1.87421
USD/JPY,long,2026-09-24T02:45:25.834Z,2026-09-24T06:40:01.024Z,3.91,tp_hit,TP,4,975.5,61.8,157.8156,158.4338756,157.866,158.4338756
BTC/USD,long,2026-09-27T22:10:05.954Z,2026-09-28T00:35:01.543Z,2.415,sl_hit,SL,4,4.5,5.0,84390.0,84395.0,84395,85546.8412
GBP/CAD,short,2026-07-08T14:05:08.598Z,2026-07-08T17:15:04.211Z,3.165,sl_hit,SL,4,-265.58,-25.6,1.89548,1.89804,1.89804,1.89036
NZD/USD,long,2026-07-08T13:45:28.467Z,2026-07-09T01:35:01.442Z,11.826,sl_hit,SL,4,425.86,19.9,0.56987,0.57186,0.57186,0.57347
ETH/USD,short,2026-07-09T04:45:09.649Z,2026-07-09T06:00:43.745Z,1.259,sl_hit,SL,24,-104.61,-548.0,1739.37,1744.85,1744.85,1728.41
EUR/CHF,long,2026-06-25T22:17:16.000Z,2026-06-26T03:45:14.562Z,5.466,sl_hit,SL,4,-395.14,-6.4,0.92121,0.92057,0.92057,0.92249
NZD/USD,short,2026-06-25T21:15:28.021Z,2026-06-26T05:35:04.308Z,8.327,sl_hit,SL,4,335.16,12.6,0.5657,0.56444,0.56444,0.5621
EUR/CAD,short,2026-06-25T15:36:28.493Z,2026-06-26T06:15:08.908Z,14.645,sl_hit,SL,4,301.18,14.3,1.61628,1.61485,1.61485,1.61174
GBP/AUD,long,2026-06-25T20:18:16.678Z,2026-06-26T06:35:03.551Z,10.28,sl_hit,SL,4,652.99,54.1,1.90967,1.91508,1.91508,1.91767
EUR/CAD,short,2026-06-26T06:26:03.491Z,2026-06-26T07:45:07.536Z,1.318,sl_hit,SL,4,-225.48,-12.8,1.61451,1.61579,1.61579,1.61195
AUD/USD,long,2026-07-02T17:25:20.337Z,2026-07-03T10:45:05.857Z,17.329,sl_hit,SL,4,227.52,15.8,0.6922,0.69378,0.69378,0.6958
GBP/CAD,long,2026-07-03T10:05:07.399Z,2026-07-03T13:15:09.304Z,3.167,sl_hit,SL,4,674.67,27.3,1.89373,1.89646,1.89646,1.89787
EUR/AUD,short,2026-07-03T11:35:05.647Z,2026-07-05T21:00:32.723Z,57.424,reverse_signal,OTHER,,34.3,4.3,1.65031,1.64988,,
EUR/AUD,long,2026-07-05T21:20:04.997Z,2026-07-06T04:35:01.348Z,7.249,sl_hit,SL,4,440.68,27.4,1.64658,1.64932,1.64932,1.65306
GBP/USD,long,2026-07-03T09:15:14.959Z,2026-07-06T07:05:07.426Z,69.831,sl_hit,SL,4,-232.56,-22.8,1.33566,1.33338,1.33338,1.34022
USD/CAD,short,2026-07-03T12:15:18.204Z,2026-07-06T08:35:01.737Z,68.329,sl_hit,SL,4,-257.08,-22.3,1.42033,1.42256,1.42256,1.41587
GBP/NZD,short,2026-05-14T00:10:04.105Z,2026-05-14T06:15:02.588Z,6.083,tp_hit,TP,,1082.02,36.5,2.28091,2.277265,2.27861,2.277265
XAU/USD,short,2026-05-14T07:15:04.689Z,2026-05-14T07:35:01.138Z,0.332,sl_hit,SL,24,-948.4,-439.1,4697.74006,4702.13079,4702.13079,4691.153965
XAU/USD,short,2026-05-14T04:50:03.501Z,2026-05-14T07:45:03.858Z,2.917,sl_hit,SL,24,-996.9,-1132.8,4697.74006,4709.06849,4709.06849,4680.747415
XAG/USD,long,2026-05-14T09:15:04.176Z,2026-05-14T09:50:09.579Z,0.585,tp_hit,TP,24,1494.32,241.0,87.05762,87.29864,86.89694,87.29864
CHF/JPY,short,2026-09-28T02:25:12.619Z,2026-09-28T06:38:01.941Z,4.214,tp_hit,TP,4,1003.51,63.2,190.20357,189.571346,190.154,189.571346
XAU/USD,short,2026-09-02T11:50:20.120Z,2026-09-02T12:04:06.086Z,0.229,sl_hit,SL,4,-278.97,-593.5,4327.00646,4332.94194,4332.94194,4321.07098
AUD/USD,short,2026-09-04T20:06:09.715Z,2026-09-07T06:36:00.933Z,58.498,sl_hit,SL,4,-315.0,-8.4,0.72073,0.72157,0.72157,0.71905
GBP/CAD,short,2026-04-30T14:41:04.116Z,2026-05-01T12:40:01.462Z,21.983,sl_hit,SL,,3.32,1.0,1.84888,1.84878,1.84878,1.84438
USD/JPY,long,2026-05-01T12:31:24.472Z,2026-05-01T17:40:03.915Z,5.144,tp_hit,TP,,194.28,50.0,156.47372,156.97372,156.798,156.97372
AUD/JPY,short,2026-05-04T00:31:07.406Z,2026-05-04T03:50:04.200Z,3.316,tp_hit,TP,,201.65,50.0,113.16098,112.66098,113.41098,112.66098
USD/JPY,short,2026-05-04T06:20:10.568Z,2026-05-04T09:30:05.384Z,3.165,sl_hit,SL,,-80.54,-19.2,156.8123975,157.004,157.004,156.3311525
BTC/USD,short,2026-07-15T04:35:02.059Z,2026-07-15T13:10:28.110Z,8.591,sl_hit,SL,24,-105.27,-363.0,64802.0,65165.01,65165.01,64075.98
USD/CAD,long,2026-07-06T23:25:09.739Z,2026-07-07T13:35:11.650Z,14.167,sl_hit,SL,4,131.58,8.2,1.42049,1.42131,1.42131,1.42373
GBP/CAD,long,2026-07-07T13:25:06.175Z,2026-07-07T14:15:15.147Z,0.836,sl_hit,SL,4,-532.07,-30.0,1.90237,1.89937,1.89937,1.90837
EUR/USD,long,2026-05-14T09:35:01.165Z,2026-05-14T13:40:04.252Z,4.084,sl_hit,SL,24,-952.5,-19.1,1.171005,1.1691,1.1691,1.1738625
NZD/CAD,short,2026-09-28T02:45:14.176Z,2026-09-28T06:47:01.122Z,4.03,sl_hit,SL,4,88.32,5.0,0.80217,0.80167,0.80167,0.797512
USD/CAD,short,2026-07-02T10:55:04.325Z,2026-07-02T12:45:09.961Z,1.835,tp_hit,TP,4,1009.31,36.0,1.42057,1.41697,1.42237,1.41697
CAD/JPY,long,2026-05-04T04:21:25.293Z,2026-05-04T13:20:06.199Z,8.978,sl_hit,SL,,52.73,12.9,115.2346,115.364,115.364,115.66707
BTC/USD,long,2026-05-04T13:11:23.969Z,2026-05-04T14:10:01.562Z,0.977,sl_hit,SL,,-73.59,-144.3,78888.0,78743.7,78743.7,79287.12
NZD/USD,long,2026-05-04T15:00:35.312Z,2026-05-04T16:00:15.532Z,0.995,sl_hit,SL,,-101.4,-15.6,0.58894,0.58738,0.58738,0.59206
GBP/JPY,long,2026-05-04T15:40:23.776Z,2026-05-04T19:05:01.077Z,3.41,sl_hit,SL,,-60.04,-20.9,212.7895,212.58,212.58,213.4895
EUR/AUD,long,2026-06-28T22:12:02.300Z,2026-06-29T02:30:07.846Z,4.302,sl_hit,SL,4,366.07,19.1,1.65099,1.6529,1.6529,1.65611
USD/CAD,short,2026-07-27T06:15:06.336Z,2026-07-27T14:26:33.226Z,8.191,sl_hit,SL,4,-538.75,-19.2,1.40946,1.41138,1.41138,1.40562
GBP/USD,long,2026-07-27T13:15:19.314Z,2026-07-27T14:46:53.852Z,1.526,sl_hit,SL,4,-505.0,-10.1,1.33162,1.33061,1.33061,1.33364
GBP/USD,long,2026-07-27T16:35:11.787Z,2026-07-27T17:06:04.559Z,0.515,sl_hit,SL,4,-527.56,-10.9,1.33102,1.32993,1.32993,1.3332
GBP/CAD,long,2026-07-27T12:25:02.980Z,2026-07-27T17:07:34.737Z,4.709,sl_hit,SL,4,-537.56,-17.9,1.87803,1.87624,1.87624,1.88161
NZD/USD,short,2026-07-27T06:05:16.737Z,2026-07-28T03:20:35.561Z,21.255,sl_hit,SL,4,730.0,25.0,0.58013,0.57763,0.57763,0.5764
GBP/CAD,long,2026-07-27T21:25:04.132Z,2026-07-28T05:40:32.907Z,8.258,sl_hit,SL,4,-529.0,-21.1,1.87835,1.87624,1.87624,1.88257
CAD/JPY,long,2026-07-27T21:15:21.400Z,2026-07-28T11:06:41.324Z,13.856,partial_tp,OTHER,4,431.6,24.5,115.91697,116.16212,116.101,116.24491
USD/JPY,long,2026-09-02T10:00:34.492Z,2026-09-02T12:07:03.179Z,2.108,sl_hit,SL,4,-542.03,-25.0,159.83542,159.58542,159.58542,160.08542
AUD/USD,short,2026-09-02T11:40:23.478Z,2026-09-02T13:27:01.151Z,1.777,sl_hit,SL,4,-271.8,-18.0,0.71407,0.71587,0.71587,0.71227
BTC/USD,short,2026-09-02T20:50:10.646Z,2026-09-02T22:27:01.880Z,1.614,tp_hit,TP,4,1080.19,390.0,77425.02,77035.06,77149.8,77035.06
XAU/USD,short,2026-06-15T12:20:19.970Z,2026-06-15T12:30:09.054Z,0.164,sl_hit,SL,24,-373.08,-666.2,4326.88454,4333.54667,4333.54667,4313.56028
XAU/USD,long,2026-06-15T17:11:12.001Z,2026-06-15T17:40:01.774Z,0.48,sl_hit,SL,4,-244.91,-680.3,4334.77208,4327.9689575,4327.9689575,4348.378325
XAG/USD,long,2026-06-15T18:01:48.535Z,2026-06-15T18:10:05.758Z,0.138,sl_hit,SL,4,-243.47,-128.1,70.12474,69.9966,69.9966,70.38102
GBP/USD,long,2026-06-15T19:20:10.943Z,2026-06-16T00:00:02.012Z,4.664,sl_hit,SL,4,8.2,1.0,1.34155,1.34165,1.34165,1.34745
BTC/USD,long,2026-06-15T22:30:10.622Z,2026-06-16T02:20:01.267Z,3.831,sl_hit,SL,4,1.53,1.0,66131.34,66132.3,66132.3,66431.34
BTC/USD,long,2026-06-17T08:51:22.046Z,2026-06-17T11:10:05.686Z,2.312,sl_hit,SL,4,-239.91,-218.1,64865.25,64647.15321429,64647.15321429,65301.44357143
BTC/USD,short,2026-06-17T16:12:03.679Z,2026-06-17T16:20:10.510Z,0.135,sl_hit,SL,4,-241.02,-231.7,65675.31,65907.05892857,65907.05892857,65131.8
BTC/USD,short,2026-06-17T16:42:33.735Z,2026-06-17T18:05:10.012Z,1.377,tp_hit,TP,4,487.5,566.9,65970.15,65403.29357143,66253.57821429,65403.29357143
NZD/CAD,short,2026-09-28T12:05:11.205Z,2026-09-28T16:29:01.781Z,4.397,sl_hit,SL,4,-354.57,-20.1,0.80249,0.804499,0.804499,0.798472
EUR/JPY,long,2026-06-17T11:10:19.429Z,2026-06-17T18:15:23.210Z,7.084,sl_hit,SL,4,-241.74,-34.6,185.8026,185.45626,185.45626,186.49528
AUD/CHF,short,2026-06-16T09:07:03.468Z,2026-06-17T18:55:01.274Z,33.799,sl_hit,SL,4,12.06,1.0,0.56167,0.56157,0.56157,0.55767
EUR/NZD,long,2026-06-18T08:46:05.659Z,2026-06-18T13:35:09.948Z,4.818,sl_hit,SL,4,-481.4,-33.2,1.9902,1.98688,1.98688,1.99684
AUD/USD,long,2026-06-03T18:50:12.488Z,2026-06-05T00:00:10.457Z,29.166,sl_hit,SL,24,23.8,1.0,0.71316,0.71326,0.71326,0.72022
ETH/USD,short,2026-06-04T15:00:30.681Z,2026-06-05T03:00:10.808Z,11.994,tp_hit,TP,24,204.09,3880.0,1774.68,1735.88,1774.67,1735.88
GBP/JPY,long,2026-06-05T19:10:11.780Z,2026-06-07T21:40:12.441Z,50.5,sl_hit,SL,24,24.01,1.0,213.55982,213.57,213.57,214.08482
USD/JPY,long,2026-06-05T06:50:08.133Z,2026-06-08T12:50:01.188Z,77.998,sl_hit,SL,24,16.54,1.0,159.94645,159.956,159.956,161.08737
EUR/JPY,short,2026-06-08T14:16:55.709Z,2026-06-09T13:00:20.513Z,22.724,sl_hit,SL,24,-737.27,-63.5,184.7659,185.40087,185.40087,183.813445
EUR/USD,short,2026-06-11T02:40:06.138Z,2026-06-11T17:35:03.329Z,14.916,sl_hit,SL,24,408.0,30.0,1.15482,1.15182,1.15182,1.14946
GBP/USD,short,2026-06-11T18:50:09.662Z,2026-06-14T21:20:02.278Z,74.498,sl_hit,SL,24,4.4,1.0,1.34014,1.34004,1.34004,1.32326
XAU/USD,short,2026-06-15T11:50:16.560Z,2026-06-15T12:00:12.932Z,0.166,sl_hit,SL,24,-47.04,-54.7,4332.99966,4333.54667,4333.54667,4331.90564
GBP/JPY,short,2026-09-03T08:00:48.940Z,2026-09-03T08:58:01.354Z,0.953,tp_hit,TP,4,550.01,70.0,212.10393,211.40393,211.585,211.40393
XAU/USD,short,2026-09-03T09:01:19.690Z,2026-09-03T09:10:07.233Z,0.147,sl_hit,SL,4,-550.64,-302.6,4435.62228,4438.6478,4438.6478,4429.57124
XAU/USD,short,2026-09-03T09:30:29.001Z,2026-09-03T09:43:01.270Z,0.209,sl_hit,SL,4,457.52,262.9,4435.51442,4432.885,4432.885,4429.24766
BTC/USD,short,2026-09-03T11:20:04.763Z,2026-09-03T12:16:16.375Z,0.937,sl_hit,SL,4,-270.41,-153.6,77921.82,78075.46,78075.46,77614.54
NZD/USD,short,2026-09-03T07:20:11.597Z,2026-09-03T12:57:01.316Z,5.614,sl_hit,SL,4,-232.2,-18.0,0.58645,0.58825,0.58825,0.58285
USD/CAD,short,2026-07-27T14:55:16.181Z,2026-07-28T17:12:38.469Z,26.29,sl_hit,SL,4,486.97,16.5,1.41132,1.40967,1.40967,1.40772
USD/JPY,short,2026-08-10T13:21:06.707Z,2026-08-10T18:21:19.474Z,5.004,sl_hit,SL,24,-494.74,-25.0,158.92156,159.17156,159.17156,158.43187688
AUD/CAD,long,2026-08-06T12:21:06.867Z,2026-08-10T20:10:09.865Z,103.817,sl_hit,SL,24,-884.23,-24.7,0.98573,0.983265,0.983265,0.99066
EUR/CHF,long,2026-08-07T12:42:04.069Z,2026-08-13T19:50:14.074Z,151.136,tp_hit,TP,24,2272.2,52.2,0.93382,0.93904,0.93121,0.93904
EUR/USD,short,2026-08-04T11:25:29.778Z,2026-08-17T07:10:33.638Z,307.751,sl_hit,SL,24,-1122.55,-78.5,1.15194,1.15979,1.159705,1.13641
USD/JPY,short,2026-08-26 06:41:14.049833+00,2026-08-26 12:45:03.304+00,6.064,sl_hit,SL,,-88.38830877,-5.64,159.11953,159.17593,159.16832500,158.73433000
BTC/USD,long,2026-09-01T15:15:53.084Z,2026-09-01 15:48:25.842+00,0.542,broker_closed,OTHER,4,551.92,199.97,77787.81,77987.78,77642.01000000,77989.25000000
BTC/USD,long,2026-09-01T15:25:16.452Z,2026-09-01 16:03:19.824734+00,0.634,cancelled_unmirrored,OTHER,4,0.0,0.0,77832.4,77832.4,77675.04000000,77989.76000000
BTC/USD,long,2026-09-09T19:05:39.462Z,2026-09-09T22:10:16.537Z,3.077,sl_hit,SL,4,-544.62,-432.2,78392.27,77960.03,77960.03,79256.75
XAU/USD,short,2026-09-10T02:15:20.007Z,2026-09-10T05:34:04.122Z,3.312,sl_hit,SL,4,-273.38,-738.9,4415.75136,4423.14002,4423.14002,4400.97404
BTC/USD,long,2026-09-10T01:05:12.915Z,2026-09-10T07:35:02.378Z,6.497,sl_hit,SL,4,-545.27,-320.8,78280.78,77960.03,77960.03,78922.28
EUR/JPY,short,2026-06-16T07:20:22.167Z,2026-06-16T08:55:02.829Z,1.578,sl_hit,SL,4,-236.74,-20.6,185.81659,186.02287,186.02287,185.40403
CHF/JPY,long,2026-06-16T06:02:42.533Z,2026-06-16T14:15:18.810Z,8.21,tp_hit,TP,4,476.9,50.0,201.44331,201.94331,201.453,201.94331
NZD/CHF,long,2026-06-16T07:42:04.154Z,2026-06-16T20:10:04.456Z,12.467,sl_hit,SL,4,25.97,1.0,0.46251,0.46261,0.46261,0.46433
NZD/USD,short,2026-09-10T06:05:20.576Z,2026-09-10T12:37:02.651Z,6.528,tp_hit,TP,4,540.0,50.0,0.58551,0.58051,0.58801,0.58051
EUR/AUD,short,2026-06-16T15:57:04.444Z,2026-06-17T05:50:05.259Z,13.884,sl_hit,SL,4,-241.09,-35.2,1.64126,1.64478,1.64478,1.63422
GBP/JPY,short,2026-09-10T15:45:35.032Z,2026-09-11T00:58:01.657Z,9.207,sl_hit,SL,4,-542.97,-45.6,208.43301,208.889215,208.889215,207.5206
XAU/USD,long,2026-06-17T09:01:23.382Z,2026-06-17T09:30:04.475Z,0.478,tp_hit,TP,4,487.71,659.1,4324.98328,4331.57396,4321.68794,4331.57396
GBP/USD,short,2026-06-19T16:30:40.568Z,2026-06-19T21:00:38.789Z,4.5,sl_hit,SL,4,36.4,1.0,1.32271,1.32261,1.32261,1.32009
GBP/JPY,long,2026-04-30T08:20:22.822Z,2026-04-30T08:50:10.275Z,0.497,sl_hit,SL,,-100.84,-35.0,215.9671,215.6171,215.6171,216.4921
USD/CAD,short,2026-07-16T16:20:24.866Z,2026-07-16T17:10:00.846Z,0.827,sl_hit,SL,4,-209.86,-11.8,1.4041,1.40528,1.40528,1.40174
ETH/USD,short,2026-07-09T09:00:05.349Z,2026-07-09T11:00:06.932Z,2.0,tp_hit,TP,24,207.11,660.0,1753.9,1747.3,1757.2,1747.3
GBP/USD,long,2026-07-09T11:00:31.295Z,2026-07-09T19:50:01.048Z,8.825,sl_hit,SL,4,232.8,12.0,1.33951,1.34071,1.34071,1.34451
AUD/USD,short,2026-07-09T10:00:35.905Z,2026-07-10T01:20:01.354Z,15.324,sl_hit,SL,4,-505.0,-10.1,0.69377,0.69478,0.69478,0.69175
AUD/USD,short,2026-07-09T19:50:11.217Z,2026-07-10T01:20:02.685Z,5.498,sl_hit,SL,4,-210.0,-8.4,0.69394,0.69478,0.69478,0.69226
EUR/AUD,long,2026-07-21T05:30:10.860Z,2026-07-21T05:40:02.468Z,0.164,tp_hit,TP,4,-501.47,-16.6,1.62899,1.62733,1.62723,1.62733
XAU/USD,long,2026-07-06T10:05:19.665Z,2026-07-06T11:25:04.668Z,1.329,tp_hit,TP,4,533.5,1270.2,4143.03327,4155.73569,4151.371,4155.73569
GBP/CAD,long,2026-07-05T22:10:04.141Z,2026-07-06T13:45:19.873Z,15.588,sl_hit,SL,4,317.84,18.6,1.89652,1.89838,1.89838,1.90262
EUR/AUD,long,2026-07-21T05:50:06.573Z,2026-07-21T06:00:10.949Z,0.168,tp_hit,TP,4,-422.46,-19.7,1.6293,1.62733,1.6268,1.62733
EUR/AUD,long,2026-07-21T06:10:06.747Z,2026-07-21T06:20:11.233Z,0.168,tp_hit,TP,4,-257.87,-12.1,1.62854,1.62733,1.62604,1.62733
GBP/CAD,long,2026-07-06T15:25:29.870Z,2026-07-06T17:55:06.622Z,2.494,tp_hit,TP,4,514.55,30.6,1.89905,1.90211,1.90098,1.90211
GBP/CAD,long,2026-07-21T15:40:15.131Z,2026-07-21T16:45:10.953Z,1.082,tp_hit,TP,4,429.5,14.1,1.88555,1.886965,1.88382,1.886965
AUD/USD,short,2026-07-21T13:00:59.713Z,2026-07-22T01:05:05.727Z,12.068,sl_hit,SL,4,266.4,9.0,0.70161,0.70071,0.70071,0.69801
EUR/AUD,long,2026-07-22T00:55:25.141Z,2026-07-22T01:05:06.937Z,0.162,sl_hit,SL,4,-227.84,-6.5,1.6283,1.62765,1.62765,1.6296
AUD/USD,short,2026-07-22T01:55:11.714Z,2026-07-22T13:25:01.755Z,11.497,sl_hit,SL,4,445.5,15.0,0.7007,0.6992,0.6992,0.6971
EUR/AUD,long,2026-07-23T03:45:31.855Z,2026-07-23T07:05:04.086Z,3.326,tp_hit,TP,4,538.94,26.0,1.62891,1.63151,1.62632,1.63151
XAU/USD,short,2026-07-06T21:55:10.119Z,2026-07-06T22:05:11.044Z,0.167,sl_hit,SL,4,-65.0,-50.0,4165.22238,4165.72238,4165.72238,4164.22238
GBP/CAD,long,2026-07-22T11:45:07.357Z,2026-07-23T07:15:08.882Z,19.5,sl_hit,SL,4,-537.66,-30.0,1.88368,1.88068,1.88068,1.88968
EUR/AUD,short,2026-07-02T07:45:13.061Z,2026-07-02T14:15:12.372Z,6.5,sl_hit,SL,4,206.46,24.6,1.65393,1.65147,1.65147,1.64781
CAD/JPY,short,2026-07-02T22:05:10.256Z,2026-07-02T22:45:04.114Z,0.665,sl_hit,SL,4,-309.75,-10.0,113.59384,113.69375,113.69375,113.39402
XAU/USD,long,2026-07-13T10:15:29.421Z,2026-07-13T10:45:01.217Z,0.492,sl_hit,SL,4,-550.66,-1123.8,4067.51941,4056.28146,4056.28146,4089.99531
BTC/USD,long,2026-07-13T09:35:22.183Z,2026-07-13T11:00:06.993Z,1.412,sl_hit,SL,4,-532.33,-186.1,63033.42,62847.29,62847.29,63405.68
AUD/USD,long,2026-07-13T09:05:15.690Z,2026-07-13T16:35:13.803Z,7.499,sl_hit,SL,4,-417.6,-17.4,0.69419,0.69245,0.69245,0.69767
EUR/AUD,short,2026-07-13T19:40:15.474Z,2026-07-14T05:07:02.760Z,9.446,tp_hit,TP,4,998.54,28.8,1.64607,1.64319,1.64437,1.64319
USD/CAD,short,2026-07-13T09:45:12.469Z,2026-07-14T08:50:07.553Z,23.082,tp_hit,TP,4,812.4,44.2,1.41435,1.40993,1.4114,1.40993
AUD/USD,long,2026-06-26T07:56:02.273Z,2026-06-26T15:00:37.437Z,7.076,sl_hit,SL,4,410.04,15.3,0.68898,0.69051,0.69051,0.69258
GBP/JPY,long,2026-07-14T09:01:10.933Z,2026-07-15T08:50:02.934Z,23.814,sl_hit,SL,4,626.84,40.9,217.03938,217.448,217.448,217.73938
USD/JPY,long,2026-07-16T05:10:19.151Z,2026-07-16T14:50:07.042Z,9.663,tp_hit,TP,4,473.62,30.8,162.10936,162.41706,162.294,162.41706
GBP/USD,long,2026-05-07T05:50:12.084Z,2026-05-07T11:15:19.413Z,5.419,sl_hit,SL,,72.93,18.7,1.35978,1.36165,1.36165,1.36353
USD/JPY,short,2026-05-07T11:15:35.913Z,2026-05-07T17:05:05.738Z,5.825,sl_hit,SL,,-95.75,-25.0,156.39041,156.64041,156.64041,156.01541
AUD/USD,short,2026-05-07T10:05:13.402Z,2026-05-07T17:35:06.750Z,7.498,tp_hit,TP,,143.1,27.0,0.72618,0.72348,0.72453,0.72348
AUD/USD,short,2026-05-07T09:50:14.919Z,2026-05-07T17:35:07.394Z,7.748,tp_hit,TP,,143.1,27.0,0.72619,0.72349,0.72453,0.72349
GBP/USD,long,2026-05-07T19:20:13.770Z,2026-05-07T22:05:04.780Z,2.748,sl_hit,SL,,-100.0,-25.0,1.35786,1.35536,1.35536,1.36161
GBP/JPY,short,2026-05-07T11:15:29.451Z,2026-05-08T02:05:01.406Z,14.826,sl_hit,SL,,56.14,20.5,212.9449,212.74,212.74,212.4199
EUR/AUD,short,2026-05-05T03:35:07.962Z,2026-05-05T05:05:01.028Z,1.498,sl_hit,SL,,-4.53,-1.0,1.6327325,1.63283,1.63283,1.6284975
USD/JPY,short,2026-05-04T13:10:10.044Z,2026-05-05T09:05:00.999Z,19.914,sl_hit,SL,,-74.03,-17.4,157.141065,157.315,157.315,156.669975
XAU/USD,short,2026-05-05T01:56:14.276Z,2026-05-05T11:45:07.722Z,9.815,sl_hit,SL,,-43.22,-2160.9,4540.10134,4561.71,4561.71,4455.2157
AUD/USD,short,2026-05-05T11:05:09.493Z,2026-05-05T13:15:04.149Z,2.165,sl_hit,SL,,-80.08,-14.0,0.716715,0.71812,0.71812,0.713265
GBP/CAD,short,2026-05-05T12:25:12.663Z,2026-05-05T15:00:21.259Z,2.586,sl_hit,SL,,-97.91,-23.8,1.84415,1.84653,1.84653,1.83939
USD/JPY,short,2026-05-05T12:35:09.532Z,2026-05-05T18:35:00.968Z,5.998,sl_hit,SL,,-65.41,-15.0,157.7373,157.887,157.887,157.28768
USD/JPY,short,2026-05-05T22:35:09.461Z,2026-05-06T02:35:00.982Z,3.998,sl_hit,SL,,56.23,14.1,157.889835,157.749,157.749,157.409465
GBP/CAD,long,2026-06-26T10:51:06.154Z,2026-06-26T16:00:38.787Z,5.159,sl_hit,SL,4,12.13,1.0,1.87489,1.87499,1.87499,1.88293
NZD/JPY,short,2026-06-26T04:06:19.859Z,2026-06-26T19:00:38.497Z,14.905,sl_hit,SL,4,19.9,1.0,91.19645,91.186,91.186,90.69645
EUR/CHF,short,2026-06-26T14:02:34.723Z,2026-06-26T19:05:48.659Z,5.054,sl_hit,SL,4,32.6,1.0,0.92182,0.92172,0.92172,0.91884
GBP/CAD,long,2026-06-26T16:51:13.508Z,2026-06-26T20:03:05.030Z,3.198,sl_hit,SL,4,-244.04,-24.2,1.87436,1.87194,1.87194,1.8792
GBP/CHF,short,2026-06-26T19:08:06.851Z,2026-06-26T20:30:21.196Z,1.371,sl_hit,SL,4,25.7,1.0,1.06873,1.06863,1.06863,1.06685
EUR/JPY,long,2026-06-26T16:42:17.633Z,2026-06-26T21:01:44.344Z,4.324,sl_hit,SL,4,5.81,1.0,184.15356,184.164,184.164,185.0473
NZD/CAD,short,2026-06-26T14:12:31.726Z,2026-06-26T21:05:58.329Z,6.891,sl_hit,SL,4,205.0,14.4,0.80191,0.80047,0.80047,0.79853
EUR/AUD,long,2026-06-26T17:03:07.385Z,2026-06-28T21:10:06.822Z,52.117,sl_hit,SL,4,275.8,23.0,1.65045,1.65275,1.65275,1.65449
GBP/USD,long,2026-06-26T20:14:39.930Z,2026-06-28T21:20:03.648Z,49.09,sl_hit,SL,4,12.2,1.0,1.31998,1.32008,1.32008,1.324
GBP/USD,long,2026-06-28T21:30:15.076Z,2026-06-28T22:10:05.226Z,0.664,sl_hit,SL,4,29.2,1.0,1.31965,1.31975,1.31975,1.32301
AUD/JPY,long,2026-06-26T15:21:39.557Z,2026-06-29T00:50:04.027Z,57.473,sl_hit,SL,4,-486.84,-25.0,111.61829,111.36829,111.36829,112.11829
NZD/JPY,short,2026-06-28T21:12:02.636Z,2026-06-29T02:30:07.224Z,5.301,sl_hit,SL,4,20.31,1.0,91.29343,91.283,91.283,90.79323
BTC/USD,short,2026-09-08T16:15:52.078Z,2026-09-09T00:13:01.073Z,7.952,sl_hit,SL,4,4.92,3.0,78648.82,78645.8,78645.8,77982.46
BTC/USD,short,2026-09-09T03:05:14.038Z,2026-09-09T04:06:08.451Z,1.015,sl_hit,SL,4,-543.86,-246.1,78676.38,78922.47,78922.47,78184.2
EUR/USD,short,2026-09-09T02:25:03.279Z,2026-09-09T06:06:04.536Z,3.684,sl_hit,SL,4,-346.92,-8.4,1.16288,1.16372,1.16372,1.1612
AUD/USD,short,2026-09-07T14:50:51.947Z,2026-09-09T07:20:04.526Z,40.487,sl_hit,SL,4,-538.2,-18.0,0.72192,0.72372,0.72372,0.71832
NZD/USD,short,2026-09-07T14:10:57.595Z,2026-09-09T10:17:02.957Z,44.101,tp_hit,TP,4,1085.0,50.0,0.58835,0.58335,0.58469,0.58335
EUR/USD,short,2026-09-09T08:05:05.887Z,2026-09-09T10:40:09.118Z,2.584,sl_hit,SL,4,319.92,8.6,1.16393,1.16307,1.16307,1.16153
XAU/USD,short,2026-09-09T12:05:40.789Z,2026-09-09T13:21:07.925Z,1.258,sl_hit,SL,4,-553.03,-906.6,4405.30183,4414.36792,4414.36792,4387.16965
EUR/USD,short,2026-04-30T14:40:12.672Z,2026-04-30T15:00:22.656Z,0.336,sl_hit,SL,,-100.0,-20.0,1.17082,1.17282,1.17282,1.16782
USD/JPY,long,2026-04-30T17:30:25.827Z,2026-04-30T18:30:06.191Z,0.995,sl_hit,SL,,-63.07,-15.7,156.56554,156.409,156.409,156.94054
USD/CHF,long,2026-04-30T16:20:26.432Z,2026-04-30T18:50:02.148Z,2.493,sl_hit,SL,,-65.32,-11.6,0.78273,0.78157,0.78157,0.78543
EUR/JPY,short,2026-04-30T16:41:25.512Z,2026-04-30T23:20:01.594Z,6.643,sl_hit,SL,,-60.9,-18.0,183.72586,183.906,183.906,183.27586
EUR/USD,short,2026-04-30T16:00:31.626Z,2026-05-01T08:30:01.240Z,16.492,sl_hit,SL,,-74.0,-14.8,1.17296,1.17444,1.17444,1.16996
USD/JPY,long,2026-09-02T04:10:15.362Z,2026-09-02T05:48:01.428Z,1.629,sl_hit,SL,4,-268.87,-25.0,160.17873,159.92873,159.92873,160.47441712
EUR/USD,long,2026-09-01T12:05:18.860Z,2026-09-02T06:56:01.122Z,18.845,sl_hit,SL,4,-278.0,-20.0,1.15914,1.15714,1.15714,1.16114
EUR/USD,long,2026-09-01T12:15:28.929Z,2026-09-02T06:56:31.072Z,18.684,sl_hit,SL,4,-278.0,-20.0,1.15905,1.15705,1.15705,1.16105
XAU/USD,short,2026-09-02T07:00:44.236Z,2026-09-02T07:12:03.558Z,0.189,sl_hit,SL,4,-279.85,-682.6,4319.80086,4326.62656,4326.62656,4312.97516
USD/JPY,short,2026-09-08T09:00:51.516Z,2026-09-08T23:12:01.269Z,14.186,tp_hit,TP,4,541.09,60.2,154.20909,153.60687,154.5102,153.60687
GBP/JPY,short,2026-09-08T11:10:15.325Z,2026-09-08T23:13:01.126Z,12.046,tp_hit,TP,4,542.03,81.6,208.79879,207.98267,208.769,207.98267
GBP/USD,long,2026-07-10T12:35:12.790Z,2026-07-10T18:05:07.023Z,5.498,sl_hit,SL,4,-266.0,-20.0,1.34206,1.34006,1.34006,1.34606
EUR/AUD,long,2026-07-10T15:25:08.218Z,2026-07-10T21:05:03.989Z,5.665,sl_hit,SL,4,-528.79,-25.0,1.64368,1.64118,1.64118,1.64868
BTC/USD,long,2026-07-11T02:39:07.420Z,2026-07-11T14:40:06.078Z,12.016,tp_hit,TP,4,1047.0,300.0,64045.79,64345.79,64242.8,64345.79
BTC/USD,short,2026-07-10T17:15:11.885Z,2026-07-11T23:50:05.176Z,30.581,sl_hit,SL,24,0.27,3.0,63924.8,63921.8,63921.8,62674.42
ETH/USD,long,2026-07-12T10:05:03.860Z,2026-07-12T14:15:01.379Z,4.166,sl_hit,SL,4,481.0,481.0,1800.61,1805.42,1805.42,1808.81
BTC/USD,long,2026-07-12T10:05:23.366Z,2026-07-12T16:15:01.394Z,6.161,sl_hit,SL,4,478.0,181.8,63896.35,64078.1,64078.1,64196.35
EUR/AUD,short,2026-06-26T07:16:18.459Z,2026-06-26T07:45:08.528Z,0.481,sl_hit,SL,4,-473.59,-14.4,1.65001,1.65145,1.65145,1.64713
USD/JPY,long,2026-06-26T03:15:22.649Z,2026-06-26T08:30:17.952Z,5.249,sl_hit,SL,4,-233.06,-15.1,161.72921,161.57859,161.57859,162.03045
GBP/JPY,long,2026-09-01T15:06:15.134Z,2026-09-02T04:07:01.035Z,13.013,sl_hit,SL,4,-277.49,-35.0,216.62697,216.27697,216.27697,216.97697
GBP/JPY,long,2026-09-01T15:16:36.088Z,2026-09-02T04:09:01.015Z,12.874,sl_hit,SL,4,-277.52,-35.0,216.59673,216.24673,216.24673,216.94673
GBP/JPY,long,2026-09-01T15:35:32.948Z,2026-09-02T04:37:01.180Z,13.025,sl_hit,SL,4,-277.49,-35.0,216.56213,216.21213,216.21213,216.91213
GBP/JPY,long,2026-09-01T15:25:47.401Z,2026-09-02T04:47:02.229Z,13.354,sl_hit,SL,4,-277.53,-35.0,216.55052,216.20052,216.20052,216.90052
XAU/USD,short,2026-09-02T05:30:24.315Z,2026-09-02T05:33:02.974Z,0.044,sl_hit,SL,4,-282.15,-503.8,4311.64239,4316.68081,4316.68081,4306.60397
EUR/USD,long,2026-05-14T09:45:04.856Z,2026-05-14T13:40:04.804Z,3.917,sl_hit,SL,24,-856.25,-17.1,1.1708125,1.1691,1.1691,1.17338125
BTC/USD,short,2026-09-11T04:40:38.132Z,2026-09-11T08:32:05.293Z,3.858,sl_hit,SL,0,-273.43,-333.4,77114.0,77447.45,77447.45,76447.1
BTC/USD,short,2026-09-11T09:30:11.712Z,2026-09-11T11:47:01.426Z,2.28,sl_hit,SL,0,217.94,253.4,77186.02,76932.6,76932.6,76551.68
USD/CAD,short,2026-09-14T07:30:11.628Z,2026-09-14T12:35:01.237Z,5.08,sl_hit,SL,24,-539.84,-37.7,1.38762,1.391395,1.391395,1.38007
USD/CAD,short,2026-07-10T19:05:12.895Z,2026-07-12T19:15:04.709Z,48.164,sl_hit,SL,4,-262.74,-19.6,1.41532,1.41728,1.41728,1.4114
NZD/USD,long,2026-07-10T06:05:38.385Z,2026-07-12T23:05:03.290Z,64.99,sl_hit,SL,4,-267.86,-22.7,0.57717,0.5749,0.5749,0.58171
BTC/USD,long,2026-07-13T01:05:07.941Z,2026-07-13T01:35:01.074Z,0.498,sl_hit,SL,4,-536.92,-282.6,63972.0,63689.41,63689.41,64537.18
USD/CAD,short,2026-07-12T21:25:11.718Z,2026-07-13T08:15:09.189Z,10.833,tp_hit,TP,4,541.68,23.2,1.41612,1.4138,1.41525,1.4138
GBP/USD,long,2026-06-23T19:30:41.184Z,2026-06-24T00:30:08.605Z,4.991,sl_hit,SL,4,33.7,1.0,1.31968,1.31978,1.31978,1.32252
GBP/CAD,long,2026-08-06T22:02:55.661Z,2026-08-07T06:03:17.822Z,8.006,partial_tp,OTHER,24,215.07,11.7,1.88577,1.88694,1.88491,1.88749
GBP/CAD,long,2026-08-06T22:02:55.661Z,2026-08-07T06:04:02.033Z,8.018,partial_tp,OTHER,24,235.29,12.8,1.88577,1.88705,1.88491,1.88749
GBP/CAD,long,2026-08-06T22:02:55.661Z,2026-08-07T06:04:09.740Z,8.021,partial_tp,OTHER,24,235.29,12.8,1.88577,1.88705,1.88491,1.88749
EUR/CAD,short,2026-05-10T22:30:19.690Z,2026-05-12T01:55:00.941Z,27.411,sl_hit,SL,,4.09,1.0,1.61031,1.61021,1.61021,1.6064
NZD/USD,short,2026-05-27T04:05:12.009Z,2026-05-27T09:25:03.693Z,5.331,sl_hit,SL,24,-650.0,-13.0,0.58677,0.58807,0.58807,0.58417
EUR/USD,long,2026-04-29T13:00:24.969Z,2026-04-29T13:40:01.325Z,0.66,sl_hit,SL,,-61.2,-12.0,1.16992,1.16872,1.16872,1.17292
EUR/NZD,short,2026-05-14T00:20:03.138Z,2026-05-14T21:25:02.441Z,21.083,sl_hit,SL,24,28.68,1.0,1.9749075,1.97481,1.97481,1.96986375
EUR/NZD,short,2026-05-14T00:10:06.313Z,2026-05-14T21:25:03.368Z,21.249,sl_hit,SL,24,28.68,1.0,1.9749075,1.97481,1.97481,1.96986375
XAG/USD,long,2026-05-14T23:35:04.107Z,2026-05-15T00:00:09.934Z,0.418,sl_hit,SL,24,-965.08,-1135.4,84.530915,83.39553,83.39553,86.2339925
XAG/USD,long,2026-05-14T23:45:03.912Z,2026-05-15T00:00:14.479Z,0.253,sl_hit,SL,24,-968.61,-1139.5,84.530915,83.39137,83.39137,86.2402325
XAU/USD,short,2026-09-02T21:01:29.396Z,2026-09-02T23:07:02.722Z,2.093,sl_hit,SL,4,188.95,282.0,4388.9352,4386.115,4386.115,4380.70428
GBP/JPY,short,2026-09-02T16:50:27.240Z,2026-09-02T23:09:01.228Z,6.309,sl_hit,SL,4,180.93,23.4,214.38764,214.154,214.154,213.68764
GBP/NZD,long,2026-05-27T04:06:05.367Z,2026-05-27T09:25:07.392Z,5.317,sl_hit,SL,24,-1023.69,-72.5,2.29359,2.28634,2.28634,2.30809
CAD/JPY,short,2026-05-26T18:31:25.670Z,2026-05-27T16:05:05.630Z,21.561,sl_hit,SL,24,98.06,3.1,115.33128,115.3,115.3,115.06744
CAD/JPY,long,2026-04-28T14:11:10.687Z,2026-04-29T13:50:03.038Z,23.648,sl_hit,SL,,46.56,11.7,116.71948,116.836,116.836,117.09448
EUR/AUD,short,2026-04-29T14:40:22.323Z,2026-04-29T16:00:12.965Z,1.331,sl_hit,SL,,-70.7,-17.4,1.6384,1.64014,1.64014,1.63465
ETH/USD,long,2026-07-23T10:55:17.861Z,2026-07-23T11:05:01.581Z,0.162,sl_hit,SL,4,-70.0,-70.0,1928.29,1927.59,1927.59,1946.52
ETH/USD,long,2026-07-23T11:16:12.151Z,2026-07-23T12:20:02.716Z,1.064,sl_hit,SL,4,-46.16,-545.0,1927.56,1922.11,1922.11,1946.52
ETH/USD,long,2026-07-23T12:31:25.410Z,2026-07-23T12:40:03.499Z,0.144,sl_hit,SL,4,-20.0,-20.0,1919.1,1918.9,1918.9,1919.5
CAD/JPY,short,2026-07-23T11:15:34.166Z,2026-07-23T13:20:06.990Z,2.076,sl_hit,SL,4,-540.3,-25.0,116.02161,116.27161,116.27161,115.73636
GBP/AUD,short,2026-05-27T08:55:34.915Z,2026-05-28T01:45:04.667Z,16.825,sl_hit,SL,24,33.32,1.0,1.88286,1.88276,1.88276,1.87686
EUR/JPY,short,2026-05-27T00:35:14.880Z,2026-05-28T02:05:02.897Z,25.497,sl_hit,SL,24,15.97,1.0,185.30036,185.29,185.29,183.97154
EUR/USD,short,2026-05-27T00:24:48.073Z,2026-05-28T04:05:23.509Z,27.677,tp_hit,TP,24,2034.12,50.6,1.16388,1.15882,1.16064,1.15882
XAU/USD,short,2026-05-28T16:55:12.703Z,2026-05-29T09:20:03.645Z,16.414,sl_hit,SL,24,-1025.69,-2011.2,4507.72458,4527.83609464,4527.83609464,4433.41018
EUR/CHF,short,2026-05-27T08:16:03.296Z,2026-05-29T10:40:04.509Z,50.4,tp_hit,TP,24,1179.51,29.0,0.91468,0.91177576,0.91458,0.91177576
GBP/USD,long,2026-07-23T20:25:09.980Z,2026-07-24T17:10:05.280Z,20.749,sl_hit,SL,4,372.78,17.1,1.3316,1.33331,1.33331,1.3366
EUR/AUD,long,2026-07-24T14:40:08.433Z,2026-07-27T13:32:33.929Z,70.874,sl_hit,SL,4,-544.46,-28.1,1.6292,1.62639,1.62639,1.63482
AUD/JPY,long,2026-06-26T07:55:19.296Z,2026-06-26T09:40:05.870Z,1.746,tp_hit,TP,4,469.92,15.2,111.38153,111.53341,111.423,111.53341
GBP/CAD,long,2026-06-26T03:47:07.596Z,2026-06-26T10:40:04.307Z,6.882,sl_hit,SL,4,155.46,14.6,1.87312,1.87458,1.87458,1.87762
AUD/NZD,short,2026-06-25T21:56:07.370Z,2026-06-26T12:00:33.660Z,14.074,sl_hit,SL,4,279.15,16.1,1.22321,1.2216,1.2216,1.21771
GBP/CHF,long,2026-06-26T09:31:40.429Z,2026-06-26T12:42:10.229Z,3.175,reverse_signal,OTHER,,-386.61,-12.5,1.06875,1.0675,,
USD/JPY,short,2026-09-03T18:50:41.234Z,2026-09-03T19:34:04.412Z,0.723,sl_hit,SL,4,-269.52,-25.0,155.55173,155.80173,155.80173,155.05173
GBP/JPY,short,2026-09-03T16:31:58.150Z,2026-09-03T21:04:10.387Z,4.537,sl_hit,SL,4,-270.24,-40.9,210.48918,210.89837,210.89837,209.6708
XAU/USD,long,2026-09-03T20:51:23.351Z,2026-09-04T00:18:02.627Z,3.444,sl_hit,SL,4,313.75,784.4,4472.95813,4480.802,4480.802,4486.95813
USD/CAD,short,2026-06-26T08:05:19.919Z,2026-06-26T13:20:12.962Z,5.248,tp_hit,TP,4,783.0,22.2,1.41991,1.41769,1.41879,1.41769
EUR/CHF,short,2026-06-26T09:11:07.491Z,2026-06-26T13:40:15.955Z,4.486,sl_hit,SL,4,18.09,1.0,0.92198,0.92188,0.92188,0.91932
GBP/USD,long,2026-07-30T06:05:09.355Z,2026-07-30T10:23:33.341Z,4.307,sl_hit,SL,4,700.91,32.3,1.33495,1.33818,1.33818,1.33995
CAD/JPY,long,2026-07-30T13:15:56.495Z,2026-07-30T13:38:42.167Z,0.379,sl_hit,SL,4,-284.02,-9.3,115.91328,115.82073,115.82073,116.09838
GBP/CAD,long,2026-07-31T06:25:02.713Z,2026-07-31T11:33:37.709Z,5.143,sl_hit,SL,4,-534.29,-17.8,1.88545,1.88367,1.88367,1.88901
EUR/GBP,long,2026-08-04T10:46:21.842Z,2026-08-05T21:09:34.047Z,34.387,partial_tp,OTHER,24,538.56,18.2,0.85637,0.85819,0.85667,0.85991
GBP/JPY,short,2026-09-04T01:00:43.779Z,2026-09-04T01:27:01.255Z,0.438,sl_hit,SL,4,-271.56,-35.0,210.6895,211.0395,211.0395,209.9895
XAU/USD,long,2026-09-04T01:20:18.701Z,2026-09-04T01:29:01.372Z,0.145,sl_hit,SL,4,-280.0,-700.0,4478.3869,4471.3869,4471.3869,4492.3869
XAU/USD,long,2026-09-04T01:50:15.057Z,2026-09-04T02:21:03.710Z,0.514,sl_hit,SL,4,280.17,933.9,4468.46202,4477.801,4477.801,4486.93939714
USD/JPY,short,2026-09-04T02:40:19.626Z,2026-09-04T03:41:04.162Z,1.012,sl_hit,SL,4,-268.81,-25.0,155.96722,156.21722,156.21722,155.46722
EUR/USD,long,2026-09-03T19:31:10.637Z,2026-09-04T12:33:01.186Z,17.031,sl_hit,SL,4,-272.0,-20.0,1.16269,1.16069,1.16069,1.16669
BTC/USD,long,2026-09-04T13:40:13.201Z,2026-09-04T14:45:22.061Z,1.086,sl_hit,SL,4,-270.89,-250.8,79339.82,79089.0,79089,79841.46
CAD/JPY,long,2026-06-29T00:51:03.634Z,2026-06-29T11:45:15.407Z,10.903,sl_hit,SL,4,14.81,1.0,113.95541,113.965,113.965,114.24263
NZD/USD,long,2026-06-29T08:26:22.526Z,2026-06-29T12:45:09.227Z,4.313,sl_hit,SL,4,13.6,1.0,0.56494,0.56504,0.56504,0.56854
AUD/JPY,short,2026-06-29T07:46:34.948Z,2026-06-29T13:55:08.948Z,6.143,sl_hit,SL,4,16.13,1.0,111.62945,111.619,111.619,111.36225
GBP/CAD,long,2026-06-29T08:06:24.163Z,2026-06-29T14:15:21.630Z,6.149,tp_hit,TP,4,983.54,60.0,1.8754,1.8814,1.87984,1.8814
USD/CAD,short,2026-06-29T08:25:19.501Z,2026-06-29T14:15:22.247Z,5.834,sl_hit,SL,4,-240.1,-15.8,1.41944,1.42102,1.42102,1.41628
EUR/AUD,long,2026-06-29T03:21:02.056Z,2026-06-29T14:15:22.877Z,10.906,tp_hit,TP,4,488.76,50.0,1.6522,1.6572,1.65533,1.6572
EUR/CHF,short,2026-06-26T20:31:46.923Z,2026-06-29T14:16:48.200Z,65.75,reverse_signal,OTHER,,-129.64,-8.0,0.9218,0.9226,,
EUR/GBP,long,2026-06-29T11:35:26.468Z,2026-06-29T16:25:28.657Z,4.834,sl_hit,SL,4,22.53,1.0,0.86195,0.86205,0.86205,0.86411
NZD/USD,long,2026-06-29T12:55:14.521Z,2026-06-29T17:25:19.693Z,4.501,sl_hit,SL,4,27.1,1.0,0.56494,0.56504,0.56504,0.56854
EUR/CHF,long,2026-06-29T14:16:48.200Z,2026-06-29T18:30:48.828Z,4.234,sl_hit,SL,4,10.53,1.0,0.9226,0.9227,0.9227,0.9273
EUR/CHF,long,2026-06-29T19:20:12.218Z,2026-06-29T21:20:07.223Z,1.999,sl_hit,SL,4,25.63,1.0,0.92253,0.92263,0.92263,0.92443
EUR/CHF,long,2026-06-29T19:24:39.537Z,2026-06-29T21:20:08.208Z,1.925,sl_hit,SL,4,24.64,1.0,0.92257,0.92267,0.92267,0.92455
AUD/JPY,short,2026-06-29T14:07:55.144Z,2026-06-29T21:40:12.273Z,7.538,sl_hit,SL,4,18.54,1.0,111.51159,111.502,111.502,111.00867
NZD/USD,long,2026-06-29T17:38:07.542Z,2026-06-29T22:00:20.890Z,4.37,sl_hit,SL,4,13.7,1.0,0.56507,0.56517,0.56517,0.56867
AUD/JPY,short,2026-05-29T11:40:15.429Z,2026-05-29T12:20:03.703Z,0.663,sl_hit,SL,24,-331.42,-10.6,114.10543,114.211,114.211,113.89429
EUR/USD,short,2026-05-29T13:10:04.549Z,2026-05-29T15:00:37.744Z,1.843,sl_hit,SL,24,-702.78,-15.9,1.16475,1.16634,1.16634,1.16157
GBP/USD,short,2026-05-27T04:25:29.244Z,2026-05-29T15:00:39.841Z,58.586,sl_hit,SL,24,13.1,1.0,1.34561,1.34551,1.34551,1.32991
EUR/GBP,short,2026-05-27T08:15:14.614Z,2026-06-01T07:20:02.535Z,119.08,sl_hit,SL,24,40.53,1.0,0.86593,0.86583,0.86583,0.86081
USD/CAD,long,2026-06-04T10:50:10.389Z,2026-06-05T09:40:04.499Z,22.832,sl_hit,SL,24,-648.53,-18.0,1.38978,1.38798,1.38798,1.39338
XAU/USD,short,2026-06-05T09:20:15.160Z,2026-06-05T09:50:01.898Z,0.496,sl_hit,SL,24,2.24,1.0,4467.77702,4467.767,4467.767,4462.18304
GBP/USD,long,2026-06-04T17:40:13.838Z,2026-06-05T10:30:07.228Z,16.831,tp_hit,TP,24,1664.0,41.6,1.34308,1.34724,1.34548,1.34724
USD/CHF,short,2026-05-14T13:50:07.536Z,2026-05-15T01:20:02.820Z,11.499,sl_hit,SL,24,-989.36,-22.0,0.78274,0.78494,0.78494,0.77944
GBP/USD,long,2026-05-14T19:35:05.085Z,2026-05-15T01:30:02.655Z,5.916,sl_hit,SL,24,-989.52,-32.6,1.340605,1.33735,1.33735,1.3454875
XAG/USD,long,2026-05-15T03:40:04.246Z,2026-05-15T04:50:02.121Z,1.166,sl_hit,SL,24,801.27,291.4,80.99133,81.2827,81.2827,81.506445
XAG/USD,long,2026-05-15T03:50:05.029Z,2026-05-15T05:10:02.979Z,1.333,sl_hit,SL,24,-954.63,-1123.1,82.15837,81.03528,81.03528,83.843005
USD/CHF,short,2026-05-18T11:35:13.318Z,2026-05-18T15:15:03.125Z,3.664,sl_hit,SL,24,513.06,9.4,0.7871425,0.7862,0.7862,0.78274
EUR/AUD,short,2026-05-18T15:55:09.091Z,2026-05-19T05:35:01.505Z,13.665,sl_hit,SL,24,9.21,0.9,1.632075,1.63198,1.63198,1.60812
AUD/USD,short,2026-05-20T05:35:02.757Z,2026-05-20T10:35:02.320Z,5.0,sl_hit,SL,24,1305.0,26.1,0.71452,0.71191,0.71191,0.70676
EUR/USD,long,2026-05-20T08:35:02.204Z,2026-05-21T13:35:01.106Z,29.0,sl_hit,SL,24,13.59,1.0,1.158745,1.15884,1.15884,1.17224
NZD/USD,short,2026-05-21T00:15:10.131Z,2026-05-21T17:15:05.772Z,16.999,sl_hit,SL,24,295.0,5.9,0.58686,0.58627,0.58627,0.58276
USD/CAD,long,2026-05-20T15:15:17.543Z,2026-05-21T17:20:03.059Z,26.079,sl_hit,SL,24,1511.3,41.6,1.374195,1.37836,1.37836,1.3802493
XAU/USD,short,2026-05-22T05:45:06.981Z,2026-05-22T06:05:04.040Z,0.333,tp_hit,TP,24,3044.04,1409.3,4542.5066,4528.4138,4533.33707,4528.4138
EUR/USD,short,2026-05-22T04:15:14.132Z,2026-05-22T09:46:05.272Z,5.514,manual,MANUAL,24,921.69,47.025,1.1649725,1.16027,1.16096,1.15144
XAU/USD,short,2026-05-22T09:55:05.214Z,2026-05-22T09:59:42.861Z,0.077,manual,MANUAL,24,1990.0384,888.41,4541.56473,4532.68063,4534.79707,4529.0851
XAG/USD,long,2026-05-08T14:51:21.669Z,2026-05-08T15:00:13.935Z,0.148,sl_hit,SL,,-100.52,-100.5,80.73718,80.63666,80.63666,80.88796
XAG/USD,long,2026-05-08T15:41:20.036Z,2026-05-08T18:30:01.736Z,2.812,sl_hit,SL,,93.06,372.2,80.25175,80.624,80.624,81.27268
XAU/USD,short,2026-05-08T19:51:17.814Z,2026-05-08T20:20:03.570Z,0.479,tp_hit,TP,,58.72,279.6,4723.73195,4720.9358,4725.59605,4720.9358
CAD/JPY,long,2026-07-27T21:15:21.400Z,2026-07-28T12:28:36.096Z,15.221,sl_hit,SL,4,318.83,20.9,115.91697,116.126,116.126,116.24491
EUR/GBP,long,2026-08-04T10:46:21.842Z,2026-08-06T13:03:06.950Z,50.279,sl_hit,SL,24,93.76,3.0,0.85637,0.85667,0.85667,0.85991
GBP/CAD,long,2026-08-06T22:02:55.661Z,2026-08-07T05:59:02.342Z,7.935,partial_tp,OTHER,24,159.93,8.7,1.88577,1.88664,1.88491,1.88749
GBP/CAD,long,2026-08-06T22:02:55.661Z,2026-08-07T05:59:10.170Z,7.937,partial_tp,OTHER,24,159.93,8.7,1.88577,1.88664,1.88491,1.88749
GBP/CAD,long,2026-08-06T22:02:55.661Z,2026-08-07T05:59:48.684Z,7.948,partial_tp,OTHER,24,159.93,8.7,1.88577,1.88664,1.88491,1.88749
GBP/CAD,long,2026-08-06T22:02:55.661Z,2026-08-07T06:01:02.125Z,7.968,partial_tp,OTHER,24,165.44,9.0,1.88577,1.88667,1.88491,1.88749
GBP/CAD,long,2026-08-06T22:02:55.661Z,2026-08-07T06:01:09.823Z,7.971,partial_tp,OTHER,24,165.44,9.0,1.88577,1.88667,1.88491,1.88749
GBP/CAD,long,2026-08-06T22:02:55.661Z,2026-08-07T06:02:02.736Z,7.985,partial_tp,OTHER,24,185.66,10.1,1.88577,1.88678,1.88491,1.88749
GBP/CAD,long,2026-08-06T22:02:55.661Z,2026-08-07T06:02:10.215Z,7.987,partial_tp,OTHER,24,185.66,10.1,1.88577,1.88678,1.88491,1.88749
GBP/CAD,long,2026-08-06T22:02:55.661Z,2026-08-07T06:03:01.933Z,8.002,partial_tp,OTHER,24,215.07,11.7,1.88577,1.88694,1.88491,1.88749
GBP/CAD,long,2026-08-06T22:02:55.661Z,2026-08-07T06:03:09.781Z,8.004,partial_tp,OTHER,24,215.07,11.7,1.88577,1.88694,1.88491,1.88749
NZD/JPY,short,2026-06-25T01:17:32.557Z,2026-06-25T05:35:03.178Z,4.292,sl_hit,SL,4,25.24,1.0,91.32691,91.317,91.317,90.95439
GBP/USD,short,2026-06-25T01:25:08.593Z,2026-06-25T07:35:04.549Z,6.166,sl_hit,SL,4,8.5,1.0,1.31817,1.31807,1.31807,1.31241
CAD/CHF,long,2026-06-25T01:16:31.840Z,2026-06-25T07:35:05.279Z,6.309,sl_hit,SL,4,13.55,1.0,0.57035,0.57045,0.57045,0.57395
EUR/USD,short,2026-06-25T01:16:57.139Z,2026-06-25T08:05:07.329Z,6.803,sl_hit,SL,4,14.5,1.0,1.13601,1.13591,1.13591,1.13269
GBP/JPY,short,2026-06-25T15:26:08.826Z,2026-06-25T20:05:11.732Z,4.651,sl_hit,SL,4,6.2,1.0,213.58203,213.572,213.572,212.88203
EUR/AUD,long,2026-06-25T15:26:32.585Z,2026-06-25T20:05:12.856Z,4.645,sl_hit,SL,4,11.41,1.0,1.64533,1.64543,1.64543,1.64951
GBP/AUD,long,2026-06-25T15:27:28.563Z,2026-06-25T20:05:13.618Z,4.629,sl_hit,SL,4,6.29,1.0,1.90951,1.90961,1.90961,1.91719
EUR/CHF,long,2026-06-25T15:27:02.648Z,2026-06-25T20:05:14.757Z,4.637,sl_hit,SL,4,-450.84,-7.3,0.92163,0.9209,0.9209,0.92309
NZD/CAD,short,2026-06-25T15:37:32.993Z,2026-06-25T21:15:06.916Z,5.626,sl_hit,SL,4,35.21,1.0,0.80282,0.80272,0.80272,0.80026
GBP/USD,short,2026-06-25T15:25:25.153Z,2026-06-26T02:25:04.693Z,10.994,tp_hit,TP,4,474.32,24.2,1.32105,1.31863,1.32095,1.31863
CAD/JPY,short,2026-06-25T15:28:08.712Z,2026-06-26T02:26:02.076Z,10.965,reverse_signal,OTHER,,-9.32,-1.0,113.88891,113.89864,,
CAD/CHF,short,2026-06-25T21:46:17.593Z,2026-06-26T03:45:13.935Z,5.982,sl_hit,SL,4,57.05,1.0,0.57049,0.57039,0.57039,0.56885
USD/JPY,short,2026-09-02T16:50:49.742Z,2026-09-03T01:01:07.622Z,8.172,sl_hit,SL,4,115.47,12.6,158.82638,158.7,158.7,158.32638
GBP/JPY,short,2026-09-03T00:11:02.143Z,2026-09-03T01:42:01.100Z,1.516,tp_hit,TP,4,552.88,70.0,214.21758,213.51758,213.709,213.51758
BTC/USD,short,2026-09-03T01:50:20.104Z,2026-09-03T02:24:00.935Z,0.561,sl_hit,SL,4,-273.25,-157.0,77336.96,77494.0,77494,77022.88
