arm,cohort,gross_exp,maxDD,n,netR,net_exp,pf,wr
CONTROL,ALL,-0.1074,106.1,484,-97.01,-0.2004,0.7401,0.2975
MODEL_A,ALL,-0.1023,212.25,1056,-209.58,-0.1985,0.742,0.2992
CONTROL,H1,-0.08,47.1,225,-37.39,-0.1662,0.7808,0.3067
MODEL_A,H1,-0.1166,114.17,506,-104.13,-0.2058,0.7327,0.2945
CONTROL,H2,-0.1346,65.13,260,-60.83,-0.234,0.7017,0.2885
MODEL_A,H2,-0.0794,110.53,554,-100.81,-0.182,0.7621,0.3069
CONTROL,FX,-0.1319,62.62,235,-56.1,-0.2387,0.6985,0.2894
MODEL_A,FX,-0.1029,90.65,418,-87.57,-0.2095,0.7305,0.299
CONTROL,CRYPTO,-0.0843,48.44,249,-40.91,-0.1643,0.7815,0.3052
MODEL_A,CRYPTO,-0.1019,127.56,638,-122.01,-0.1912,0.7497,0.2994
CONTROL,EUR/USD,0.1842,7.65,38,5.16,0.1359,1.2139,0.3947
MODEL_A,EUR/USD,0.0253,13.03,79,-1.86,-0.0236,0.9659,0.3418
CONTROL,GBP/USD,0.1163,6.54,43,2.52,0.0585,1.088,0.3721
MODEL_A,GBP/USD,-0.12,18.98,75,-13.3,-0.1773,0.7629,0.2933
CONTROL,USD/JPY,0.0263,7.63,38,-0.54,-0.0141,0.9795,0.3421
MODEL_A,USD/JPY,-0.0893,15.46,56,-7.3,-0.1303,0.8205,0.3036
CONTROL,CHF/JPY,-0.4419,25.35,43,-24.63,-0.5728,0.3766,0.186
MODEL_A,CHF/JPY,-0.1852,30.06,81,-25.57,-0.3157,0.6166,0.2716
CONTROL,NZD/CAD,-0.2174,26.1,46,-17.95,-0.3901,0.5506,0.2609
MODEL_A,NZD/CAD,-0.0241,29.95,83,-16.29,-0.1963,0.752,0.3253
CONTROL,NZD/CHF,-0.5556,21.78,27,-20.67,-0.7656,0.2573,0.1481
MODEL_A,NZD/CHF,-0.3182,24.4,44,-23.24,-0.5282,0.4351,0.2273
CONTROL,BTC/USD,-0.1681,40.18,119,-35.6,-0.2992,0.634,0.2773
MODEL_A,BTC/USD,-0.2528,114.56,269,-105.93,-0.3938,0.5406,0.2491
CONTROL,ETH/USD,-0.0077,21.31,130,-5.31,-0.0408,0.941,0.3308
MODEL_A,ETH/USD,0.0081,24.48,369,-16.09,-0.0436,0.9374,0.336
