stage,n,wr,grossExp,netExp,pf,netR,maxDD
BASELINE,216,0.3333,-0.0,-0.0703,0.9017,-15.19,29.58
+ G1 Direction Verdict,216,0.3333,-0.0,-0.0703,0.9017,-15.19,29.58
+ G2 Premium/Discount,216,0.3333,-0.0,-0.0703,0.9017,-15.19,29.58
+ G3 Structural Conviction,136,0.3603,0.0809,0.0118,1.0171,1.6,20.94
+ G3b Reaction Confirmation,136,0.3603,0.0809,0.0118,1.0171,1.6,20.94
+ G4a Instrument enabled,64,0.4375,0.3125,0.2623,1.4436,16.79,10.69
+ G9 Min confluence,14,0.4286,0.2857,0.2355,1.3917,3.3,4.36
+ G9b SMT veto,14,0.4286,0.2857,0.2355,1.3917,3.3,4.36
+ G10 Min R:R,14,0.4286,0.2857,0.2355,1.3917,3.3,4.36
+ G11 Opening Range,14,0.4286,0.2857,0.2355,1.3917,3.3,4.36
+ G12 Kill Zone,14,0.4286,0.2857,0.2355,1.3917,3.3,4.36
+ G17 FOTSI,14,0.4286,0.2857,0.2355,1.3917,3.3,4.36
+ G18 ATR filter,14,0.4286,0.2857,0.2355,1.3917,3.3,4.36
+ G19 Tier 1 minimum,1,0.0,-1.0,-1.06,0.0,-1.06,1.06
+ G20 Regime,1,0.0,-1.0,-1.06,0.0,-1.06,1.06
+ legacy HTF bias,1,0.0,-1.0,-1.06,0.0,-1.06,1.06
