ambiguous,armed,confluence,costR,direction,entry,entryAltNextOpen,exitPrice,exitReason,exitTime,grossR,holdMinutes,insideZone,lastPrice,layer3,netR,netRAltNextOpen,refDiffPips,refDiffR,reject,riskPips,selectedTF,session,sideOk,sl,stage,strict,symbol,t,tp,window,zoneEntryReference,zoneScore
False,True,41.7,0.04999999999999996,short,1.1536199999999999,1.15363,1.1496199999999999,TP,2026-03-29T14:07:00.000Z,2,492,True,1.15367,True,1.95,1.9648241206031127,,,,20.000000000000018,1H,ASIA,True,1.1556199999999999,TRADE_TAKEN,True,EUR/USD,2026-03-29T05:55:00.000Z,1.1496199999999999,secondary_only,,4.5
False,True,45.7,0.08888888888888773,long,1.3912200000000001,1.39118,1.38942,SL,2026-04-01T06:48:00.000Z,-1,468,False,1.39114,True,-1.0888888888888877,-1.0909090909090917,,,,18.000000000000238,1H,OFF,True,1.38942,TRADE_TAKEN,True,USD/CAD,2026-03-31T23:00:00.000Z,1.3948200000000002,secondary_only,,5
False,True,45.8,0.044,short,159.56914999999998,159.56834999999998,159.81914999999998,SL,2026-04-05T19:09:00.000Z,-1,2274,True,159.57465,True,-1.044,-1.0438596491228074,-7.324000000002684,-0.29296000000010736,,25,1H,ASIA,True,159.81914999999998,TRADE_TAKEN,True,USD/JPY,2026-04-04T05:15:00.000Z,159.06914999999998,secondary_only,159.64789000000002,5
False,True,44.8,0.07777777777777675,short,0.69323,0.69312,0.69503,SL,2026-04-07T14:38:00.000Z,-1,48,False,0.6933,True,-1.0777777777777768,-1.0732984293193688,-2.949999999999342,-0.16388888888885017,,18.000000000000238,5m,OVERLAP,True,0.69503,TRADE_TAKEN,True,AUD/USD,2026-04-07T13:50:00.000Z,0.68963,secondary_only,0.693595,4.5
False,True,40.2,0.08888888888888773,short,0.7891400000000001,0.78915,0.7909400000000001,SL,2026-04-12T19:13:00.000Z,-1,1513,True,0.78922,True,-1.0888888888888877,-1.0893854748603318,-14.95000000000024,-0.8305555555555579,,18.000000000000238,1H,NEWYORK,True,0.7909400000000001,TRADE_TAKEN,True,USD/CHF,2026-04-11T18:00:00.000Z,0.78554,secondary_only,0.7907150000000001,4.5
False,True,43.5,0.044,long,158.84592,158.84159000000002,158.59592,SL,2026-04-16T02:57:00.000Z,-1,2067,True,158.84042,True,-1.044,-1.0447755118655073,17.07150000000013,0.6828600000000051,,25,15m,NEWYORK,True,158.59592,TRADE_TAKEN,True,USD/JPY,2026-04-14T16:30:00.000Z,159.34592,secondary_only,158.669705,4
False,True,41.7,0.08888888888888773,long,0.78355,0.78348,0.78175,SL,2026-04-17T12:32:00.000Z,-1,627,True,0.78347,True,-1.0888888888888877,-1.0924855491329475,,,,18.000000000000238,15m,ASIA,True,0.78175,TRADE_TAKEN,True,USD/CHF,2026-04-17T02:05:00.000Z,0.78715,secondary_only,,4.5
False,True,41.3,0.05815831987075798,short,0.5889,0.5889,0.591995,SL,2026-04-21T01:41:00.000Z,-1,3321,True,0.58899,True,-1.058158319870758,-1.058158319870758,,,,30.9500000000007,1H,NEWYORK,True,0.591995,TRADE_TAKEN,True,NZD/USD,2026-04-18T18:20:00.000Z,0.5827099999999998,secondary_only,,6
False,True,40.6,0.07777777777777675,short,0.71771,0.71773,0.7141099999999999,TP,2026-04-21T17:11:00.000Z,2,951,False,0.71778,True,1.9222222222222232,1.9550561797753148,,,,18.000000000000238,5m,ASIA,True,0.71951,TRADE_TAKEN,True,AUD/USD,2026-04-21T01:20:00.000Z,0.7141099999999999,secondary_only,,5.5
False,True,46.7,0.08888888888888773,long,0.78043,0.78044,0.78403,TP,2026-04-22T17:57:00.000Z,2,1022,False,0.78035,True,1.9111111111111123,1.895027624309289,,,,18.000000000000238,1H,ASIA,True,0.7786299999999999,TRADE_TAKEN,True,USD/CHF,2026-04-22T00:55:00.000Z,0.78403,secondary_only,,6
False,True,43.5,0.08888888888888773,short,1.3669799999999999,1.3669399999999998,1.3687799999999999,SL,2026-04-23T13:15:00.000Z,-1,795,False,1.36706,True,-1.0888888888888877,-1.0869565217391275,-3.20000000000098,-0.17777777777782985,,18.000000000000238,5m,ASIA,True,1.3687799999999999,TRADE_TAKEN,True,USD/CAD,2026-04-23T00:00:00.000Z,1.3633799999999998,secondary_only,1.36738,4.5
False,True,43.8,0.044,long,159.34731000000002,159.34851,159.09731000000002,SL,2026-04-26T11:41:00.000Z,-1,1946,True,159.34181,True,-1.044,-1.0437898089172004,2.4690000000020973,0.09876000000008389,,25,1H,ASIA,True,159.09731000000002,TRADE_TAKEN,True,USD/JPY,2026-04-25T03:15:00.000Z,159.84731000000002,secondary_only,159.31712,4
False,True,41.7,0.09999999999999869,long,0.58929,0.58923,0.58749,SL,2026-04-28T11:34:00.000Z,-1,219,True,0.5892,True,-1.0999999999999988,-1.1034482758620645,,,,18.000000000000238,1H,LONDON,True,0.58749,TRADE_TAKEN,True,NZD/USD,2026-04-28T07:55:00.000Z,0.59289,secondary_only,,5.5
False,True,41.7,0.09999999999999869,long,0.5881000000000001,0.5880000000000001,0.5863,SL,2026-04-29T02:54:00.000Z,-1,344,True,0.58801,True,-1.0999999999999988,-1.1058823529411743,,,,18.000000000000238,1H,OFF,True,0.5863,TRADE_TAKEN,True,NZD/USD,2026-04-28T21:10:00.000Z,0.5917000000000001,secondary_only,,4.5
False,True,45.8,0.07777777777777675,short,0.71461,0.71465,0.71641,SL,2026-04-30T13:48:00.000Z,-1,88,True,0.71468,True,-1.0777777777777768,-1.0795454545454553,,,,18.000000000000238,1H,OVERLAP,True,0.71641,TRADE_TAKEN,True,AUD/USD,2026-04-30T12:20:00.000Z,0.7110099999999999,secondary_only,,5.5
False,True,43.5,0.023058862988427842,short,156.75869999999998,156.75448999999998,157.23574,SL,2026-05-04T15:51:00.000Z,-1,641,True,156.7642,True,-1.0230588629884279,-1.022857142857142,,,,47.704000000001656,5m,ASIA,True,157.23574,TRADE_TAKEN,True,USD/JPY,2026-05-04T05:10:00.000Z,155.80461999999994,secondary_only,,5.5
False,True,43.5,0.09999999999999869,short,0.59649,0.5961299999999999,0.5928899999999999,TP,2026-05-13T09:12:00.000Z,2,6997,True,0.59658,True,1.9000000000000012,1.4166666666666428,,,,18.000000000000238,1H,OVERLAP,True,0.59829,TRADE_TAKEN,True,NZD/USD,2026-05-08T12:35:00.000Z,0.5928899999999999,secondary_only,,5.5
False,True,41.7,0.060000000000000005,short,1.361195,1.3612849999999999,1.3636949999999999,SL,2026-05-11T15:00:00.000Z,-0.9999999999999787,395,False,1.36127,True,-1.0599999999999787,-1.0622406639004143,,,,25,1H,LONDON,True,1.3636949999999999,TRADE_TAKEN,True,GBP/USD,2026-05-11T08:25:00.000Z,1.356195,secondary_only,,4.5
False,True,40.6,0.07777777777777675,long,0.7248600000000001,0.72491,0.72306,SL,2026-05-14T13:20:00.000Z,-1,665,True,0.72479,True,-1.0777777777777768,-1.075675675675675,,,,18.000000000000238,1H,ASIA,True,0.72306,TRADE_TAKEN,True,AUD/USD,2026-05-14T02:15:00.000Z,0.7284600000000001,secondary_only,,6
False,True,41.7,0.08888888888888773,short,0.7853600000000001,0.78529,0.7871600000000001,SL,2026-05-19T09:09:00.000Z,-1,159,True,0.78544,True,-1.0888888888888877,-1.0855614973262016,-5.349999999999522,-0.29722222222219175,,18.000000000000238,1H,ASIA,True,0.7871600000000001,TRADE_TAKEN,True,USD/CHF,2026-05-19T06:30:00.000Z,0.78176,secondary_only,0.785975,4
False,True,40.2,0.04999999999999996,short,1.16187,1.1617499999999998,1.16387,SL,2026-05-24T19:17:00.000Z,-1,4427,False,1.16192,True,-1.05,-1.047169811320752,,,,20.000000000000018,1H,NEWYORK,True,1.16387,TRADE_TAKEN,True,EUR/USD,2026-05-21T17:30:00.000Z,1.15787,secondary_only,,4
False,True,40.6,0.04999999999999996,long,1.1638400000000002,1.1639000000000002,1.1618400000000002,SL,2026-05-26T13:55:00.000Z,-1,825,True,1.16379,True,-1.05,-1.0485436893203894,0.4500000000007276,0.02250000000003636,,20.000000000000018,1H,ASIA,True,1.1618400000000002,TRADE_TAKEN,True,EUR/USD,2026-05-26T00:10:00.000Z,1.1678400000000002,secondary_only,1.163745,4
False,True,47.8,0.04739336492890869,short,1.1633499999999999,1.16333,1.16546,SL,2026-05-28T14:15:00.000Z,-1,45,False,1.1634,True,-1.0473933649289087,-1.0469483568075124,,,,21.100000000000563,1H,OVERLAP,True,1.16546,TRADE_TAKEN,True,EUR/USD,2026-05-28T13:30:00.000Z,1.1591299999999998,secondary_only,,5.5
False,True,43.5,0.060000000000000005,long,1.3457050000000002,1.3457050000000002,1.3432050000000002,SL,2026-06-01T13:31:00.000Z,-0.9999999999999787,1236,True,1.34563,True,-1.0599999999999787,-1.0600000000000014,0.9000000000014552,0.03600000000005821,,25,15m,NEWYORK,True,1.3432050000000002,TRADE_TAKEN,True,GBP/USD,2026-05-31T16:55:00.000Z,1.350705,secondary_only,1.34554,4
False,True,50,0.04160887656032938,long,1.3450250000000001,1.345235,1.3414199999999998,SL,2026-06-03T18:13:00.000Z,-1,598,True,1.34495,True,-1.0416088765603293,-1.0393184796854509,35.30000000000255,0.9791955617198222,,36.050000000003024,1H,LONDON,True,1.3414199999999998,TRADE_TAKEN,True,GBP/USD,2026-06-03T08:15:00.000Z,1.3522350000000007,secondary_only,1.3414199999999998,5
False,True,46.7,0.060000000000000005,short,1.334295,1.334395,1.336795,SL,2026-06-08T11:33:00.000Z,-0.9999999999999787,433,True,1.33437,True,-1.0599999999999787,-1.062500000000001,,,,25,1H,ASIA,True,1.336795,TRADE_TAKEN,True,GBP/USD,2026-06-08T04:20:00.000Z,1.3292950000000001,secondary_only,,4
False,True,40.2,0.08888888888888773,short,1.3948099999999999,1.3948099999999999,1.39661,SL,2026-06-09T16:14:00.000Z,-1,1114,True,1.39489,True,-1.0888888888888877,-1.0888888888888877,-4.8000000000003595,-0.2666666666666831,,18.000000000000238,5m,OFF,True,1.39661,TRADE_TAKEN,True,USD/CAD,2026-06-08T21:40:00.000Z,1.3912099999999998,secondary_only,1.39537,4.5
False,True,41.7,0.04999999999999996,long,1.15491,1.155,1.15291,SL,2026-06-11T10:04:00.000Z,-1,264,False,1.15486,True,-1.05,-1.047846889952155,5.999999999999339,0.2999999999999667,,20.000000000000018,1H,ASIA,True,1.15291,TRADE_TAKEN,True,EUR/USD,2026-06-11T05:40:00.000Z,1.15891,secondary_only,1.15426,6
False,True,40.6,0.060000000000000005,long,1.340595,1.340625,1.3455949999999999,TP,2026-06-15T00:07:00.000Z,1.9999999999999574,2112,True,1.34052,True,1.9399999999999573,1.9051383399209758,15.449999999999076,0.617999999999963,,25,1H,OVERLAP,True,1.338095,TRADE_TAKEN,True,GBP/USD,2026-06-13T12:55:00.000Z,1.3455949999999999,secondary_only,1.338975,4.5
False,True,40.6,0.07777777777777675,short,0.70668,0.70675,0.7030799999999999,TP,2026-06-17T19:06:00.000Z,2,1861,False,0.70675,True,1.9222222222222232,2.0404624277456898,,,,18.000000000000238,1H,OVERLAP,True,0.70848,TRADE_TAKEN,True,AUD/USD,2026-06-16T12:05:00.000Z,0.7030799999999999,secondary_only,,4
False,True,47.9,0.044,long,161.29940000000002,161.29725000000002,161.79940000000002,TP,2026-06-22T13:16:00.000Z,2,2231,True,161.2939,True,1.956,1.9816421222513656,,,,25,5m,ASIA,True,161.04940000000002,TRADE_TAKEN,True,USD/JPY,2026-06-21T00:05:00.000Z,161.79940000000002,secondary_only,,5
False,True,40.6,0.08888888888888773,long,1.41923,1.4192200000000001,1.41743,SL,2026-06-26T13:22:00.000Z,-1,1222,False,1.41915,True,-1.0888888888888877,-1.0893854748603262,,,,18.000000000000238,1H,NEWYORK,True,1.41743,TRADE_TAKEN,True,USD/CAD,2026-06-25T17:00:00.000Z,1.42283,secondary_only,,4
False,True,40.8,0.07777777777777675,long,0.68957,0.68958,0.68777,SL,2026-06-30T00:04:00.000Z,-1,3164,True,0.6895,True,-1.0777777777777768,-1.0773480662983435,-0.7249999999991985,-0.04027777777773272,,18.000000000000238,15m,NEWYORK,True,0.68777,TRADE_TAKEN,True,AUD/USD,2026-06-27T19:20:00.000Z,0.6931700000000001,primary,0.6895724999999999,4.5
False,True,44.6,0.08888888888888773,short,1.42058,1.4204299999999999,1.42238,SL,2026-06-30T01:13:00.000Z,-1,473,True,1.42066,True,-1.0888888888888877,-1.082051282051277,-1.40000000000029,-0.07777777777779285,,18.000000000000238,5m,NEWYORK,True,1.42238,TRADE_TAKEN,True,USD/CAD,2026-06-29T17:20:00.000Z,1.41698,primary,1.4208,4.5
False,True,41.3,0.08888888888888773,short,1.4201899999999998,1.42014,1.4219899999999999,SL,2026-07-06T07:02:00.000Z,-1,3807,False,1.42027,True,-1.0888888888888877,-1.086486486486491,,,,18.000000000000238,1H,OVERLAP,True,1.4219899999999999,TRADE_TAKEN,True,USD/CAD,2026-07-03T15:35:00.000Z,1.4165899999999998,primary,,5
False,True,42.4,0.08888888888888773,long,0.80692,0.8070299999999999,0.80512,SL,2026-07-10T01:15:00.000Z,-1,785,True,0.80684,True,-1.0888888888888877,-1.0837696335078548,2.80000000000058,0.1555555555555857,,18.000000000000238,1H,OVERLAP,True,0.80512,TRADE_TAKEN,True,USD/CHF,2026-07-09T12:10:00.000Z,0.81052,primary,0.8065599999999999,4
False,True,40.6,0.08888888888888773,short,1.4160599999999999,1.41607,1.41786,SL,2026-07-12T15:28:00.000Z,-1,1308,True,1.41614,True,-1.0888888888888877,-1.0893854748603373,-5.00000000000167,-0.2777777777778669,,18.000000000000238,1H,NEWYORK,True,1.41786,TRADE_TAKEN,True,USD/CAD,2026-07-11T17:40:00.000Z,1.4124599999999998,primary,1.4166400000000001,4
False,True,41.3,0.060000000000000005,short,1.338995,1.338865,1.3414949999999999,SL,2026-07-14T12:30:00.000Z,-0.9999999999999787,1445,True,1.33907,True,-1.0599999999999787,-1.0570342205323213,-7.800000000000029,-0.31200000000000117,,25,1H,OVERLAP,True,1.3414949999999999,TRADE_TAKEN,True,GBP/USD,2026-07-13T12:25:00.000Z,1.333995,primary,1.33985,4
False,True,50,0.04999999999999996,long,1.14423,1.14429,1.14223,SL,2026-07-19T18:58:00.000Z,-1,4173,False,1.14418,True,-1.05,-1.0485436893203894,5.275000000000141,0.2637500000000068,,20.000000000000018,1H,OFF,True,1.14223,TRADE_TAKEN,True,EUR/USD,2026-07-16T21:25:00.000Z,1.14823,primary,1.1436525,4.5
False,True,41.3,0.08888888888888773,short,0.808,0.80804,0.8098000000000001,SL,2026-07-20T14:13:00.000Z,-1,768,True,0.80808,True,-1.0888888888888877,-1.090909090909086,-3.9000000000000146,-0.21666666666666462,,18.000000000000238,1H,ASIA,True,0.8098000000000001,TRADE_TAKEN,True,USD/CHF,2026-07-20T01:25:00.000Z,0.8044,primary,0.80847,5
False,True,41.7,0.08888888888888773,long,1.4074600000000002,1.40755,1.4110600000000002,TP,2026-07-24T13:04:00.000Z,2,2109,True,1.40738,True,1.9111111111111123,1.7724867724868876,,,,18.000000000000238,1H,ASIA,True,1.4056600000000001,TRADE_TAKEN,True,USD/CAD,2026-07-23T01:55:00.000Z,1.4110600000000002,primary,,6.5
False,True,41.7,0.04999999999999996,long,1.1372600000000002,1.1371900000000001,1.1412600000000002,TP,2026-07-29T18:00:00.000Z,2,2260,False,1.13721,True,1.95,2.0569948186528726,1.6000000000016001,0.08000000000007994,,20.000000000000018,15m,ASIA,True,1.1352600000000002,TRADE_TAKEN,True,EUR/USD,2026-07-28T04:20:00.000Z,1.1412600000000002,primary,1.13705,4.5
False,True,43.5,0.07777777777777675,short,0.69546,0.6955,0.69726,SL,2026-07-29T18:46:00.000Z,-1,731,True,0.69553,True,-1.0777777777777768,-1.0795454545454553,,,,18.000000000000238,5m,ASIA,True,0.69726,TRADE_TAKEN,True,AUD/USD,2026-07-29T06:35:00.000Z,0.6918599999999999,primary,,5
False,True,41.5,0.060000000000000005,long,1.3449250000000001,1.345115,1.3424250000000002,SL,2026-07-31T11:44:00.000Z,-0.9999999999999787,119,True,1.34485,True,-1.0599999999999787,-1.0557620817843896,6.40000000000196,0.2560000000000784,,25,15m,LONDON,True,1.3424250000000002,TRADE_TAKEN,True,GBP/USD,2026-07-31T09:45:00.000Z,1.349925,primary,1.34421,5
False,True,43.8,0.07777777777777675,short,0.70168,0.70163,0.70348,SL,2026-08-04T10:48:00.000Z,-1,448,False,0.70175,True,-1.0777777777777768,-1.075675675675675,,,,18.000000000000238,1H,ASIA,True,0.70348,TRADE_TAKEN,True,AUD/USD,2026-08-04T03:20:00.000Z,0.6980799999999999,primary,,4.5
False,True,40.6,0.03484320557491287,long,1.349235,1.349245,1.357845,TP,2026-08-19T12:37:00.000Z,2,15602,False,1.34916,True,1.9651567944250872,1.9582850521436401,42.29999999999956,0.9825783972125326,,43.05000000000003,1H,NEWYORK,True,1.34493,TRADE_TAKEN,True,GBP/USD,2026-08-08T16:35:00.000Z,1.357845,primary,1.34493,6.5
False,True,45.7,0.08888888888888773,short,1.3872099999999998,1.3872099999999998,1.3890099999999999,SL,2026-08-18T15:15:00.000Z,-1,1005,False,1.38729,True,-1.0888888888888877,-1.0888888888888877,-3.6999999999998145,-0.20555555555554253,,18.000000000000238,1H,OFF,True,1.3890099999999999,TRADE_TAKEN,True,USD/CAD,2026-08-17T22:30:00.000Z,1.3836099999999998,primary,1.38766,4
False,True,41.7,0.060000000000000005,long,1.364015,1.363945,1.361515,SL,2026-08-26T12:34:00.000Z,-0.9999999999999787,7129,False,1.36394,True,-1.0599999999999787,-1.0617283950617302,,,,25,1H,OVERLAP,True,1.361515,TRADE_TAKEN,True,GBP/USD,2026-08-21T13:45:00.000Z,1.3690149999999999,primary,,4
False,True,41.7,0.04999999999999996,short,1.15923,1.1594499999999999,1.16123,SL,2026-09-03T07:03:00.000Z,-1,1033,False,1.15928,True,-1.05,-1.0561797752808952,,,,20.000000000000018,1H,OVERLAP,True,1.16123,TRADE_TAKEN,True,EUR/USD,2026-09-02T13:50:00.000Z,1.15523,primary,,5
False,True,51.1,0.07777777777777675,short,0.72027,0.72019,0.72207,SL,2026-09-07T07:55:00.000Z,-1,3350,True,0.72034,True,-1.0777777777777768,-1.0744680851063833,0.700000000000145,0.038888888888896425,,18.000000000000238,1H,ASIA,True,0.72207,TRADE_TAKEN,True,AUD/USD,2026-09-05T00:05:00.000Z,0.7166699999999999,primary,0.72027,5.5
False,True,47.8,0.044,short,154.06233999999998,154.06222,154.31233999999998,SL,2026-09-08T11:06:00.000Z,-1,101,True,154.06784,True,-1.044,-1.0439788901327396,-8.93700000000024,-0.35748000000000957,,25,1H,LONDON,True,154.31233999999998,TRADE_TAKEN,True,USD/JPY,2026-09-08T09:25:00.000Z,153.56233999999998,primary,154.15721,4
False,True,40.4,0.060000000000000005,short,1.348925,1.349075,1.343925,TP,2026-09-16T18:01:00.000Z,1.9999999999999574,1676,True,1.349,True,1.9399999999999573,2.127659574468214,,,,25,1H,OVERLAP,True,1.3514249999999999,TRADE_TAKEN,True,GBP/USD,2026-09-15T14:05:00.000Z,1.343925,primary,,6.5
False,True,42.7,0.04999999999999996,short,1.14737,1.14732,1.14937,SL,2026-09-20T18:38:00.000Z,-1,2998,False,1.14742,True,-1.05,-1.0487804878048754,,,,20.000000000000018,1H,NEWYORK,True,1.14937,TRADE_TAKEN,True,EUR/USD,2026-09-18T16:40:00.000Z,1.14337,primary,,5
False,True,46.7,0.09999999999999869,short,0.57209,0.572,0.57389,SL,2026-09-22T04:12:00.000Z,-1,1222,True,0.57218,True,-1.0999999999999988,-1.0952380952380922,-0.49999999999994493,-0.027777777777774352,,18.000000000000238,5m,LONDON,True,0.57389,TRADE_TAKEN,True,NZD/USD,2026-09-21T07:50:00.000Z,0.5684899999999999,primary,0.57223,4
