ambiguous,armed,audit,confluence,costR,direction,entry,entryAltNextOpen,exitPrice,exitReason,exitTime,failedGates,grossR,holdMinutes,insideZone,lastPrice,layer3,netR,netRAltNextOpen,refDiffPips,refDiffR,reject,riskPips,selectedTF,session,sideOk,sl,stage,strict,symbol,t,tp,window,zoneEntryReference,zoneScore
False,True,SURVIVOR_G3_G4a,41.7,0.04999999999999996,short,1.1536199999999999,1.15363,1.1496199999999999,TP,2026-03-29T14:07:00.000Z,,2,492,True,1.15367,True,1.95,1.9648241206031127,,,,20.000000000000018,1H,ASIA,True,1.1556199999999999,TRADE_TAKEN,True,EUR/USD,2026-03-29T05:55:00.000Z,1.1496199999999999,secondary_only,,4.5
False,True,SURVIVOR_G3_G4a,42.7,0.044,long,159.78002,159.78217,159.53002,SL,2026-03-30T10:16:00.000Z,,-1,131,False,159.77452,True,-1.044,-1.0436248264921673,12.211999999999534,0.4884799999999814,,25,1H,LONDON,True,159.53002,TRADE_TAKEN,True,USD/JPY,2026-03-30T08:05:00.000Z,160.28002,secondary_only,159.6524,4
False,True,SURVIVOR_G3_G4a,40.2,0.04552352048558663,short,1.331285,1.331185,1.3246950000000004,TP,2026-04-02T02:37:00.000Z,,2,772,True,1.33136,True,1.9544764795144134,1.867452135493375,-32.199999999997786,-0.9772382397571924,,32.949999999998255,1H,OVERLAP,True,1.3345799999999999,TRADE_TAKEN,True,GBP/USD,2026-04-01T13:45:00.000Z,1.3246950000000004,secondary_only,1.3345799999999999,6
False,True,SURVIVOR_G3_G4a,45.8,0.044,short,159.56914999999998,159.56834999999998,159.81914999999998,SL,2026-04-05T19:09:00.000Z,,-1,2274,True,159.57465,True,-1.044,-1.0438596491228074,-7.324000000002684,-0.29296000000010736,,25,1H,ASIA,True,159.81914999999998,TRADE_TAKEN,True,USD/JPY,2026-04-04T05:15:00.000Z,159.06914999999998,secondary_only,159.64789000000002,5
False,True,SURVIVOR_G3_G4a,46.7,0.04999999999999996,short,1.15183,1.15181,1.14783,TP,2026-04-05T19:09:00.000Z,,2,1709,True,1.15188,True,1.95,1.9207920792080524,-0.8500000000011276,-0.04250000000005635,,20.000000000000018,5m,OVERLAP,True,1.15383,TRADE_TAKEN,True,EUR/USD,2026-04-04T14:40:00.000Z,1.14783,secondary_only,1.1519650000000001,4
False,True,SURVIVOR_G3_G4a,41.7,0.04999999999999996,short,1.17264,1.17261,1.16864,TP,2026-04-12T18:54:00.000Z,,2,119,False,1.17269,True,1.95,1.9064039408867361,,,,20.000000000000018,15m,NEWYORK,True,1.17464,TRADE_TAKEN,True,EUR/USD,2026-04-12T16:55:00.000Z,1.16864,secondary_only,,4.5
False,True,SURVIVOR_G3_G4a,43.5,0.044,long,158.84592,158.84159000000002,158.59592,SL,2026-04-16T02:57:00.000Z,,-1,2067,True,158.84042,True,-1.044,-1.0447755118655073,17.07150000000013,0.6828600000000051,,25,15m,NEWYORK,True,158.59592,TRADE_TAKEN,True,USD/JPY,2026-04-14T16:30:00.000Z,159.34592,secondary_only,158.669705,4
False,True,SURVIVOR_G3_G4a,43.5,0.04999999999999996,short,1.1758899999999999,1.17584,1.1718899999999999,TP,2026-04-21T19:42:00.000Z,,2,632,False,1.17594,True,1.95,1.8780487804879686,,,,20.000000000000018,1H,LONDON,True,1.1778899999999999,TRADE_TAKEN,True,EUR/USD,2026-04-21T09:10:00.000Z,1.1718899999999999,secondary_only,,4
False,True,SURVIVOR_G3_G4a,43.5,0.060000000000000005,long,1.350975,1.3510550000000001,1.348475,SL,2026-04-21T19:42:00.000Z,,-0.9999999999999787,27,False,1.3509,True,-1.0599999999999787,-1.0581395348837204,13.050000000001116,0.5220000000000447,,25,1H,NEWYORK,True,1.348475,TRADE_TAKEN,True,GBP/USD,2026-04-21T19:15:00.000Z,1.355975,secondary_only,1.3495949999999999,4
False,True,SURVIVOR_G3_G4a,42.7,0.04999999999999996,short,1.1757199999999999,1.17552,1.1717199999999999,TP,2026-04-22T15:03:00.000Z,,2,578,False,1.17577,True,1.95,1.681818181818209,,,,20.000000000000018,1H,ASIA,True,1.1777199999999999,TRADE_TAKEN,True,EUR/USD,2026-04-22T05:25:00.000Z,1.1717199999999999,secondary_only,,6.5
False,True,SURVIVOR_G3_G4a,40.8,0.060000000000000005,long,1.350155,1.350095,1.347655,SL,2026-04-23T17:09:00.000Z,,-0.9999999999999787,1494,True,1.35008,True,-1.0599999999999787,-1.0614754098360657,,,,25,5m,NEWYORK,True,1.347655,TRADE_TAKEN,True,GBP/USD,2026-04-22T16:15:00.000Z,1.3551549999999999,secondary_only,,4
False,True,SURVIVOR_G3_G4a,40.6,0.044,long,159.32408,159.35944,159.82408,TP,2026-04-23T17:42:00.000Z,,2,1007,True,159.31858,True,1.956,1.5897112419400312,,,,25,1H,ASIA,True,159.07408,TRADE_TAKEN,True,USD/JPY,2026-04-23T00:55:00.000Z,159.82408,secondary_only,,5.5
False,True,SURVIVOR_G3_G4a,41.7,0.044,long,159.53143,159.52999,159.28143,SL,2026-04-24T23:02:00.000Z,,-1,1727,True,159.52593,True,-1.044,-1.044254908271645,,,,25,1H,NEWYORK,True,159.28143,TRADE_TAKEN,True,USD/JPY,2026-04-23T18:15:00.000Z,160.03143,secondary_only,,4
False,True,SURVIVOR_G3_G4a,43.8,0.044,long,159.34731000000002,159.34851,159.09731000000002,SL,2026-04-26T11:41:00.000Z,,-1,1946,True,159.34181,True,-1.044,-1.0437898089172004,2.4690000000020973,0.09876000000008389,,25,1H,ASIA,True,159.09731000000002,TRADE_TAKEN,True,USD/JPY,2026-04-25T03:15:00.000Z,159.84731000000002,secondary_only,159.31712,4
False,True,SURVIVOR_G3_G4a,41.2,0.02103672821503339,long,159.55315000000002,159.54577,160.59894000000003,TP,2026-04-30T04:34:00.000Z,,2,2194,False,159.54765,True,1.9789632717849666,2.021609458502732,,,,52.289500000000544,1H,NEWYORK,True,159.030255,TRADE_TAKEN,True,USD/JPY,2026-04-28T16:00:00.000Z,160.59894000000003,secondary_only,,6
False,True,SURVIVOR_G3_G4a,45.7,0.04999999999999996,short,1.1706999999999999,1.1707299999999998,1.1666999999999998,TP,2026-04-29T18:42:00.000Z,,2,647,False,1.17075,True,1.95,1.9949238578679818,-4.725000000000978,-0.2362500000000487,,20.000000000000018,1H,LONDON,True,1.1726999999999999,TRADE_TAKEN,True,EUR/USD,2026-04-29T07:55:00.000Z,1.1666999999999998,secondary_only,1.1712225,5
False,True,SURVIVOR_G3_G4a,43.8,0.060000000000000005,long,1.357745,1.3580050000000001,1.355245,SL,2026-05-04T10:03:00.000Z,,-0.9999999999999787,868,True,1.35767,True,-1.0599999999999787,-1.0543478260869545,2.8999999999990145,0.11599999999996058,,25,5m,NEWYORK,True,1.355245,TRADE_TAKEN,True,GBP/USD,2026-05-03T19:35:00.000Z,1.3627449999999999,secondary_only,1.35738,4
False,True,SURVIVOR_G3_G4a,43.5,0.04999999999999996,long,1.1734600000000002,1.17341,1.1714600000000002,SL,2026-05-04T08:03:00.000Z,,-1,228,True,1.17341,True,-1.05,-1.051282051282054,-3.874999999999851,-0.19374999999999237,,20.000000000000018,1H,ASIA,True,1.1714600000000002,TRADE_TAKEN,True,EUR/USD,2026-05-04T04:15:00.000Z,1.1774600000000002,secondary_only,1.1737975,4
False,True,SURVIVOR_G3_G4a,43.5,0.023058862988427842,short,156.75869999999998,156.75448999999998,157.23574,SL,2026-05-04T15:51:00.000Z,,-1,641,True,156.7642,True,-1.0230588629884279,-1.022857142857142,,,,47.704000000001656,5m,ASIA,True,157.23574,TRADE_TAKEN,True,USD/JPY,2026-05-04T05:10:00.000Z,155.80461999999994,secondary_only,,5.5
False,True,SURVIVOR_G3_G4a,43.8,0.060000000000000005,long,1.359485,1.359715,1.356985,SL,2026-05-07T19:25:00.000Z,,-0.9999999999999787,1160,False,1.35941,True,-1.0599999999999787,-1.054945054945057,,,,25,1H,ASIA,True,1.356985,TRADE_TAKEN,True,GBP/USD,2026-05-07T00:05:00.000Z,1.364485,secondary_only,,5.5
False,True,SURVIVOR_G3_G4a,43.5,0.044,short,156.36987,156.35817999999998,156.61987,SL,2026-05-07T16:19:00.000Z,,-1,749,True,156.37537,True,-1.044,-1.042034468263974,,,,25,5m,ASIA,True,156.61987,TRADE_TAKEN,True,USD/JPY,2026-05-07T03:50:00.000Z,155.86987,secondary_only,,4
False,True,SURVIVOR_G3_G4a,49.2,0.060000000000000005,short,1.362835,1.362805,1.3578350000000001,TP,2026-05-10T20:16:00.000Z,,1.9999999999999574,1571,True,1.36291,True,1.9399999999999573,1.9051383399209758,,,,25,1H,NEWYORK,True,1.365335,TRADE_TAKEN,True,GBP/USD,2026-05-09T18:05:00.000Z,1.3578350000000001,secondary_only,,4.5
False,True,SURVIVOR_G3_G4a,46.7,0.044,short,158.90099999999998,158.90296999999998,159.15099999999998,SL,2026-05-19T09:00:00.000Z,,-1,1490,True,158.9065,True,-1.044,-1.0443494738539694,-4.626000000001795,-0.1850400000000718,,25,5m,LONDON,True,159.15099999999998,TRADE_TAKEN,True,USD/JPY,2026-05-18T08:10:00.000Z,158.40099999999998,secondary_only,158.95276,5
False,True,SURVIVOR_G3_G4a,44.8,0.04999999999999996,short,1.16468,1.16479,1.16068,TP,2026-05-19T13:25:00.000Z,,2,1300,True,1.16473,True,1.95,2.1216931216932116,-3.174999999999706,-0.15874999999998515,,20.000000000000018,5m,OVERLAP,True,1.16668,TRADE_TAKEN,True,EUR/USD,2026-05-18T15:45:00.000Z,1.16068,secondary_only,1.1650475,4
False,True,SURVIVOR_G3_G4a,41.7,0.044,long,158.86620000000002,158.85693,159.36620000000002,TP,2026-05-24T18:24:00.000Z,,2,5549,False,158.8607,True,1.956,2.0698292693060525,,,,25,5m,OFF,True,158.61620000000002,TRADE_TAKEN,True,USD/JPY,2026-05-20T21:55:00.000Z,159.36620000000002,secondary_only,,4
False,True,SURVIVOR_G3_G4a,42.6,0.04999999999999996,short,1.16247,1.16241,1.1584699999999999,TP,2026-05-21T13:34:00.000Z,,2,844,True,1.16252,True,1.95,1.8640776699029837,-1.80000000000069,-0.09000000000003441,,20.000000000000018,1H,OFF,True,1.16447,TRADE_TAKEN,True,EUR/USD,2026-05-20T23:30:00.000Z,1.1584699999999999,secondary_only,1.1627,4
False,True,SURVIVOR_G3_G4a,41.7,0.060000000000000005,long,1.342555,1.342435,1.340055,SL,2026-05-21T13:39:00.000Z,,-0.9999999999999787,649,False,1.34248,True,-1.0599999999999787,-1.0630252100840323,,,,25,1H,ASIA,True,1.340055,TRADE_TAKEN,True,GBP/USD,2026-05-21T02:50:00.000Z,1.3475549999999998,secondary_only,,4.5
False,True,SURVIVOR_G3_G4a,40.2,0.04999999999999996,short,1.16187,1.1617499999999998,1.16387,SL,2026-05-24T19:17:00.000Z,,-1,4427,False,1.16192,True,-1.05,-1.047169811320752,,,,20.000000000000018,1H,NEWYORK,True,1.16387,TRADE_TAKEN,True,EUR/USD,2026-05-21T17:30:00.000Z,1.15787,secondary_only,,4
False,True,SURVIVOR_G3_G4a,40.6,0.04999999999999996,long,1.1638400000000002,1.1639000000000002,1.1618400000000002,SL,2026-05-26T13:55:00.000Z,,-1,825,True,1.16379,True,-1.05,-1.0485436893203894,0.4500000000007276,0.02250000000003636,,20.000000000000018,1H,ASIA,True,1.1618400000000002,TRADE_TAKEN,True,EUR/USD,2026-05-26T00:10:00.000Z,1.1678400000000002,secondary_only,1.163745,4
False,True,SURVIVOR_G3_G4a,40.2,0.060000000000000005,long,1.3484150000000001,1.348425,1.3459150000000002,SL,2026-05-26T13:55:00.000Z,,-0.9999999999999787,235,True,1.34834,True,-1.0599999999999787,-1.0597609561753039,5.60000000000116,0.22400000000004638,,25,1H,LONDON,True,1.3459150000000002,TRADE_TAKEN,True,GBP/USD,2026-05-26T10:00:00.000Z,1.353415,secondary_only,1.34778,5
False,True,REJECTED,41.7,0.04999999999999996,short,1.1536199999999999,1.15363,1.1496199999999999,TP,2026-03-29T14:07:00.000Z,G19 Tier 1 minimum;G9 Min confluence,2,492,True,1.15367,True,1.95,1.9648241206031127,,,,20.000000000000018,1H,ASIA,True,1.1556199999999999,TRADE_TAKEN,True,EUR/USD,2026-03-29T05:55:00.000Z,1.1496199999999999,secondary_only,,4.5
False,True,REJECTED,46.9,0.09999999999999869,long,0.5712400000000001,0.57111,0.5694400000000001,SL,2026-04-03T15:10:00.000Z,G19 Tier 1 minimum;G4a Instrument enabled;G9 Min confluence;legacy HTF bias,-1,1740,True,0.57115,True,-1.0999999999999988,-1.1077844311377278,9.550000000000392,0.5305555555555703,,18.000000000000238,1H,LONDON,True,0.5694400000000001,TRADE_TAKEN,True,NZD/USD,2026-04-02T10:10:00.000Z,0.5748400000000001,secondary_only,0.570195,6
False,True,REJECTED,41.7,0.09999999999999869,long,0.58375,0.58379,0.58195,SL,2026-04-12T19:07:00.000Z,G19 Tier 1 minimum;G3 Structural Conviction;G4a Instrument enabled;G9 Min confluence;legacy HTF bias,-1,3027,True,0.58366,True,-1.0999999999999988,-1.0978260869565184,,,,18.000000000000238,1H,NEWYORK,True,0.58195,TRADE_TAKEN,True,NZD/USD,2026-04-10T16:40:00.000Z,0.58735,secondary_only,,4.5
False,True,REJECTED,40.2,0.04999999999999996,short,1.17967,1.17967,1.18167,SL,2026-04-16T02:43:00.000Z,G19 Tier 1 minimum;G3 Structural Conviction,-1,398,False,1.17972,True,-1.05,-1.05,-6.599999999998829,-0.3299999999999412,,20.000000000000018,1H,NEWYORK,True,1.18167,TRADE_TAKEN,True,EUR/USD,2026-04-15T20:05:00.000Z,1.17567,secondary_only,1.18038,4.5
False,True,REJECTED,41.3,0.05815831987075798,short,0.5889,0.5889,0.591995,SL,2026-04-21T01:41:00.000Z,G19 Tier 1 minimum;G3 Structural Conviction;G4a Instrument enabled;G9 Min confluence,-1,3321,True,0.58899,True,-1.058158319870758,-1.058158319870758,,,,30.9500000000007,1H,NEWYORK,True,0.591995,TRADE_TAKEN,True,NZD/USD,2026-04-18T18:20:00.000Z,0.5827099999999998,secondary_only,,6
False,True,REJECTED,43.5,0.060000000000000005,long,1.350975,1.3510550000000001,1.348475,SL,2026-04-21T19:42:00.000Z,G19 Tier 1 minimum,-0.9999999999999787,27,False,1.3509,True,-1.0599999999999787,-1.0581395348837204,13.050000000001116,0.5220000000000447,,25,1H,NEWYORK,True,1.348475,TRADE_TAKEN,True,GBP/USD,2026-04-21T19:15:00.000Z,1.355975,secondary_only,1.3495949999999999,4
False,True,REJECTED,40.6,0.08888888888888773,long,1.36877,1.36863,1.36697,SL,2026-04-24T17:18:00.000Z,G19 Tier 1 minimum;G4a Instrument enabled;G9 Min confluence,-1,153,False,1.36869,True,-1.0888888888888877,-1.096385542168675,,,,18.000000000000238,1H,OVERLAP,True,1.36697,TRADE_TAKEN,True,USD/CAD,2026-04-24T14:45:00.000Z,1.37237,secondary_only,,4.5
False,True,REJECTED,50,0.08888888888888773,short,1.36814,1.3681599999999998,1.36994,SL,2026-04-29T13:46:00.000Z,G19 Tier 1 minimum;G3 Structural Conviction;G4a Instrument enabled;G9 Min confluence,-1,1251,True,1.36822,True,-1.0888888888888877,-1.0898876404494324,,,,18.000000000000238,1H,NEWYORK,True,1.36994,TRADE_TAKEN,True,USD/CAD,2026-04-28T16:55:00.000Z,1.3645399999999999,secondary_only,,5.5
False,True,REJECTED,43.8,0.060000000000000005,long,1.357745,1.3580050000000001,1.355245,SL,2026-05-04T10:03:00.000Z,G19 Tier 1 minimum;G9 Min confluence,-0.9999999999999787,868,True,1.35767,True,-1.0599999999999787,-1.0543478260869545,2.8999999999990145,0.11599999999996058,,25,5m,NEWYORK,True,1.355245,TRADE_TAKEN,True,GBP/USD,2026-05-03T19:35:00.000Z,1.3627449999999999,secondary_only,1.35738,4
False,True,REJECTED,43.5,0.09999999999999869,short,0.59649,0.5961299999999999,0.5928899999999999,TP,2026-05-13T09:12:00.000Z,G19 Tier 1 minimum;G4a Instrument enabled;G9 Min confluence,2,6997,True,0.59658,True,1.9000000000000012,1.4166666666666428,,,,18.000000000000238,1H,OVERLAP,True,0.59829,TRADE_TAKEN,True,NZD/USD,2026-05-08T12:35:00.000Z,0.5928899999999999,secondary_only,,5.5
False,True,REJECTED,41.7,0.08888888888888773,long,1.3702800000000002,1.3701400000000001,1.3738800000000002,TP,2026-05-15T01:23:00.000Z,G19 Tier 1 minimum;G4a Instrument enabled;legacy HTF bias,2,2433,True,1.3702,True,1.9111111111111123,2.1566265060241494,6.300000000001305,0.35000000000006787,,18.000000000000238,1H,LONDON,True,1.3684800000000001,TRADE_TAKEN,True,USD/CAD,2026-05-13T08:50:00.000Z,1.3738800000000002,secondary_only,1.36957,4
False,True,REJECTED,42.6,0.04999999999999996,short,1.16247,1.16241,1.1584699999999999,TP,2026-05-21T13:34:00.000Z,G19 Tier 1 minimum;G9 Min confluence;legacy HTF bias,2,844,True,1.16252,True,1.95,1.8640776699029837,-1.80000000000069,-0.09000000000003441,,20.000000000000018,1H,OFF,True,1.16447,TRADE_TAKEN,True,EUR/USD,2026-05-20T23:30:00.000Z,1.1584699999999999,secondary_only,1.1627,4
False,True,REJECTED,40.2,0.060000000000000005,long,1.3484150000000001,1.348425,1.3459150000000002,SL,2026-05-26T13:55:00.000Z,G19 Tier 1 minimum;G9 Min confluence;legacy HTF bias,-0.9999999999999787,235,True,1.34834,True,-1.0599999999999787,-1.0597609561753039,5.60000000000116,0.22400000000004638,,25,1H,LONDON,True,1.3459150000000002,TRADE_TAKEN,True,GBP/USD,2026-05-26T10:00:00.000Z,1.353415,secondary_only,1.34778,5
False,True,REJECTED,43.5,0.060000000000000005,long,1.3457050000000002,1.3457050000000002,1.3432050000000002,SL,2026-06-01T13:31:00.000Z,G19 Tier 1 minimum;G9 Min confluence,-0.9999999999999787,1236,True,1.34563,True,-1.0599999999999787,-1.0600000000000014,0.9000000000014552,0.03600000000005821,,25,15m,NEWYORK,True,1.3432050000000002,TRADE_TAKEN,True,GBP/USD,2026-05-31T16:55:00.000Z,1.350705,secondary_only,1.34554,4
False,True,REJECTED,42.7,0.07777777777777675,long,0.70469,0.7042700000000001,0.70289,SL,2026-06-07T19:17:00.000Z,G19 Tier 1 minimum;G4a Instrument enabled,-1,137,False,0.70462,True,-1.0777777777777768,-1.1014492753623153,,,,18.000000000000238,1H,NEWYORK,True,0.70289,TRADE_TAKEN,True,AUD/USD,2026-06-07T17:00:00.000Z,0.7082900000000001,secondary_only,,4.5
False,True,REJECTED,45.7,0.04999999999999996,long,1.1546800000000002,1.1546800000000002,1.1526800000000001,SL,2026-06-10T23:13:00.000Z,G19 Tier 1 minimum;G9 Min confluence,-1,1173,True,1.15463,True,-1.05,-1.05,3.6999999999998145,0.18499999999999056,,20.000000000000018,1H,ASIA,True,1.1526800000000001,TRADE_TAKEN,True,EUR/USD,2026-06-10T03:40:00.000Z,1.1586800000000002,secondary_only,1.15426,5
False,True,REJECTED,40.6,0.09999999999999869,long,0.58464,0.5846,0.58284,SL,2026-06-15T17:33:00.000Z,G19 Tier 1 minimum;G3 Structural Conviction;G4a Instrument enabled;G9 Min confluence;legacy HTF bias,-1,588,True,0.58455,True,-1.0999999999999988,-1.1022727272727282,9.500000000000064,0.5277777777777743,,18.000000000000238,1H,LONDON,True,0.58284,TRADE_TAKEN,True,NZD/USD,2026-06-15T07:45:00.000Z,0.5882400000000001,secondary_only,0.5836,4
False,True,REJECTED,47.9,0.044,long,161.29940000000002,161.29725000000002,161.79940000000002,TP,2026-06-22T13:16:00.000Z,G19 Tier 1 minimum;G3 Structural Conviction;G9 Min confluence,2,2231,True,161.2939,True,1.956,1.9816421222513656,,,,25,5m,ASIA,True,161.04940000000002,TRADE_TAKEN,True,USD/JPY,2026-06-21T00:05:00.000Z,161.79940000000002,secondary_only,,5
False,True,REJECTED,47.9,0.08888888888888773,short,0.80957,0.80935,0.81137,SL,2026-07-01T12:37:00.000Z,G19 Tier 1 minimum;G4a Instrument enabled,-1,5412,False,0.80965,True,-1.0888888888888877,-1.0792079207920784,-1.500000000000945,-0.08333333333338473,,18.000000000000238,15m,NEWYORK,True,0.81137,TRADE_TAKEN,True,USD/CHF,2026-06-27T18:25:00.000Z,0.80597,primary,0.8098000000000001,4.5
False,True,REJECTED,44.8,0.09999999999999869,long,0.56996,0.5699700000000001,0.56816,SL,2026-07-06T08:52:00.000Z,G19 Tier 1 minimum;G4a Instrument enabled;G9 Min confluence,-1,4952,True,0.56987,True,-1.0999999999999988,-1.0994475138121498,5.049999999999777,0.28055555555553946,,18.000000000000238,15m,OFF,True,0.56816,TRADE_TAKEN,True,NZD/USD,2026-07-02T22:20:00.000Z,0.5735600000000001,primary,0.569365,4
False,True,REJECTED,41.3,0.044,long,162.35042,162.33674000000002,162.10042,SL,2026-07-10T00:51:00.000Z,G19 Tier 1 minimum;G3 Structural Conviction,-1,391,False,162.34492,True,-1.044,-1.0465470548408924,,,,25,1H,NEWYORK,True,162.10042,TRADE_TAKEN,True,USD/JPY,2026-07-09T18:20:00.000Z,162.85042,primary,,4
False,True,REJECTED,41.3,0.060000000000000005,short,1.338995,1.338865,1.3414949999999999,SL,2026-07-14T12:30:00.000Z,G19 Tier 1 minimum;G3 Structural Conviction;G9 Min confluence;legacy HTF bias,-0.9999999999999787,1445,True,1.33907,True,-1.0599999999999787,-1.0570342205323213,-7.800000000000029,-0.31200000000000117,,25,1H,OVERLAP,True,1.3414949999999999,TRADE_TAKEN,True,GBP/USD,2026-07-13T12:25:00.000Z,1.333995,primary,1.33985,4
False,True,REJECTED,47.9,0.044,short,162.43070999999998,162.38449,162.68070999999998,SL,2026-07-21T08:31:00.000Z,G19 Tier 1 minimum;G9 Min confluence,-1,2086,False,162.43621,True,-1.044,-1.0371345621497565,0.873499999997307,0.03493999999989228,,25,1H,OFF,True,162.68070999999998,TRADE_TAKEN,True,USD/JPY,2026-07-19T21:45:00.000Z,161.93070999999998,primary,162.42747500000002,4.5
False,True,REJECTED,45.8,0.08888888888888773,short,1.4094099999999998,1.4093799999999999,1.4112099999999999,SL,2026-07-26T19:34:00.000Z,G19 Tier 1 minimum;G4a Instrument enabled,-1,304,False,1.40949,True,-1.0888888888888877,-1.0874316939890711,,,,18.000000000000238,5m,OVERLAP,True,1.4112099999999999,TRADE_TAKEN,True,USD/CAD,2026-07-26T14:30:00.000Z,1.4058099999999998,primary,,4.5
False,True,REJECTED,41.9,0.08888888888888773,long,1.40921,1.4092,1.40741,SL,2026-07-29T18:01:00.000Z,G19 Tier 1 minimum;G4a Instrument enabled;G9 Min confluence;legacy HTF bias,-1,631,True,1.40913,True,-1.0888888888888877,-1.0893854748603373,4.999999999999449,0.2777777777777435,,18.000000000000238,1H,LONDON,True,1.40741,TRADE_TAKEN,True,USD/CAD,2026-07-29T07:30:00.000Z,1.4128100000000001,primary,1.40863,5.5
False,True,REJECTED,43.8,0.07777777777777675,short,0.70168,0.70163,0.70348,SL,2026-08-04T10:48:00.000Z,G19 Tier 1 minimum;G3 Structural Conviction;G4a Instrument enabled;G9 Min confluence,-1,448,False,0.70175,True,-1.0777777777777768,-1.075675675675675,,,,18.000000000000238,1H,ASIA,True,0.70348,TRADE_TAKEN,True,AUD/USD,2026-08-04T03:20:00.000Z,0.6980799999999999,primary,,4.5
False,True,REJECTED,47.8,0.08888888888888773,short,0.81405,0.8141,0.81045,TP,2026-08-17T07:11:00.000Z,G19 Tier 1 minimum;G4a Instrument enabled,2,4571,True,0.81413,True,1.9111111111111123,1.994285714285705,-1.5999999999993797,-0.08888888888885325,,18.000000000000238,1H,ASIA,True,0.8158500000000001,TRADE_TAKEN,True,USD/CHF,2026-08-14T03:00:00.000Z,0.81045,primary,0.81429,4.5
False,True,REJECTED,41.7,0.09999999999999869,short,0.59503,0.5950599999999999,0.5914299999999999,TP,2026-08-28T15:42:00.000Z,G19 Tier 1 minimum;G3 Structural Conviction;G4a Instrument enabled;G9 Min confluence;legacy HTF bias,2,1382,False,0.59512,True,1.9000000000000012,1.9491525423728397,,,,18.000000000000238,1H,NEWYORK,True,0.59683,TRADE_TAKEN,True,NZD/USD,2026-08-27T16:40:00.000Z,0.5914299999999999,primary,,4.5
False,True,REJECTED,41.7,0.04999999999999996,long,1.1614200000000001,1.1614300000000002,1.1594200000000001,SL,2026-09-10T12:36:00.000Z,G19 Tier 1 minimum;G3 Structural Conviction;G9 Min confluence,-1,7936,False,1.16137,True,-1.05,-1.049751243781093,2.4000000000001798,0.12000000000000888,,20.000000000000018,15m,ASIA,True,1.1594200000000001,TRADE_TAKEN,True,EUR/USD,2026-09-05T00:20:00.000Z,1.1654200000000001,primary,1.16113,4
False,True,REJECTED,40.4,0.060000000000000005,short,1.348925,1.349075,1.343925,TP,2026-09-16T18:01:00.000Z,G19 Tier 1 minimum;G9 Min confluence,1.9999999999999574,1676,True,1.349,True,1.9399999999999573,2.127659574468214,,,,25,1H,OVERLAP,True,1.3514249999999999,TRADE_TAKEN,True,GBP/USD,2026-09-15T14:05:00.000Z,1.343925,primary,,6.5
