H1,H2,dexp_BTCUSD,dexp_CHFJPY,dexp_ETHUSD,dexp_EURUSD,dexp_GBPUSD,dexp_NZDCAD,dexp_NZDCHF,dexp_USDJPY,factor,neg,pos,verdict
0.021,0.1898,0.0639,0.3831,0.0789,0.2584,-0.3309,0.1068,0.2252,-0.1274,Market Structure,2,6,CONTEXT_DEPENDENT
-0.0003,-0.0887,-0.072,-0.0583,-0.0072,-0.0838,-0.0613,0.1232,-0.0812,-0.0816,Order Block,6,1,CONTEXT_DEPENDENT
,,,,,,,,,,Fair Value Gap,,,INSUFFICIENT
-0.0078,-0.011,0.0028,-0.1275,-0.1214,0.0079,0.207,0.1042,-0.023,-0.088,Premium/Discount & Fib,4,2,NOISE_UNSTABLE
0.0609,0.1013,0.1774,0.1049,-0.0048,0.0034,0.0956,0.0552,0.1092,0.1649,Session Quality,0,6,ROBUST_POSITIVE
-0.0552,0.0337,-0.2085,0.1561,-0.0436,0.248,0.2353,-0.2351,-0.0441,0.0589,Judas Swing,4,4,NOISE_UNSTABLE
,,,,,,,,,,PD/PW Levels,,,INSUFFICIENT
0.0222,0.0105,0.0487,0.0156,-0.0386,0.0018,0.0224,0.0902,0.0835,-0.0686,Reversal Candle,2,4,NOISE_UNSTABLE
0.0128,0.0004,0.2036,-0.0211,-0.1186,0.1204,0.0113,-0.0955,0.11,-0.2438,Liquidity Sweep,4,3,NOISE_UNSTABLE
0.041,0.0826,0.0442,-0.0491,0.1079,-0.0378,0.2317,0.0632,-0.0169,0.0065,Displacement,2,4,CONTEXT_DEPENDENT
-0.0284,-0.0364,-0.0198,-0.0764,-0.0593,0.1251,0.0425,-0.0072,-0.0256,-0.1127,Breaker Block,4,2,CONTEXT_DEPENDENT
,,,,,,,,,,Unicorn Model,,,INSUFFICIENT
,,,,,,,,,,SMT Divergence,,,INSUFFICIENT
-0.1636,-0.0179,-0.0479,0.0871,-0.0867,-0.2412,0.0596,-0.0226,0.252,-0.4285,Volume Profile,5,3,NOISE_UNSTABLE
0.088,-0.0586,0.0288,-0.1181,0.1717,-0.2523,0.0106,0.0621,0.3613,-0.1128,AMD Phase,3,4,NOISE_UNSTABLE
,,,,,,,,,,Currency Strength,,,INSUFFICIENT
-0.0642,0.0345,-0.0434,-0.0197,-0.0629,-0.2102,0.1676,-0.0049,0.2878,-0.0931,Daily Bias,4,2,NOISE_UNSTABLE
,,,,,,,,,,Confluence Stack,,,INSUFFICIENT
-0.0171,0.0188,0.0765,0.0524,0.0941,-0.0124,-0.2724,0.1001,-0.0617,0.0031,Pullback Health,2,4,NOISE_UNSTABLE
-0.0598,0.0151,-0.1268,0.2025,0.1215,0.1075,-0.1642,0.2131,-0.2647,0.0771,HTF POI Alignment,3,5,NOISE_UNSTABLE
-0.0953,-0.002,-0.0295,-0.1045,0.0619,-0.4249,-0.1754,0.2101,0.0711,0.0115,HTF Fib + PD + Liquidity,4,3,NOISE_UNSTABLE
,,,,,,,,,,GP Key Level Alignment,,,INSUFFICIENT
-0.0701,0.2385,0.0109,-0.2445,0.0227,-0.3061,-0.2059,0.352,-0.2714,0.0417,Session Affinity,4,3,NOISE_UNSTABLE
0.069,0.0365,0.1557,-0.0896,0.1379,-0.0846,-0.101,0.0097,0.4516,-0.0897,Power of 3 Combo,4,3,CONTEXT_DEPENDENT
,,,,,,,,,,Regime Alignment,,,INSUFFICIENT
,,,,,,,,,,Spread Quality,,,INSUFFICIENT
,,,,,,,,,,GP Bias Confidence,,,INSUFFICIENT
