cohort,band,n,wr,gross_exp,net_exp,pf
PORTFOLIO,<20,4288,0.3008,-0.0975,-0.1971,0.7451
PORTFOLIO,20-29.9,13232,0.3015,-0.0956,-0.1965,0.7455
PORTFOLIO,30-39.9,13380,0.3119,-0.0643,-0.1666,0.7811
PORTFOLIO,40-49.9,3857,0.3031,-0.0907,-0.1957,0.7467
PORTFOLIO,50-59.9,416,0.3365,0.0096,-0.1058,0.8571
PORTFOLIO,60+,14,0.2857,-0.1429,-0.2538,0.6833
FX,<20,2801,0.322,-0.0339,-0.1426,0.8119
FX,20-29.9,8645,0.3284,-0.0148,-0.1264,0.8316
FX,30-39.9,9170,0.325,-0.0251,-0.1367,0.8187
FX,40-49.9,2684,0.3197,-0.041,-0.153,0.7987
FX,50-59.9,293,0.3413,0.0239,-0.1019,0.863
FX,60+,13,0.3077,-0.0769,-0.1961,0.7504
CRYPTO,<20,1487,0.2609,-0.2172,-0.2997,0.6263
CRYPTO,20-29.9,4587,0.2507,-0.2479,-0.3286,0.5954
CRYPTO,30-39.9,4210,0.2834,-0.1499,-0.2316,0.7015
CRYPTO,40-49.9,1173,0.2651,-0.2046,-0.2935,0.6339
CRYPTO,50-59.9,123,0.3252,-0.0244,-0.1153,0.8429
CRYPTO,60+,1,0.0,-1.0,-1.0038,0.0
EUR/USD,<20,480,0.3854,0.1562,0.1076,1.1668
EUR/USD,20-29.9,1387,0.3814,0.1442,0.0953,1.1468
EUR/USD,30-39.9,1459,0.4236,0.2707,0.2213,1.3656
EUR/USD,40-49.9,424,0.408,0.2241,0.1744,1.2806
EUR/USD,50-59.9,29,0.2759,-0.1724,-0.2224,0.7075
GBP/USD,<20,613,0.4633,0.3899,0.3311,1.5824
GBP/USD,20-29.9,1627,0.4591,0.3774,0.3183,1.5555
GBP/USD,30-39.9,1554,0.4118,0.2355,0.1771,1.2841
GBP/USD,40-49.9,419,0.4129,0.2387,0.1798,1.2891
GBP/USD,50-59.9,38,0.5526,0.6579,0.6001,2.268
GBP/USD,60+,3,1.0,2.0,1.9474,
USD/JPY,<20,376,0.3351,0.0053,-0.0337,0.9514
USD/JPY,20-29.9,1285,0.2802,-0.1595,-0.201,0.7324
USD/JPY,30-39.9,1536,0.2923,-0.123,-0.1652,0.7763
USD/JPY,40-49.9,474,0.3017,-0.0949,-0.1367,0.8124
USD/JPY,50-59.9,43,0.3256,-0.0233,-0.0673,0.9045
USD/JPY,60+,3,0.0,-1.0,-1.044,0.0
BTC/USD,<20,773,0.1992,-0.4023,-0.5362,0.4093
BTC/USD,20-29.9,2279,0.1961,-0.4116,-0.5469,0.4015
BTC/USD,30-39.9,2106,0.2479,-0.2564,-0.3926,0.5406
BTC/USD,40-49.9,653,0.2312,-0.3063,-0.444,0.4921
BTC/USD,50-59.9,73,0.3014,-0.0959,-0.2332,0.7049
ETH/USD,<20,714,0.3277,-0.0168,-0.0438,0.9364
ETH/USD,20-29.9,2308,0.3046,-0.0862,-0.1131,0.8411
ETH/USD,30-39.9,2104,0.3189,-0.0433,-0.0705,0.8989
ETH/USD,40-49.9,520,0.3077,-0.0769,-0.1044,0.853
ETH/USD,50-59.9,50,0.36,0.08,0.0569,1.0875
ETH/USD,60+,1,0.0,-1.0,-1.0038,0.0
CHF/JPY,<20,371,0.2668,-0.1995,-0.3205,0.6106
CHF/JPY,20-29.9,1370,0.3175,-0.0474,-0.1752,0.7728
CHF/JPY,30-39.9,1580,0.3278,-0.0165,-0.1494,0.8038
CHF/JPY,40-49.9,486,0.2922,-0.1235,-0.2581,0.6785
CHF/JPY,50-59.9,60,0.2667,-0.2,-0.3298,0.601
CHF/JPY,60+,1,0.0,-1.0,-1.14,0.0
NZD/CAD,<20,423,0.2766,-0.1702,-0.3417,0.5969
NZD/CAD,20-29.9,1411,0.3005,-0.0985,-0.2713,0.6692
NZD/CAD,30-39.9,1376,0.2696,-0.1911,-0.3631,0.5761
NZD/CAD,40-49.9,411,0.3066,-0.0803,-0.2532,0.6887
NZD/CAD,50-59.9,66,0.4091,0.2273,0.0523,1.0753
NZD/CAD,60+,4,0.25,-0.25,-0.425,0.5177
NZD/CHF,<20,538,0.1691,-0.4926,-0.7026,0.3012
NZD/CHF,20-29.9,1565,0.2198,-0.3406,-0.5506,0.4168
NZD/CHF,30-39.9,1665,0.2306,-0.3081,-0.5181,0.4435
NZD/CHF,40-49.9,470,0.2149,-0.3553,-0.5653,0.4049
NZD/CHF,50-59.9,57,0.2456,-0.2632,-0.4732,0.4816
NZD/CHF,60+,2,0.0,-1.0,-1.21,0.0
