order_id,symbol,direction,placed_at,status,unified_entry,unified_sl,unified_tp,unified_risk_pips,impulse_entry,impulse_sl_origin,impulse_refined_sl,impulse_tp_same_ratio,impulse_risk_pips,entry_diff_pips,risk_ratio_unified_to_impulse,tp_ratio,filled_trade_pnl,filled_close_reason
a19e5654,ETH/USD,long,2026-09-28T01:25:03.085+00:00,cancelled,2691.72,2663.6034,2747.9532,2811.7,2695.0325000000003,2664.79,,2755.5175000000013,3024.3,-331.3,0.93,2.0,,
c50a4331,NZD/CAD,short,2026-10-02T17:31:04.391+00:00,expired,0.7995665,0.8007888,0.79822197,12.2,0.799535,0.80068,,0.7982755,11.4,-0.3,1.068,1.1,,
0756f0ce,GBP/USD,short,2026-10-02T15:10:09.31+00:00,cancelled,1.3255765,1.32678,1.32425265,12.0,1.3254750000000002,1.32678,,1.3240395000000005,13.0,-1.0,0.922,1.1,,
725e7a8b,GBP/USD,short,2026-10-02T13:30:20.142+00:00,cancelled,1.32303825,1.324974,1.320908925,19.4,1.32297,1.32484,1.32335,1.320913,18.7,-0.7,1.035,1.1,,
d2f3a817,CHF/JPY,long,2026-10-05T09:11:06.411+00:00,cancelled,190.23446975,189.860209,190.646156575,37.4,190.27786,189.877,190.19484,190.718806,40.1,-4.3,0.934,1.1,,
f605c05c,USD/JPY,short,2026-10-05T06:51:03.058+00:00,cancelled,158.0438255,158.2448556,157.82269239,20.1,158.016365,158.21963,158.0508,157.7927735,20.3,-2.7,0.989,1.1,,
f0ad0e2e,CHF/JPY,long,2026-10-02T13:10:24.552+00:00,filled,190.05428075,189.6964489286,190.4478957536,35.8,190.0661275,189.877,,190.2741677500317,18.9,-1.2,1.892,1.1,1146.27,tp_hit
44c447b5,ETH/USD,long,2026-09-28T01:35:04.845+00:00,cancelled,2691.72,2663.6034,2747.9532,2811.7,2695.0325000000003,2664.79,,2755.5175000000013,3024.3,-331.3,0.93,2.0,,
32978692,CHF/JPY,long,2026-10-06T09:30:06.09+00:00,filled,190.05428075,189.860209,190.267759675,19.4,190.10844,189.877,190.06054999999998,190.363024,23.1,-5.4,0.839,1.1,527.69,tp_hit
963ba45a,ETH/USD,long,2026-10-05T21:50:09.109+00:00,cancelled,2704.63325,2691.05,2719.574825,1358.3,2705,2692,2704,2719.3000000000006,1300.0,-36.7,1.045,1.1,,
4961b60d,CHF/JPY,long,2026-10-05T08:41:06.696+00:00,cancelled,190.23446975,189.860209,190.646156575,37.4,190.27786,189.877,190.19484,190.718806,40.1,-4.3,0.934,1.1,,
3f39df7b,GBP/USD,short,2026-10-05T14:10:03.666+00:00,filled,1.3209,1.3251992,1.31617088,43.0,1.3209,1.32508,1.3214000000000001,1.3163019999999999,41.8,-0.0,1.029,1.1,-971.5,sl_hit
2527bfa5,CHF/JPY,long,2026-10-05T10:51:05.288+00:00,filled,190.23446975,189.860209,190.646156575,37.4,190.27786,189.877,190.19484,190.718806,40.1,-4.3,0.934,1.1,-1283.93,sl_hit
aa0d1d46,CHF/JPY,long,2026-10-06T08:20:05.762+00:00,cancelled,190.05428075,189.877,190.249289575,17.7,190.0661275,189.877,,190.27416774999998,18.9,-1.2,0.937,1.1,,
049b24a8,GBP/USD,short,2026-10-05T13:20:04.689+00:00,cancelled,1.321785,1.3251992,1.31802938,34.1,1.3217850000000002,1.32508,1.32208,1.3181605000000003,32.9,0.0,1.036,1.1,,
02053dd6,CHF/JPY,long,2026-10-05T09:51:06.08+00:00,cancelled,190.23446975,190.1301075,190.349268225,10.4,190.27786,189.877,190.19484,190.71880600000014,40.1,-4.3,0.26,1.1,,
598e4dee,CHF/JPY,long,2026-10-06T04:10:22.695+00:00,cancelled,190.05428075,189.860209,190.267759675,19.4,189.95824,189.877,189.95045,190.04760399999998,8.1,9.6,2.389,1.1,,
4edc5a15,CHF/JPY,long,2026-10-05T08:51:05.015+00:00,cancelled,190.23446975,190.1301075,190.349268225,10.4,190.27786,189.877,190.19484,190.71880600000014,40.1,-4.3,0.26,1.1,,
ce5d223c,GBP/USD,short,2026-10-05T13:30:30.739+00:00,cancelled,1.321785,1.3251992,1.31802938,34.1,1.3217850000000002,1.32508,1.32208,1.3181605000000003,32.9,0.0,1.036,1.1,,
704ef131,EUR/USD,short,2026-10-06T13:10:06.954+00:00,cancelled,1.12577,1.12825,1.123042,24.8,1.12577,1.12719,,1.124208,14.2,-0.0,1.746,1.1,,
32f771a5,CHF/JPY,long,2026-10-05T10:11:14.06+00:00,cancelled,190.23446975,190.1301075,190.349268225,10.4,190.27786,189.877,190.19484,190.71880600000014,40.1,-4.3,0.26,1.1,,
8d774ccc,BTC/USD,short,2026-10-06T15:50:26.481+00:00,cancelled,86189.64725,86760.1822,85562.058805,57053.5,86118.17,86725.12,86161.52,85450.525,60695.0,-7147.7,0.94,1.1,,
51ac38ad,EUR/USD,short,2026-10-06T14:20:04.846+00:00,cancelled,1.12577,1.1274104,1.12396556,16.4,1.12594,1.12719,1.12608,1.124565,12.5,1.7,1.312,1.1,,
62d051cf,GBP/USD,short,2026-10-06T14:10:08.302+00:00,filled,1.3255765,1.3311858,1.31940627,56.1,1.3254750000000002,1.33093,,1.3194745000000005,54.5,-1.0,1.028,1.1,,
be7a413e,CHF/JPY,long,2026-10-02T12:50:22.081+00:00,cancelled,190.05428075,189.860209,190.267759675,19.4,190.06302,189.877,190.05911,190.26764199999997,18.6,-0.9,1.043,1.1,,
84933d58,CHF/JPY,long,2026-10-05T10:41:04.815+00:00,cancelled,190.23446975,189.860209,190.646156575,37.4,190.27786,189.877,190.19484,190.718806,40.1,-4.3,0.934,1.1,,
a06e5c92,NZD/CAD,short,2026-10-05T04:10:10.299+00:00,expired,0.800267,0.80167,0.7987237,14.0,0.80008,0.80157,0.80011,0.7984410000000002,14.9,-1.9,0.942,1.1,,
